Galaxy,Rad_kpc,Vobs,errV,Vgas,Vdisk,Vbulge,Rad_meters,V_baryonic_sq,V_baryonic,Accel,Exponent,Nu,V_calculated
F561-1,1.61,23.4,10.0,5.21,28.61,0.0,4.96846e+19,403.668866,20.091512287530772,8.124627470081272e-12,0.21091202024579797,5.258876442445577,46.07433873596148
F561-1,3.23,40.6,5.0,10.57,37.58,0.0,9.96778e+19,761.3628440000001,27.592804206894233,7.638238845560397e-12,0.2045013693813813,5.406972720130241,64.16126656814667
F561-1,4.84,45.5,5.0,15.71,39.1,0.0,1.493624e+20,950.0567000000002,30.82298979657879,6.360748756045699e-12,0.1866180830626641,5.874080007697778,74.70414357751065
F561-1,6.45,49.2,5.0,20.94,44.01,0.0,1.99047e+20,1329.448446,36.46160235096642,6.679067988967431e-12,0.19123066504654646,5.745213023807818,87.39544911744699
F561-1,8.06,50.4,5.0,25.97,48.52,0.0,2.487316e+20,1757.368484,41.9209790439107,7.065320546323826e-12,0.19668241774750192,5.600718200709357,99.20950384762445
F561-1,9.66,50.4,5.0,29.26,49.44,0.0,2.981076e+20,1980.531856,44.50316680866655,6.643681194307023e-12,0.1907234065987547,5.759078927745631,106.79906028434213
UGC03546,0.63,262.0,73.6,-0.79,82.82,389.26,1.94418e+19,72856.5741,269.9195696869717,3.7474191741505405e-09,4.529661416098365,1.0109018964689744,271.3868989614686
UGC03546,0.79,250.0,55.5,-0.85,98.9,366.12,2.43794e+19,66160.252124,257.21635275386365,2.713776882285865e-09,3.8546652839166957,1.0216390210747255,259.9844134059202
UGC03546,0.95,241.0,42.9,-0.88,113.48,343.54,2.9317e+19,60213.597720000005,245.38459144779242,2.0538799235938193e-09,3.3534136523545226,1.0362316237046,249.79038038821912
UGC03546,1.11,234.0,31.9,-0.87,126.74,322.48,3.4254600000000004e+19,55226.69078000001,235.00359737672105,1.6122415903265546e-09,2.9710821719210014,1.0540160249573187,241.26710734677988
UGC03546,1.27,228.0,28.8,-0.8,138.83,303.96,3.91922e+19,51366.74722999999,226.64233326984612,1.3106369948612223e-09,2.6788032332521663,1.0737047380929747,234.8461621599876
UGC03546,1.43,225.0,24.2,-0.68,149.76,286.96,4.41298e+19,48196.54803199999,219.53712221854414,1.0921542366382804e-09,2.4453531681640235,1.094925090681111,229.72072114734036
UGC03546,1.59,222.0,12.2,-0.44,159.73,272.22,4.90674e+19,45824.19819800001,214.065873501593,9.33903125048403e-10,2.261260088952346,1.1163443805935194,226.17600702448743
UGC03546,1.9,221.0,6.34,0.78,176.94,249.03,5.8634e+19,42929.51247,207.19438329742437,7.321607338745438e-10,2.002178622702086,1.156123841867426,222.78202998965597
UGC03546,2.06,221.0,12.2,1.08,185.04,239.17,6.35716e+19,42064.52803,205.09638716954524,6.616874206406633e-10,1.9033823701130466,1.1751759278790965,222.33582877811554
UGC03546,2.22,222.0,16.9,1.32,192.44,230.43,6.850920000000001e+19,41462.06611,203.62236151758972,6.052043537218359e-10,1.8203320892924781,1.1932774844483556,222.43144999700968
UGC03546,2.38,222.0,26.0,1.56,199.32,222.52,7.34468e+19,41054.495488,202.61908964359702,5.589691516580709e-10,1.749417729547735,1.2104707995198312,222.9243548319534
UGC03546,2.79,221.0,13.1,2.09,211.11,205.57,8.60994e+19,39944.53832000001,199.86129770418285,4.6393515309049784e-10,1.5937795267003605,1.2549512912987697,223.8938363265438
UGC03546,2.86,221.0,11.8,2.18,212.46,203.04,8.82596e+19,39732.419272,199.32992568101758,4.5017674306251095e-10,1.5699691935466136,1.2627085165909357,223.9876429616514
UGC03546,3.02,220.0,22.9,2.37,214.79,197.59,9.31972e+19,39186.830912000005,197.956638969245,4.2047219135338844e-10,1.5172887661229648,1.2809110587237422,224.0420609428466
UGC03546,4.17,205.0,8.45,2.86,211.54,168.15,1.286862e+20,33599.032886,183.30038975954199,2.6109274254737495e-10,1.195630549890708,1.4337187747300122,219.480213826735
UGC03546,5.56,190.0,13.3,-1.54,194.36,145.62,1.715816e+20,27133.628840000005,164.72288499173393,1.5813833674473258e-10,0.9305038761015034,1.6511321392644847,211.66295526756147
UGC03546,6.96,190.0,8.87,-5.89,186.95,130.15,2.147856e+20,23903.781600000002,154.60847842210984,1.11291360314658e-10,0.780603202404686,1.8454596685260638,210.0320567629033
UGC03546,8.35,198.0,3.19,-6.18,182.36,118.83,2.57681e+20,21831.032110000004,147.75328121568063,8.472115565369585e-11,0.6810759405543296,2.024587381728702,210.23518292621748
UGC03546,9.73,204.0,2.56,5.96,181.71,110.08,3.002678e+20,20798.141630000002,144.21560813587413,6.926530793511659e-11,0.615825244397283,2.174834598836147,212.6793784277602
UGC03546,11.14,204.0,1.09,14.87,174.04,102.88,3.437804e+20,19023.25626,137.92482104392957,5.533548817791823e-11,0.5504292140978909,2.3624031766450506,211.99198338323276
UGC03546,12.51,201.0,0.57,22.04,166.83,97.08,3.860586e+20,17623.878238,132.75495560618444,4.5650785238303205e-11,0.49994672676856255,2.5417028136747177,211.64749208385444
UGC03546,13.88,203.0,0.75,28.09,161.75,92.17,4.283368e+20,16731.898944,129.35184167223906,3.9062482943328716e-11,0.4624656979561017,2.700724663734339,212.57528583815042
UGC03546,15.35,202.0,0.89,32.2,157.11,87.64,4.73701e+20,15924.427982000003,126.19202820305252,3.3617045313393896e-11,0.42902181217335167,2.8665264406411133,213.65344336679485
UGC03546,16.72,198.0,1.58,34.45,151.02,83.97,5.1597919999999993e+20,14921.483098,122.15352265898844,2.8918768620905658e-11,0.3979142584263811,3.046176559339238,213.19819896918509
UGC03546,18.08,195.0,1.5,34.96,144.44,80.75,5.5794879999999993e+20,13818.600606,117.5525440218118,2.4766789723358137e-11,0.3682429674854855,3.246216147061545,211.797460836979
UGC03546,19.45,194.0,2.16,34.55,137.88,77.86,6.00227e+20,12727.316539999998,112.81540914254576,2.1204171988264436e-11,0.3407299129465637,3.463215240520789,209.94627077483494
UGC03546,20.92,192.0,6.21,33.63,131.28,75.07,6.455912e+20,11651.150817999998,107.94049665440677,1.804725779719426e-11,0.31434402825259095,3.7073802192985372,207.83466042678532
UGC03546,22.92,190.0,3.14,31.78,123.21,71.72,7.073112e+20,10359.22115,101.78025913702518,1.4645917030580035e-11,0.28317694228364687,4.054927564513749,204.95338833019767
UGC03546,25.02,191.0,14.6,29.63,116.76,68.65,7.721172e+20,9316.968146000001,96.52444325661766,1.2066779688368557e-11,0.25703679361813725,4.411889781806438,202.7447571720499
UGC03546,29.23,193.0,18.6,26.35,106.8,63.51,9.020378e+20,7796.6121459999995,88.29842663377417,8.643331960146237e-12,0.21754053874653767,5.11495846229602,199.6981403854894
UGC07603,0.34,19.6,2.89,4.29,19.73,0.0,1.04924e+19,197.469634,14.05238890722855,1.882025408867371e-11,0.32100540459309485,3.6419169688665196,26.817308047238093
UGC07603,0.68,32.5,2.89,6.17,28.0,0.0,2.09848e+19,398.7089,19.967696411954986,1.899989039685868e-11,0.3225337388907679,3.627282160758214,38.029326582330256
UGC07603,1.02,41.9,2.89,5.94,31.57,0.0,3.14772e+19,493.749454,22.2204737573257,1.5685939473650774e-11,0.293058869982812,3.9366703693057863,44.08774030751305
UGC07603,1.37,50.6,2.89,8.81,31.98,0.0,4.22782e+19,548.067484,23.41084116387107,1.296335898879328e-11,0.26641481833129876,4.275719981459422,48.40850227518914
UGC07603,1.71,57.0,2.89,15.21,31.44,0.0,5.27706e+19,686.041956,26.1924026389333,1.3000457754886243e-11,0.2667957612578046,4.270392134735674,54.12640920106448
UGC07603,2.05,60.5,2.89,17.87,29.65,0.0,6.326299999999999e+19,723.73325,26.90229079465167,1.1440071605835954e-11,0.25027298566574246,4.516471335502974,57.172724949711885
UGC07603,2.39,60.5,2.89,17.46,27.89,0.0,7.37554e+19,662.6635660000001,25.742252543241044,8.984610835274434e-12,0.22179371662226166,5.02716167669552,57.717561309687994
UGC07603,2.74,60.0,2.89,15.96,26.14,0.0,8.45564e+19,569.0394160000001,23.854547071784868,6.7297024944297546e-12,0.1919541632776542,5.725563396438209,57.0795169161423
UGC07603,3.08,61.5,2.89,15.55,24.58,0.0,9.50488e+19,519.7236439999999,22.7974481905322,5.467966392000739e-12,0.17302645959979124,6.293874559208785,57.19331622480797
UGC07603,3.42,61.5,2.89,16.29,23.19,0.0,1.055412e+20,512.741106,22.643787359891896,4.858208036292936e-12,0.16309387719813578,6.6450231580985895,58.371024691015
UGC07603,3.76,63.0,2.89,16.96,21.99,0.0,1.160336e+20,510.079246,22.584934049051373,4.395961566304933e-12,0.15514098575450022,6.958673174733395,59.577468611283216
UGC07603,4.11,64.0,2.89,17.21,20.84,0.0,1.2683460000000002e+20,495.96467600000005,22.27026438998873,3.910326330512337e-12,0.14632081260749386,7.346486799692358,60.36222283305757
UGC05716,1.03,39.15,4.06,3.65,21.66,0.0,3.17858e+19,229.134076,15.13717529792134,7.208693064198479e-12,0.19866797741063166,5.550068621702666,35.661041002338024
UGC05716,2.07,49.15,1.65,7.45,27.59,0.0,6.388019999999999e+19,405.658226,20.1409589146098,6.3502967429657395e-12,0.1864646941566589,5.87847526807118,48.8328971988211
UGC05716,3.09,55.05,0.6,11.19,26.88,0.0,9.53574e+19,457.58192399999996,21.391164624676236,4.798598997036413e-12,0.16209022782087643,6.6829049917167405,55.2989739870366
UGC05716,4.13,59.35,0.41,14.76,25.3,0.0,1.274518e+20,512.299,22.63402306263736,4.019550920426388e-12,0.14835028008327197,7.2531609033073465,60.9572561521879
UGC05716,5.16,63.85,0.46,18.24,24.0,0.0,1.592376e+20,597.6576,24.44703663023394,3.753244208654238e-12,0.1433517551898803,7.487789508313919,66.89644465025086
UGC05716,6.2,68.2,0.86,21.81,21.76,0.0,1.91332e+20,693.484996,26.33410328832178,3.624511299730312e-12,0.14087188705094933,7.610383874092757,72.64769115728097
UGC05716,7.23,71.7,1.07,25.2,19.92,0.0,2.231178e+20,817.570944,28.59319751269522,3.664301745535319e-12,0.1416430330731807,7.571800957814654,78.67963177888309
UGC05716,8.26,73.5,1.07,27.64,18.42,0.0,2.549036e+20,920.0459440000001,30.33225913116265,3.6093877999369167e-12,0.14057768145838895,7.625215665987176,83.75887263816749
UGC05716,9.28,73.15,1.0,28.96,17.21,0.0,2.8638079999999997e+20,974.926286,31.22380960100801,3.404300448912777e-12,0.1365254272299246,7.836016477162179,87.40445321100366
UGC05716,10.34,72.5,0.74,29.43,16.16,0.0,3.190924e+20,986.251876,31.40464736308943,3.0908034036536124e-12,0.13008741809466642,8.197976061848758,89.91812537192615
UGC05716,11.4,73.0,1.07,28.96,15.29,0.0,3.51804e+20,946.2222859999999,30.760726356833644,2.6896291287194003e-12,0.12135168275964628,8.750622175554296,90.99469060816284
UGC05716,12.37,74.7,2.09,27.83,14.6,0.0,3.8173819999999997e+20,872.5624999999999,29.53916891180251,2.285761550717219e-12,0.11187036749843338,9.448238213944622,90.79745787495953
UGCA442,0.42,14.2,1.91,4.87,4.78,0.0,1.29612e+19,34.227164,5.850398618897691,2.640740363546586e-12,0.12024373423656161,8.826459551052126,17.38115872412503
UGCA442,1.26,28.6,1.82,13.14,10.76,0.0,3.88836e+19,225.91729600000002,15.030545432551675,5.8100920696643316e-12,0.17835739082392948,6.121575520364857,37.18830177381889
UGCA442,2.11,41.0,1.74,19.65,13.6,0.0,6.51146e+19,471.2040999999999,21.70723612070408,7.23653527780252e-12,0.19905126641663864,5.540408049893774,51.09464735941477
UGCA442,2.96,49.0,1.91,22.42,13.29,0.0,9.13456e+19,583.903486,24.164094975810702,6.392245340771751e-12,0.18707955183928004,5.860900502029169,58.49957465002615
UGCA442,3.79,54.8,2.05,22.82,12.56,0.0,1.169594e+20,593.3190559999999,24.3581414726165,5.072863369682128e-12,0.1666580077470305,6.514193479824609,62.16908497035235
UGCA442,4.65,56.4,3.12,21.37,12.33,0.0,1.4349900000000002e+20,526.6101940000001,22.947988887917827,3.669783022878208e-12,0.14174893246116166,7.5665353086607885,63.12380396333628
UGCA442,5.48,57.8,2.83,18.73,12.04,0.0,1.691128e+20,417.495236,20.432700164197584,2.4687382386194303e-12,0.11626182212246668,9.110962128320478,61.67481888056275
UGCA442,6.33,56.5,0.65,16.75,10.62,0.0,1.953438e+20,332.44332399999996,18.23302838258088,1.7018370892754207e-12,0.09652917520365926,10.867605104536443,60.10709413098808
UGC05764,0.36,21.45,1.99,2.75,5.37,0.0,1.11096e+19,20.827474000000002,4.563712742932009,1.874727622956722e-12,0.10131382044061923,10.378763070372218,14.702496998820898
UGC05764,0.73,31.3,1.58,6.05,10.22,0.0,2.25278e+19,84.648764,9.2004762920188,3.757524658422039e-12,0.14343347584305086,7.483821849899151,25.169351791219352
UGC05764,1.09,41.7,1.16,9.4,11.44,0.0,3.3637400000000004e+19,148.561856,12.188595325138989,4.41656774899368e-12,0.15550417431481706,6.943649000115337,32.11792930544681
UGC05764,1.45,48.35,0.44,12.81,11.24,0.0,4.4747e+19,222.211396,14.906756723043413,4.9659507006056265e-12,0.1648924629985712,6.578293388126899,38.23312382049429
UGC05764,1.81,50.6,0.37,16.05,11.43,0.0,5.58566e+19,317.699154,17.824117201140705,5.6877639168871695e-12,0.17646979618210618,6.181390289784115,44.31503656331819
UGC05764,2.17,54.05,0.59,18.46,11.43,0.0,6.69662e+19,400.86825400000004,20.021694583626033,5.986128136283679e-12,0.18103919409688415,6.038744137806493,49.20102457139713
UGC05764,2.54,55.8,0.76,20.04,11.39,0.0,7.83844e+19,461.27836599999995,21.477391973887332,5.884823587346462e-12,0.1795007747362479,6.085956967022646,52.98415126520875
UGC05764,2.9,54.55,0.71,20.71,11.38,0.0,8.9494e+19,488.476124,22.101495967467905,5.458199700538584e-12,0.17287186361221848,6.299030158109027,55.4700444978387
UGC05764,3.26,50.0,2.65,20.29,11.12,0.0,1.006036e+20,468.56512399999997,21.646365145215487,4.657538338588281e-12,0.1596900373459533,6.775433268618199,56.34475778334495
UGC05764,3.62,49.9,2.77,19.63,11.17,0.0,1.117132e+20,442.73059399999994,21.041164273870397,3.963100099182549e-12,0.1473048764312914,7.300912487687947,56.85364827709918
UGC06818,0.87,23.4,5.55,3.13,27.44,0.0,2.68482e+19,356.15555600000005,18.872084039660272,1.3265528266326978e-11,0.2695019288948063,4.23297993611697,38.827816352256846
UGC06818,1.74,28.0,5.2,4.07,38.72,0.0,5.36964e+19,706.214564,26.57469781577958,1.3151990896968882e-11,0.26834614025886183,4.24886560199519,54.77783099582924
UGC06818,2.61,36.7,4.25,7.08,40.85,0.0,8.05446e+19,817.7387500000001,28.59613173140731,1.0152620411548387e-11,0.2357700728643224,4.761049741283534,62.396272838407754
UGC06818,3.5,47.6,4.25,10.56,41.42,0.0,1.0801e+20,900.6971440000001,30.011616817492524,8.339016239237108e-12,0.21367662380566613,5.197761965016447,68.42228699102465
UGC06818,4.37,63.3,4.75,13.36,40.22,0.0,1.348582e+20,922.607864,30.374460719492617,6.8413182439035965e-12,0.1935394488251876,5.6830235074935285,72.40995911689491
UGC06818,5.24,71.2,5.25,17.35,39.25,0.0,1.617064e+20,1009.6812500000001,31.775481900358333,6.2439164436287e-12,0.18489626767464798,5.923837249496963,77.3381367687938
UGC06818,6.11,68.1,6.0,19.51,37.01,0.0,1.885546e+20,1010.720546,31.7918314351344,5.3603600548594406e-12,0.17131547088517546,6.351453745138614,80.12206186301151
UGC06818,6.98,74.4,6.0,20.91,34.75,0.0,2.154028e+20,992.70685,31.507250752802918,4.6086069911811734e-12,0.15884898361738825,6.8085192197359765,82.21230849324546
NGC6789,0.1,13.9,3.84,2.8,7.62,0.0,3.086e+18,34.549624,5.877892819710138,1.1195600777705766e-11,0.24758441607718087,4.559637416225395,12.551245289090597
NGC6789,0.3,29.9,3.92,7.72,17.26,0.0,9.258e+18,196.63589600000003,14.022692180890232,2.123956534888745e-11,0.3410141623979526,3.460792450198107,26.086702058994355
NGC6789,0.51,46.7,4.1,11.07,20.43,0.0,1.57386e+19,314.54195400000003,17.73533067072616,1.998538332507339e-11,0.3307926448620108,3.5505577338521284,33.41854825386137
NGC6789,0.71,60.4,9.4,11.87,21.37,0.0,2.19106e+19,350.968274,18.734147271760197,1.6018195485290227e-11,0.29614635928422356,3.9013516060323825,37.003386864398145
NGC1003,1.25,47.0,7.6,2.05,56.98,0.0,3.8575e+19,1497.693884,38.70005018084602,3.8825505742060916e-11,0.46106076231688947,2.7071978118319118,63.67537676024256
NGC1003,2.08,59.5,4.5,6.07,64.63,0.0,6.41888e+19,1958.2818739999998,44.25247873283484,3.050815522334114e-11,0.4087027659886571,2.9807300433674064,76.40097915088278
NGC1003,2.9,71.6,3.7,10.81,74.91,0.0,8.9494e+19,2698.149826,51.943717868477606,3.0148946588598117e-11,0.4062895708095266,2.9950633991795796,89.8951043681209
NGC1003,3.73,77.6,3.1,14.74,77.71,0.0,1.151078e+20,2995.135886,54.72783465477142,2.6020268704640342e-11,0.3774465775075259,3.180761002610649,97.60538624332416
NGC1003,4.56,83.4,3.6,17.0,79.57,0.0,1.4072159999999998e+20,3201.4370539999995,56.58124295205965,2.2750146772066262e-11,0.3529325423967377,3.3627528151693373,103.75760919530639
NGC1003,5.39,89.7,3.8,19.26,79.39,0.0,1.663354e+20,3270.2227660000003,57.18586159183055,1.9660413634139217e-11,0.32809221728722987,3.575215654934012,108.12840342909354
NGC1003,6.22,93.8,2.4,21.62,73.38,0.0,1.919492e+20,2944.351624,54.26188002640528,1.5339223211141282e-11,0.2898019389355375,3.974748962548987,108.18067555193684
NGC1003,7.04,99.0,3.0,23.59,69.52,0.0,2.172544e+20,2779.682084,52.722690409348424,1.2794595110616865e-11,0.2646749725669016,4.300249500427156,109.331269511825
NGC1003,7.87,103.0,2.5,27.03,65.95,0.0,2.428682e+20,2731.34605,52.262281331759716,1.1246206996222645e-11,0.24814334920233802,4.550586103231885,111.48643584870449
NGC1003,8.7,100.0,2.3,28.5,62.8,0.0,2.6848199999999997e+20,2626.4164,51.24857461432464,9.78246735349111e-12,0.23143221228158206,4.840188500614571,112.74905967282174
NGC1003,9.54,98.3,2.0,29.19,59.81,0.0,2.9440439999999997e+20,2497.584706,49.9758412235352,8.483516910752696e-12,0.21551999492881715,5.157886829179744,113.50004079223129
NGC1003,10.34,98.4,1.7,29.29,56.87,0.0,3.190924e+20,2345.634674,48.431752745487124,7.35095750948628e-12,0.20061876815928348,5.501285534517388,113.59580142478244
NGC1003,11.21,94.5,1.8,30.27,54.18,0.0,3.459406e+20,2266.590204,47.60871983156027,6.5519635567493385e-12,0.18940233979293203,5.795539920299257,114.61288762718281
NGC1003,11.98,94.9,2.4,31.35,52.09,0.0,3.697028e+20,2230.9718260000004,47.23316447158712,6.03450075574218e-12,0.1817691918031328,6.016621445376921,115.85729555079088
NGC1003,12.85,95.3,1.6,32.24,49.97,0.0,3.9655099999999997e+20,2188.038014,46.77646859265885,5.517671154529935e-12,0.1738111007610561,6.2678494286656505,117.10803907481598
NGC1003,13.72,96.9,1.8,32.83,48.07,0.0,4.233992e+20,2140.742354,46.26815701970417,5.056085023306611e-12,0.16638217124868415,6.5241181354528095,118.17976144443405
NGC1003,14.49,97.2,1.3,33.03,46.57,0.0,4.471614e+20,2088.612754,45.701343021841275,4.6708252411769e-12,0.1599176548905993,6.766539056724233,118.88094790298976
NGC1003,15.36,100.0,1.8,33.12,45.03,0.0,4.740096e+20,2029.676814,45.05193463104553,4.281931872265879e-12,0.15311561384601688,7.043767230116004,119.56826932836091
NGC1003,16.13,104.0,2.7,32.83,43.81,0.0,4.9777179999999997e+20,1960.694306,44.279727935026884,3.9389421136352054e-12,0.14685522481669616,7.321660995362215,119.81460271631747
NGC1003,17.0,104.0,3.2,33.52,42.53,0.0,5.2462e+20,1955.6388140000004,44.22260523759314,3.7277244748579935e-12,0.1428635724071978,7.511586216108086,121.20210212256374
NGC1003,17.78,105.0,3.4,32.34,41.49,0.0,5.4869080000000007e+20,1837.7288460000004,42.86873972955119,3.3492977210479925e-12,0.1354180264461467,7.89582262113776,120.4590428061098
NGC1003,18.65,109.0,3.9,31.65,40.42,0.0,5.7553899999999997e+20,1753.259644,41.871943398891815,3.046291639662994e-12,0.12914730339749322,8.253855529818026,120.29610055124888
NGC1003,19.52,110.0,3.8,29.88,39.42,0.0,6.023872e+20,1607.625144,40.09520100959715,2.6687571449061337e-12,0.12087991077281802,8.782744087890798,118.82491417632328
NGC1003,20.29,107.0,3.8,29.39,38.61,0.0,6.261494e+20,1549.5088660000001,39.363801467846066,2.4746631810235705e-12,0.11640125201009426,9.100670801283457,118.75003197109481
NGC1003,21.16,106.0,3.8,29.0,37.75,0.0,6.529976e+20,1496.52875,38.684993860669024,2.2917829253890066e-12,0.11201762046891438,9.436499806615851,118.83599311643785
NGC1003,21.93,106.0,4.0,27.91,37.04,0.0,6.767598e+20,1410.070436,37.550904596294345,2.083561163059625e-12,0.10680774107580035,9.871516212339047,117.98107123396527
NGC1003,22.8,108.0,3.4,27.03,36.29,0.0,7.03608e+20,1336.4243860000001,36.557138646234336,1.89938770735978e-12,0.10197798224841505,10.314534995698311,117.40781957987988
NGC1003,23.67,109.0,3.2,25.65,35.58,0.0,7.304562000000001e+20,1240.253244,35.2172293629127,1.697915965392586e-12,0.09641790687753249,10.879550992838487,116.16108820139107
NGC1003,24.44,110.0,3.3,26.24,34.99,0.0,7.542184e+20,1251.715646,35.37959363814118,1.6596196088560024e-12,0.09532435645003429,10.998440801066204,117.33252077876509
NGC1003,25.31,110.0,2.7,25.85,34.35,0.0,7.810666e+20,1210.9868500000002,34.79923634219579,1.550427133870531e-12,0.09213513645339584,11.361299449954457,117.29613903623206
NGC1003,26.08,110.0,2.4,25.26,33.82,0.0,8.048288e+20,1164.2121040000002,34.120552516042295,1.4465338516713125e-12,0.08899465092968607,11.744045641317921,116.92972284902915
NGC1003,26.95,113.0,2.5,26.83,33.25,0.0,8.31677e+20,1228.40765,35.04864690683508,1.4770249147204986e-12,0.08992770575367695,11.6275364674346,119.51298986825927
NGC1003,27.73,114.0,2.2,30.76,32.76,0.0,8.557478e+20,1439.857696,37.94545685586089,1.6825724775453702e-12,0.09598127032468526,10.926696574468288,125.43081022860771
NGC1003,28.6,112.0,1.7,31.75,32.24,0.0,8.82596e+20,1486.194596,38.55119448214283,1.6838900198958528e-12,0.0960188421511,10.922622904550478,127.40935261937699
NGC1003,29.47,113.0,1.8,34.6,31.75,0.0,9.094442e+20,1660.86875,40.75375749547519,1.8262459093147224e-12,0.0999952179424621,10.508809775092372,132.1126555449759
NGC1003,30.24,115.0,1.6,37.45,31.33,0.0,9.332064e+20,1854.0241940000003,43.05838122828122,1.986724688129015e-12,0.10429619091876143,10.096767643249265,136.81977741459934
UGC07559,0.36,9.31,3.23,2.82,9.53,0.0,1.11096e+19,49.730014,7.051951077538754,4.4763100381651905e-12,0.15655238299831722,6.900679021367943,18.52487150676447
UGC07559,0.72,15.9,3.23,5.91,14.9,0.0,2.22192e+19,137.05270000000002,11.706950926693082,6.168210376611219e-12,0.18377193661628993,5.956832960216336,28.572714968071228
UGC07559,1.08,21.4,3.23,7.85,16.55,0.0,3.3328800000000004e+19,187.61765000000003,13.697359234538606,5.629295084131442e-12,0.1755604197632755,6.210667233590146,34.13547701875842
UGC07559,1.45,26.1,3.23,9.57,17.31,0.0,4.4747e+19,229.41750599999997,15.146534455115466,5.126991887724317e-12,0.16754478647497528,6.482508908041882,38.56424543934124
UGC07559,1.8,29.7,3.23,11.59,16.91,0.0,5.5548e+19,265.86422600000003,16.305343479976127,4.786206992150932e-12,0.1618807998866909,6.6908690239716,42.17656593803702
UGC07559,2.17,31.1,3.23,14.33,15.67,0.0,6.69662e+19,318.301394,17.841003166862563,4.753164939924917e-12,0.16132105210765832,6.7122565756446875,46.22251210085158
UGC07559,2.53,32.1,3.23,16.45,15.47,0.0,7.80758e+19,380.690114,19.511281710846163,4.875904108571414e-12,0.1633906427557169,6.633911357293974,50.25399955102218
CamB,0.16,1.99,1.5,1.86,3.75,0.0,4.9376e+18,9.92835,3.1509284346046327,2.010764338950097e-12,0.10492529294460388,10.039332669043073,9.983687119731558
CamB,0.41,4.84,1.5,4.24,9.47,0.0,1.26526e+19,59.23081400000001,7.696155793641395,4.6813156189241754e-12,0.16009713663462072,6.759543634679904,20.009329617721065
CamB,0.57,6.79,1.5,5.61,11.76,0.0,1.7590199999999998e+19,95.08899600000001,9.751358674564278,5.405793907971485e-12,0.1720399649778371,6.326932500312943,24.527977071387838
CamB,0.73,8.87,1.5,6.77,13.72,0.0,2.25278e+19,132.42256400000002,11.507500336736907,5.8781844654160646e-12,0.17939949184968565,6.089093742290492,28.396010385095693
CamB,0.9,10.9,1.5,7.77,14.8,0.0,2.7774e+19,161.1313,12.693750430822249,5.801515806149638e-12,0.17822570574418722,6.125707184217905,31.41724306829564
CamB,1.06,12.9,1.5,8.44,15.24,0.0,3.27116e+19,178.072096,13.344365702422877,5.44369874906761e-12,0.17264207413641722,6.306710478175999,33.511925544706656
CamB,1.22,14.7,1.5,8.64,15.11,0.0,3.76492e+19,179.673166,13.404221946834513,4.7722970474804245e-12,0.1616453951708157,6.69984557823749,34.69556840221861
CamB,1.47,16.8,1.5,8.08,15.9,0.0,4.53642e+19,181.579,13.475125231329022,4.002693754105661e-12,0.14803887803484225,7.2673143638260385,36.32618442486313
CamB,1.79,20.1,1.5,6.91,14.91,0.0,5.52394e+19,150.009826,12.247849852116902,2.7156309807854542e-12,0.12193685248058447,8.711125040195217,36.14905740878906
NGC4389,0.87,27.3,5.8,3.85,86.56,0.0,2.68482e+19,3461.4339560000003,58.83395240845205,1.2892610886390897e-10,0.8401755537576809,1.7594319592118646,78.03946134416586
NGC4389,1.74,52.7,6.7,8.29,117.08,0.0,5.36964e+19,6374.278244,79.8390771740255,1.1870960146304034e-10,0.8061995041297386,1.8068543664660819,107.31911515774415
NGC4389,2.71,69.2,6.7,12.5,131.94,0.0,8.36306e+19,8164.005256,90.35488506992857,9.761983360157647e-11,0.7310862816593305,1.9282155634822467,125.46697571460813
NGC4389,3.58,83.5,6.4,15.95,142.69,0.0,1.104788e+20,9620.203106,98.08263406944168,8.707736783889764e-11,0.6904818220243619,2.005352111848153,138.89526491218217
NGC4389,4.45,95.9,6.3,20.91,152.97,0.0,1.37327e+20,11201.145714,105.83546529401191,8.156550215179826e-11,0.668271377388255,2.0516772096696814,151.59530132429248
NGC4389,5.32,110.0,7.6,21.98,140.24,0.0,1.641752e+20,9530.058896,97.62202054864466,5.8048102855973366e-11,0.5637591692330155,2.320540012653714,148.7107359645378
NGC0100,0.23,6.81,8.19,-0.86,9.67,0.0,7.0978e+18,43.753694,6.614657511920024,6.164402209135226e-12,0.18371519873612363,5.958508779925319,16.146416625776933
NGC0100,0.69,20.0,4.09,-1.93,23.77,0.0,2.12934e+19,263.630834,16.236712536717523,1.2380870786253016e-11,0.2603605610655183,4.362499729139689,33.91296863911902
NGC0100,1.15,33.0,4.0,-3.62,34.7,0.0,3.5488999999999996e+19,566.9858000000002,23.811463625741283,1.597638141395926e-11,0.2957595748676309,3.905735460695474,47.05843755131266
NGC0100,1.59,42.7,4.0,-4.31,41.73,0.0,4.90674e+19,819.6168339999999,28.628950976240816,1.6703897781419028e-11,0.3024186114872015,3.8318380146294704,56.04140381852913
NGC0100,2.05,49.9,4.0,-3.92,46.7,0.0,6.326299999999999e+19,1018.5758000000002,31.915134340936124,1.6100655991653898e-11,0.29690765074241604,3.892756657625564,62.968783748348564
NGC0100,2.51,55.5,4.0,3.21,50.33,0.0,7.74586e+19,1175.534194,34.28606413690554,1.5176290224713588e-11,0.2882586941076497,3.993094476880527,68.51291190312672
NGC0100,2.97,61.9,4.0,7.43,53.12,0.0,9.16542e+19,1353.202724,36.78590387634916,1.476421946839316e-11,0.2843183233334955,4.04084583388791,73.94649139534053
NGC0100,3.42,67.9,4.0,10.05,55.1,0.0,1.055412e+20,1497.5671000000002,38.698412112126775,1.4189407548900336e-11,0.2787287290975597,4.1109150924888,78.46254643716763
NGC0100,3.88,73.1,4.0,11.97,55.08,0.0,1.197368e+20,1538.831844,39.2279472315338,1.2851786952716293e-11,0.26526586156858867,4.291882453672202,81.26798502741187
NGC0100,4.34,76.1,3.0,13.61,54.16,0.0,1.339324e+20,1534.5526759999998,39.173366921927965,1.1457665777660968e-11,0.25046536445243617,4.5134183265551515,83.22306273457285
NGC0100,4.79,77.8,5.34,14.82,53.32,0.0,1.478194e+20,1527.4227039999998,39.08225561556036,1.0333032768364638e-11,0.2378556688774732,4.724032898382319,84.94465906360492
NGC0100,5.24,79.0,4.0,15.7,52.48,0.0,1.617064e+20,1513.3991839999999,38.90243159495303,9.358931891378446e-12,0.2263668078404187,4.936456599551407,86.43395970110656
NGC0100,5.7,78.5,5.6,16.36,50.92,0.0,1.75902e+20,1460.3589440000003,38.214643057341256,8.302116769564874e-12,0.21320334882021683,5.2081113464634985,87.21073320501242
NGC0100,6.16,79.8,7.15,16.58,49.36,0.0,1.900976e+20,1395.644816,37.35832994125942,7.341727701980456e-12,0.20049278088405126,5.504407306416655,87.6481461432752
NGC0100,7.16,83.4,5.12,17.02,46.44,0.0,2.209576e+20,1281.7502559999998,35.80153985515148,5.8008878445457406e-12,0.17821605982297536,6.126010068895579,88.61159616024015
NGC0100,7.52,84.6,4.0,17.46,45.44,0.0,2.320672e+20,1254.656656,35.42113290113686,5.4064368251954605e-12,0.17205019512812653,6.326587732653081,89.09374505845591
NGC0100,7.98,86.1,5.53,18.01,44.24,0.0,2.462628e+20,1224.661796,34.995168180764615,4.9729873777119414e-12,0.16500924670728492,6.574010973824435,89.72703096685827
NGC0100,8.44,87.5,10.2,18.77,43.11,0.0,2.604584e+20,1207.2100659999999,34.7449286371407,4.6349438758742276e-12,0.15930222549572257,6.790645780757078,90.54134934476278
NGC0100,8.9,89.0,7.77,19.76,41.91,0.0,2.74654e+20,1198.423726,34.61825711961826,4.3633944016835724e-12,0.15456524202413563,6.9826351801659285,91.47762387553108
NGC0100,9.35,90.4,5.16,20.86,40.72,0.0,2.88541e+20,1197.874064,34.61031730568213,4.1514864923875636e-12,0.15076530749684955,7.145384677239133,92.51632819220491
NGC0100,9.62,91.2,13.7,21.63,40.12,0.0,2.968732e+20,1208.2795239999998,34.76031536105505,4.0700188632722646e-12,0.14927868965216853,7.211315081885801,93.34497498288268
UGC06983,1.74,56.9,6.6,0.0,57.53,0.0,5.36964e+19,1522.462414,39.01874439291967,2.83531561519953e-11,0.3940037071416816,3.0707961895857587,68.37522782191469
UGC06983,2.61,87.4,4.8,0.0,63.17,0.0,8.05446e+19,1835.6064940000003,42.843978503402326,2.2789938667520853e-11,0.3532410617080168,3.3603036832521957,78.53785878663774
UGC06983,3.5,92.1,5.7,0.0,61.1,0.0,1.0801e+20,1717.2766000000001,41.44003619689539,1.589923710767522e-11,0.29504465150228526,3.9138689537028863,81.98289803160444
UGC06983,4.37,93.5,5.2,8.69,59.01,0.0,1.348582e+20,1677.3189459999999,40.95508449509047,1.2437648923091064e-11,0.26095687929965655,4.353772495628127,85.45563230993471
UGC06983,5.24,98.2,4.4,16.6,57.64,0.0,1.617064e+20,1803.8500160000003,42.47175550880844,1.1155093527528905e-11,0.24713611267309504,4.566926940982068,90.76371100589341
UGC06983,6.11,99.7,4.4,18.86,56.44,0.0,1.885546e+20,1821.0174559999998,42.67338111750696,9.65777263455784e-12,0.22995247679657163,4.867870471344775,94.15135209791616
UGC06983,6.98,102.0,3.5,23.82,56.03,0.0,2.154028e+20,2011.4984140000001,44.849731481916365,9.338311358998119e-12,0.2261172933592566,4.941310574799894,99.69673206425283
UGC06983,7.85,107.0,4.4,29.74,55.57,0.0,2.42251e+20,2304.959054,48.00998910643492,9.514755579956326e-12,0.2282435015864869,4.9002895433402225,106.27778107461396
UGC06983,8.72,108.0,4.4,30.17,54.32,0.0,2.6909920000000003e+20,2267.533604,47.61862664966305,8.426385526229732e-12,0.21479307023367603,5.173529354413216,108.31044115140698
UGC06983,9.6,110.0,4.4,31.9,52.55,0.0,2.96256e+20,2287.9011499999997,47.83200967971134,7.722716670717216e-12,0.20562913761167895,5.3802477257731605,110.94807325538056
UGC06983,10.47,113.0,4.4,35.89,51.23,0.0,3.2310420000000003e+20,2495.368034,49.953658864992065,7.723106149656985e-12,0.2056343227824014,5.380125530891278,115.86799932981226
UGC06983,11.35,110.0,5.2,38.26,49.57,0.0,3.50261e+20,2594.132654,50.932628579330164,7.406284610618938e-12,0.2013723330967121,5.4826951778270185,119.25954298390297
UGC06983,12.19,108.0,5.7,39.33,47.76,0.0,3.761834e+20,2596.1169959999997,50.95210492217176,6.901200308147569e-12,0.1943846288670376,5.66062821766548,121.22562898957689
UGC06983,13.12,109.0,8.6,40.63,45.68,0.0,4.048832e+20,2610.6616040000004,51.09463380825819,6.447937587926593e-12,0.18789274695781666,5.837833739445526,123.45285899527066
UGC06983,13.94,108.0,9.8,40.95,43.38,0.0,4.301884e+20,2542.541724,50.4236226782646,5.910298194930407e-12,0.1798888725057582,6.073970195900036,124.27116581656541
UGC06983,14.86,108.0,9.8,40.63,41.42,0.0,4.585796e+20,2439.9804440000003,49.396158190693335,5.320734816812611e-12,0.17068109107814106,6.37309634207292,124.70056311976246
UGC06983,15.68,109.0,12.3,40.09,39.99,0.0,4.838848e+20,2342.8401460000005,48.40289398372788,4.841731226110018e-12,0.1628170725407164,6.655424155033588,124.87031232070665
UGC11557,0.33,4.0,7.9,1.71,21.94,0.0,1.01838e+19,224.35135600000007,14.978362927903705,2.2030220153577256e-11,0.3473033894931835,3.4082108564507996,27.65206551378501
UGC11557,0.99,17.0,8.6,2.41,47.32,0.0,3.05514e+19,1035.832004,32.184344082177596,3.3904567515727596e-11,0.43085258969883194,2.8567732211616597,54.39795152990062
UGC11557,1.76,33.3,7.9,-7.34,59.39,0.0,5.43136e+19,1676.3747660000004,40.943555854371034,3.086473306869736e-11,0.4110842765575393,2.9667521401006742,70.52225481818678
UGC11557,2.42,44.9,10.5,-10.59,70.77,0.0,7.46812e+19,2416.0088339999998,49.15291277228644,3.235096428552299e-11,0.4208653952863614,2.911025613190827,83.86336266492839
UGC11557,3.19,53.0,7.9,0.97,81.19,0.0,9.84434e+19,3033.1763060000003,55.0742798954285,3.081137289041216e-11,0.41072877341424213,2.9688282739664023,94.8945708519606
UGC11557,3.85,60.8,7.9,9.74,83.68,0.0,1.18811e+20,3315.945104000001,57.584243539357196,2.790941162013619e-11,0.39090834674142777,3.0906374365418623,101.23430286192573
UGC11557,4.62,69.0,7.9,11.43,87.03,0.0,1.425732e+20,3614.7865140000004,60.123094680829595,2.5353899007667638e-11,0.37258209574809414,3.2149491443617055,107.80238777612735
UGC11557,5.28,76.6,7.9,16.36,90.49,0.0,1.629408e+20,4034.3320459999995,63.5163919472761,2.4759495755513658e-11,0.36818873861327023,3.2466116267950254,114.44609791030607
UGC11557,5.94,85.0,7.9,17.72,93.96,0.0,1.833084e+20,4375.099936,66.14453821745224,2.3867427439222645e-11,0.3614950948277359,3.2963484485269725,120.09102333723389
UGC11557,7.04,78.1,6.7,24.54,93.48,0.0,2.172544e+20,4621.926384,67.9847511137608,2.1274259043775407e-11,0.34129256296093197,3.4584234624688177,126.43013346599481
UGC11557,8.8,81.6,6.7,35.45,87.18,0.0,2.7156800000000003e+20,4752.864604000001,68.9410226497983,1.7501563527367e-11,0.30955514566524633,3.7561973387072327,133.6139864564358
UGC11557,10.56,84.5,6.7,33.35,79.1,0.0,3.258816e+20,3990.3550999999998,63.16925755460483,1.2244800258744278e-11,0.25892587693515445,4.383662240876298,132.2587198620876
F565-V2,1.26,21.7,10.0,5.7,11.4,0.0,3.88836e+19,92.2716,9.605810741421049,2.373021016572539e-12,0.11398570652518758,9.282526551538504,29.266253210018878
F565-V2,2.51,40.3,10.0,10.7,17.23,0.0,7.74586e+19,251.051534,15.844605832900987,3.24110601017834e-12,0.13321288112292234,8.01787935478952,44.86536427409053
F565-V2,3.78,57.7,7.0,14.75,19.15,0.0,1.166508e+20,386.25485000000003,19.653367395945153,3.3112061811834976e-12,0.13464577031144803,7.938112104609594,55.37268550692808
F565-V2,5.03,68.5,7.0,18.18,18.51,0.0,1.552258e+20,488.11764600000004,22.093384666003534,3.1445651818190026e-12,0.13121391810593808,8.132074101668874,63.00324489741918
F565-V2,6.29,73.5,7.0,21.5,20.41,0.0,1.941094e+20,653.871326,25.57090780555121,3.3685711562654867e-12,0.13580709705018829,7.874699212906637,71.75681163620928
F565-V2,7.54,78.5,5.0,24.72,20.52,0.0,2.326844e+20,804.770784,28.368482229403813,3.4586366082126687e-12,0.13761065759750518,7.778342952605648,79.11879142270388
F565-V2,8.8,83.1,6.0,27.11,18.68,0.0,2.7156800000000003e+20,895.465604,29.924331304141116,3.297389987038237e-12,0.13436456814461825,7.953631919180858,84.39315025819907
F574-1,0.47,15.3,4.4,0.25,12.99,0.0,1.45042e+19,77.68294600000002,8.813792940613027,5.355893189558888e-12,0.17124407618286033,6.353881430348937,22.216845591672087
F574-1,1.41,41.0,4.36,0.88,32.88,0.0,4.35126e+19,498.07782400000013,22.317657224717834,1.1446749309395443e-11,0.25034601864377276,4.51531176282293,47.42337669871737
F574-1,2.35,60.7,4.4,1.88,41.13,0.0,7.2521e+19,781.7057740000001,27.959001663149564,1.0779026406144429e-11,0.24293459858365507,4.636558879224192,60.20319632196051
F574-1,3.29,74.9,4.4,3.41,42.43,0.0,1.015294e+20,839.768354,28.978756943664784,8.271184051122136e-12,0.21280579276155062,5.216840648114198,66.1886522309312
F574-1,4.22,83.0,6.28,5.43,44.37,0.0,1.302292e+20,935.085474,30.579167320252523,7.180305753241208e-12,0.19827642150073344,5.559976249759208,72.10445913350179
F574-1,5.17,86.8,4.4,7.8,46.69,0.0,1.595462e+20,1063.619806,32.613184542451535,6.666531738142304e-12,0.19105111592746057,5.750112552747738,78.2044346430029
F574-1,6.11,89.4,4.4,10.44,48.85,0.0,1.885546e+20,1206.7019500000001,34.737615778864274,6.399748136614011e-12,0.18718931045940465,5.857775399629749,84.0749011143947
F574-1,7.05,92.5,4.4,13.15,49.34,0.0,2.17563e+20,1292.7628760000002,35.9550118342353,5.942016225185351e-12,0.18037091976860797,6.059153722935616,88.50451396956178
F574-1,7.99,94.7,4.4,16.07,50.15,0.0,2.465714e+20,1415.1552500000003,37.61854928090662,5.739332501660777e-12,0.17726798010886513,6.155941306093392,93.33602015304659
F574-1,8.92,96.3,4.4,18.98,49.17,0.0,2.752712e+20,1472.377294,38.37156882380495,5.348824337598702e-12,0.17113103260106824,6.357729485174693,96.7521396939909
F574-1,9.87,97.8,4.4,21.99,49.76,0.0,3.045882e+20,1622.546596,40.280846515434604,5.327017251489061e-12,0.17078182683199514,6.369648861036434,101.66145816970138
F574-1,10.79,98.8,4.62,25.0,50.33,0.0,3.329794e+20,1790.230094,42.31111076301354,5.376398942397038e-12,0.17157157842617068,6.342761800881918,106.5598566769515
F574-1,11.8,99.5,4.4,27.82,50.68,0.0,3.64148e+20,1955.445104,44.220415013882445,5.369918560585257e-12,0.1714681463158492,6.346269013828936,111.39919511270581
F574-1,12.6,99.7,5.14,30.02,50.19,0.0,3.88836e+20,2059.9570059999996,45.386749233669505,5.297752795523047e-12,0.17031207800701678,6.385759998004184,114.69259368644194
UGC06614,3.23,194.0,16.7,-7.97,37.15,248.5,9.96778e+19,29104.41225,170.6001531359219,2.919848978408432e-10,1.2643863476642363,1.393558366383897,201.3918995135442
UGC06614,9.18,172.0,8.1,-15.63,83.53,176.71,2.832948e+20,17817.992000000002,133.4840514818156,6.289558438771202e-11,0.586826451365101,2.252705146021216,200.34640568316883
UGC06614,10.64,170.0,10.7,-16.24,92.09,164.32,3.283504e+20,16585.28763,128.78387954243343,5.051094084246586e-11,0.5258868753739097,2.4451728731913867,201.37997767144745
UGC06614,11.58,170.0,6.8,-16.14,99.29,157.52,3.573588e+20,16209.184670000002,127.31529629231518,4.5358291638543684e-11,0.4983425243050269,2.5480096171973745,203.2268644300951
UGC06614,12.52,171.0,6.8,-16.04,107.74,151.54,3.863672e+20,16160.530031999999,127.12407337715386,4.1826868409119616e-11,0.478549953353766,2.6293737845763823,206.13605703757926
UGC06614,13.57,172.0,12.1,-16.04,120.8,145.51,4.187702e+20,16709.549646,129.26542324225764,3.990147734007817e-11,0.4674057933335091,2.678277953328735,211.5486195344554
UGC06614,15.76,174.0,19.6,-15.53,131.65,135.02,4.863536e+20,16599.757434,128.84004592517033,3.413104669935619e-11,0.4322892210606534,2.8491784981040142,217.4756812949325
UGC06614,24.94,193.0,23.2,18.69,111.71,107.35,7.696484000000001e+20,11390.763535999999,106.72752004989152,1.4799957403926253e-11,0.28466222260027313,4.036625280350428,214.43004465771915
UGC06614,26.3,194.0,23.0,21.04,108.26,104.53,8.116180000000001e+20,10860.18591,104.21221574268537,1.338090814890749e-11,0.27067141791193516,4.217044885254354,214.00441921763417
UGC06614,34.96,201.0,7.2,34.22,92.64,90.67,1.0788656e+21,8900.48891,94.34240250279828,8.249858842473057e-12,0.21253128207528077,5.222887324310017,215.60670376451858
UGC06614,36.84,202.0,17.1,37.39,88.8,88.32,1.1368824000000001e+21,8613.508804000001,92.80899096531543,7.576429016756703e-12,0.2036722600481363,5.426809757644286,216.2033154812899
UGC06614,47.38,205.0,16.0,54.35,75.25,77.88,1.4621468e+21,8348.736674,91.37142153868461,5.709916866076647e-12,0.17681312330739435,6.170415548619959,226.96954550023506
UGC06614,64.59,204.0,16.0,61.29,63.17,66.7,1.9932474e+21,7638.559994,87.39885579342558,3.832218717054391e-12,0.14485208374887817,7.415660951747471,238.0020400649671
UGC01230,0.78,19.8,10.7,2.9,21.08,0.0,2.40708e+19,212.81854399999997,14.588301614650007,8.841357329212158e-12,0.22001843683653058,5.063393745158399,32.826575888193354
UGC01230,2.35,55.4,10.7,8.06,40.8,0.0,7.2521e+19,830.698,28.82183200284118,1.1454585568318143e-11,0.25043169539505705,4.513952306685912,61.23504840578942
UGC01230,3.91,88.5,10.7,12.62,45.89,0.0,1.206626e+20,1127.974766,33.58533557968418,9.348172225693794e-12,0.22623664706740954,4.938987364240071,74.63948764866792
UGC01230,5.48,105.0,10.7,16.73,51.07,0.0,1.691128e+20,1479.6395540000003,38.46608316426304,8.749423781050283e-12,0.21887155797586116,5.087114419265522,86.75883649789806
UGC01230,7.03,106.0,10.7,20.63,52.93,0.0,2.169458e+20,1714.325954,41.404419498406206,7.902093306254374e-12,0.2080035178132361,5.324932138888563,95.5440702973523
UGC01230,8.6,103.0,10.7,24.32,52.95,0.0,2.65396e+20,1881.1655500000002,43.37240539790248,7.088145827367408e-12,0.196999863464188,5.592551696669714,102.56956462990918
UGC01230,13.27,109.0,15.8,34.07,49.67,0.0,4.095122e+20,2295.634994,47.91278528743659,5.6057792515094806e-12,0.17519334271698994,6.222571432374152,119.51883840141188
UGC01230,14.85,113.0,14.7,36.74,48.73,0.0,4.5827099999999997e+20,2442.149534,49.41810937298189,5.329051006936945e-12,0.17081442437296163,6.368534147872489,124.71131745551358
UGC01230,25.8,105.0,10.4,46.59,38.25,0.0,7.96188e+20,2843.6368500000003,53.32576159793689,3.571564567664924e-12,0.13983917596831522,7.662721355666201,147.61435166762874
UGC01230,32.01,103.0,10.0,43.71,33.76,0.0,9.878285999999999e+20,2434.843396,49.34413233607417,2.4648439982401806e-12,0.11617008899314767,9.11774644345677,148.99759969292526
UGC01230,36.54,103.0,10.0,39.61,31.2,0.0,1.1276244e+21,2016.7345,44.90806720401135,1.7884807210627934e-12,0.0989559094985665,10.613755657368458,146.30491177258932
NGC3992,9.19,248.0,7.0,0.0,218.11,0.0,2.836034e+20,21883.107166000005,147.92939926194524,7.71609478800325e-11,0.6499775855206315,2.0923018031411247,213.9767851467824
NGC3992,13.79,264.0,6.6,6.57,246.64,0.0,4.255594e+20,28025.558116,167.40835736605266,6.585580794596477e-11,0.6004773691698685,2.2150833181149063,249.1564694396102
NGC3992,18.35,272.0,5.7,31.53,243.17,0.0,5.6628100000000003e+20,28194.699393999996,167.91277317107236,4.9789237841283734e-11,0.5221164089820791,2.4585949855542726,263.28567478937873
NGC3992,22.94,271.0,5.7,46.25,231.91,0.0,7.079284000000001e+20,26878.896625999998,163.9478472746745,3.7968382997489574e-11,0.4559431066932871,2.7311203635767014,270.94187923933373
NGC3992,27.52,264.0,5.3,52.31,206.95,0.0,8.492672e+20,22437.35525,149.79103861713492,2.641966538917316e-11,0.38033234370038754,3.160897622296187,266.3121905965626
NGC3992,32.11,242.0,7.4,49.34,187.25,0.0,9.909146e+20,18563.214350000002,136.24688748738447,1.8733414917895044e-11,0.3202639673856989,3.6490674694265794,260.2660592789188
NGC3992,36.7,244.0,5.3,46.74,173.25,0.0,1.1325620000000001e+21,15991.78635,126.45863493648822,1.412000963302671e-11,0.2780462868643013,4.119664206389121,256.67253421883134
NGC3992,41.44,241.0,6.2,45.26,161.14,0.0,1.2788384e+21,13992.873415999999,118.2914765145824,1.0941862096102212e-11,0.24476269232560244,4.605966520903315,253.8714369229709
NGC3992,46.02,237.0,8.6,44.89,151.17,0.0,1.4201772e+21,12527.201794,111.92498288585976,8.820872348887167e-12,0.21976340319881157,5.068647064554421,251.98405624213405
UGC04305,0.25,3.17,3.22,-1.04,6.45,0.0,7.715e+18,20.218750000000004,4.496526437151238,2.6207064160725874e-12,0.11978675198580305,8.858148429363254,13.382850539260623
UGC04305,0.5,10.5,3.32,-3.35,13.17,0.0,1.543e+19,91.008994,9.539863416213043,5.898184964355152e-12,0.17970443570118455,6.079660229888313,23.52240976991822
UGC04305,0.75,17.5,4.47,4.05,18.27,0.0,2.3145e+19,169.947234,13.036381169634463,7.34271911860013e-12,0.20050631755914639,5.50407169957739,30.584338493432494
UGC04305,1.0,22.7,4.96,4.85,24.79,0.0,3.086e+19,306.212786,17.49893671055473,9.92264374594945e-12,0.23308445097127994,4.809696614879436,38.376954025261064
UGC04305,1.26,29.7,5.29,6.16,29.98,0.0,3.88836e+19,451.3937840000001,21.246029840890277,1.1608847534693294e-11,0.252112371090796,4.4874723866848205,45.006856602313086
UGC04305,1.5,34.5,4.7,7.83,30.56,0.0,4.629e+19,490.909156,22.156469845171635,1.0605080060488226e-11,0.2409664496790014,4.670016452301408,47.88062066332681
UGC04305,1.76,36.0,3.51,8.37,30.97,0.0,5.43136e+19,511.2617139999999,22.611097142774828,9.413143558887644e-12,0.2270214766927117,4.923771820324826,50.17306070197603
UGC04305,2.01,37.3,3.45,8.4,29.96,0.0,6.202859999999999e+19,483.45673600000003,21.98764962427772,7.794093950210066e-12,0.20657721658601783,5.358007425689851,50.89562634930215
UGC04305,2.26,35.6,3.57,10.27,30.04,0.0,6.974359999999999e+19,520.577636,22.81617049375289,7.464163536152422e-12,0.20215764803662026,5.463469525925075,53.33066707030876
UGC04305,2.51,34.9,3.88,11.89,31.48,0.0,7.74586e+19,597.2276840000001,24.438242244482318,7.71028244765591e-12,0.20546353082557905,5.384153707552282,56.705957791588915
UGC04305,2.76,32.7,3.27,15.11,33.07,0.0,8.51736e+19,731.3795540000001,27.04402991419733,8.586927803920463e-12,0.21682957021041627,5.129972075821806,61.25321778361532
UGC04305,3.01,32.8,3.21,17.63,34.11,0.0,9.28886e+19,846.0232659999999,29.086479092526822,9.107934299795668e-12,0.22331070764998653,4.996659386113737,65.01761371297394
UGC04305,3.27,33.2,3.21,19.74,33.92,0.0,1.009122e+20,918.928144,30.313827603916994,9.10621455086699e-12,0.2232896240284031,4.997080464811255,67.76398657803172
UGC04305,3.51,32.1,3.23,22.06,33.27,0.0,1.083186e+20,995.8143340000001,31.556526012855095,9.193382613881644e-12,0.22435578423259897,4.975886882800043,70.39218338888816
UGC04305,3.76,30.1,3.16,23.37,32.39,0.0,1.160336e+20,1028.748466,32.07410896657926,8.865953189420996e-12,0.22032426003393027,5.057110335800408,72.1283196833769
UGC04305,4.02,32.3,3.16,24.68,31.18,0.0,1.2405719999999998e+20,1056.310904,32.500936971109,8.514708569917747e-12,0.215915836563908,5.149413268751584,73.75216190041198
UGC04305,4.26,33.6,3.12,25.38,30.16,0.0,1.314636e+20,1062.572176,32.59711913651266,8.082634097955633e-12,0.21036624868738005,5.271131866399152,74.83954875106268
UGC04305,4.52,35.1,3.12,25.99,29.51,0.0,1.3948719999999998e+20,1076.066546,32.80345326333799,7.714446529860805e-12,0.2055190055473686,5.3828445838090735,76.10715458453454
UGC04305,4.77,35.3,3.12,26.59,29.25,0.0,1.4720219999999998e+20,1100.5868500000001,33.175093820515414,7.476701095499934e-12,0.20232735895356163,5.459334433683628,77.51433214228449
UGC04305,5.02,35.2,3.13,26.9,29.1,0.0,1.549172e+20,1113.1426,33.36379175093862,7.1854035575133026e-12,0.19834679420365206,5.558192700407192,78.65787356541163
UGC04305,5.27,34.6,3.11,27.2,28.04,0.0,1.626322e+20,1101.5111359999999,33.189021317297076,6.773019955457774e-12,0.19257095350935352,5.708928818676363,79.29973939681857
UGC04305,5.52,33.0,3.11,27.3,26.8,0.0,1.703472e+20,1075.6804000000002,32.797566982933354,6.314635051236535e-12,0.18594038728501908,5.8935538594015755,79.62148185573182
UGC02953,0.09,231.0,52.9,-0.75,12.18,80.49,2.7774e+18,3048.97905,55.21756106529878,1.0977817563188594e-09,2.451645132837386,1.0942735708490257,57.76172774846135
UGC02953,0.17,231.0,27.9,-0.9,23.29,154.33,5.2462e+18,11206.489580000003,105.86070838606742,2.136115584613626e-09,3.4198887415917674,1.0338226179701455,107.63606456876227
UGC02953,0.26,231.0,16.4,-0.97,35.2,203.79,8.0236e+18,19674.866786000002,140.26712653362512,2.452124580736826e-09,3.664129957748118,1.0263004449273156,142.09969928313524
UGC02953,0.34,231.0,11.9,-1.0,45.31,224.63,1.04924e+19,24156.35118,155.42313592255178,2.3022712801646905e-09,3.550404629371026,1.0295618285216321,157.7037003094458
UGC02953,0.43,232.0,8.04,-1.04,56.16,236.57,1.32698e+19,27195.964429999996,164.91198995221663,2.04946302355725e-09,3.349805928144302,1.036367335778521,167.88391584736914
UGC02953,0.51,232.0,6.53,-1.11,65.37,243.18,1.57386e+19,29169.716778000005,170.79144234416432,1.8533870088826203e-09,3.185537049279642,1.0431401342806903,174.43652793131557
UGC02953,0.6,232.0,4.75,-1.21,75.35,248.89,1.8516e+19,31108.437216,176.3758407945941,1.6800841011017499e-09,3.0329490465470266,1.0506114885593356,180.78407432696164
UGC02953,0.69,232.0,4.0,-1.34,84.97,252.61,2.12934e+19,32676.38358000001,180.76610185540875,1.534578018540957e-09,2.898638723465111,1.0583110025798153,185.96176022836636
UGC02953,0.77,233.0,5.69,-1.48,93.17,255.01,2.37622e+19,33909.134939999996,184.1443318161056,1.4270200124567588e-09,2.7952112467343775,1.0650783824498375,190.04180222300693
UGC02953,0.86,233.0,4.83,-1.64,102.03,256.4,2.65396e+19,35032.18681399999,187.16887244945403,1.3199967902304477e-09,2.6883514319894117,1.0729532433639515,193.87598733265847
UGC02953,0.95,234.0,10.8,-1.82,110.51,257.17,2.9317e+19,36043.792140000005,189.85202695783894,1.2294502213732649e-09,2.594508381195765,1.0807102308822127,197.36487763908218
UGC02953,1.03,235.0,10.3,-2.0,117.74,258.4,3.17858e+19,37095.303095999996,192.60140990138154,1.1670400963952457e-09,2.527798733809862,1.0867610986248453,200.78279893066184
UGC02953,1.11,235.0,10.6,-2.17,124.74,258.76,3.4254600000000004e+19,37962.439291999995,194.8395218943015,1.10824354369924e-09,2.463299440296627,1.093079582832156,203.7055897725696
UGC02953,1.2,236.0,10.2,-2.35,132.45,259.47,3.7032e+19,39044.65686400001,197.59720864425188,1.0543491268092466e-09,2.402657268973696,1.0994776737969914,207.1924914253228
UGC02953,1.29,237.0,10.6,-2.54,139.94,259.74,3.98094e+19,40048.564352,200.12137405084945,1.006007735660422e-09,2.3469306857192955,1.1057816488066599,210.4399380381352
UGC02953,1.38,238.0,14.2,-2.73,147.1,259.48,4.25868e+19,40932.86188400001,202.31871362778088,9.611631276357934e-10,2.2940250407313503,1.1121734584909586,213.36457664631453
UGC02953,1.46,238.0,14.1,-2.94,153.23,258.65,4.50556e+19,41583.101083999994,203.91934945953508,9.229285834391284e-10,2.247934493659839,1.118089420643637,215.62380527106777
UGC02953,1.55,239.0,19.6,-3.15,159.87,257.13,4.7833e+19,42180.079248,205.37789376658824,8.818196485271676e-10,2.197300674086668,1.1249892994033988,217.83511609010003
UGC02953,1.63,240.0,17.8,-3.37,165.58,255.36,5.03018e+19,42619.07126000001,206.44386951420964,8.472673196585412e-10,2.1538221100438135,1.131272642405114,219.57638616470595
UGC02953,1.72,241.0,7.14,-3.59,171.83,252.89,5.30792e+19,43013.18256,207.39619707217392,8.103585314021311e-10,2.10638720273842,1.1385330163178906,221.29602003079242
UGC02953,1.8,242.0,11.9,-3.81,177.21,250.43,5.5548e+19,43309.05784,208.10828392930446,7.796690761143515e-10,2.066116270834407,1.1450514618874699,222.6905925104628
UGC02953,1.89,243.0,10.9,-4.02,183.03,247.35,5.83254e+19,43569.881964,208.7339981028486,7.470138561244329e-10,2.0223854493695828,1.1525243847758508,224.08782074293006
UGC02953,1.98,244.0,17.6,-4.24,188.55,244.09,6.11028e+19,43778.25167600001,209.23253015723918,7.164688308228101e-10,1.9806067464808983,1.1600732795643875,225.3574493895697
UGC02953,2.07,246.0,11.4,-4.48,193.82,240.73,6.388019999999999e+19,43957.948038,209.66150824126015,6.88131033371843e-10,1.94104308421344,1.167616119209737,226.55244138290107
UGC02953,2.15,247.0,12.9,-4.72,198.33,237.68,6.6349e+19,44102.501198000005,210.00595514889574,6.647048365159988e-10,1.9077173198699087,1.1742861298412834,227.57186875385102
UGC02953,2.23,248.0,15.4,-4.99,202.68,234.62,6.88178e+19,44242.734428,210.33956933492092,6.42896669582579e-10,1.8761613767961474,1.1808842714677248,228.57285318416274
UGC02953,2.32,249.0,17.6,-5.25,207.44,231.17,7.159519999999999e+19,44404.18685,210.72300977823946,6.202117858459786e-10,1.8427635387720889,1.1881834686702997,229.6961487594363
UGC02953,2.4,251.0,24.0,-5.52,211.55,228.14,7.4064e+19,44559.050965999995,211.09014890799617,6.016290095863037e-10,1.8149471690161312,1.1945240792067848,230.70946951846025
UGC02953,2.49,252.0,10.1,-5.8,216.16,224.74,7.68414e+19,44760.918072,211.56776236468542,5.825104445259977e-10,1.7858766607043812,1.2014177080305009,231.8977352183571
UGC02953,2.58,253.0,12.0,-6.06,220.83,221.41,7.96188e+19,45019.331020000005,212.17759311482448,5.654359400041197e-10,1.7595082518421072,1.2079183697782991,233.19450451112272
UGC02953,2.67,254.0,6.34,-6.31,225.64,218.17,8.23962e+19,45355.13300999999,212.96744589255889,5.504517563916783e-10,1.7360380277524996,1.2139121916624989,234.64259825384062
UGC02953,2.75,256.0,6.22,-6.56,230.0,215.36,8.4865e+19,45711.801216,213.80318336264313,5.386413859188121e-10,1.7173130203139992,1.2188402603908768,236.04106358226198
UGC02953,2.83,257.0,5.6,-6.82,234.46,212.6,8.73338e+19,46124.828136,214.76691583202472,5.281440649095767e-10,1.700496745414385,1.223380463553486,237.54623471304387
UGC02953,2.92,259.0,8.73,-7.07,239.57,209.57,9.01112e+19,46654.135008,215.9956828457458,5.177395818499809e-10,1.6836634634086205,1.2280372460547662,239.35959448555968
UGC02953,3.0,260.0,5.19,-7.31,243.97,206.96,9.258e+19,47136.18525000001,217.10869455183044,5.091400437459496e-10,1.6696222781541163,1.2320098595400475,240.9818353509371
UGC02953,3.09,262.0,11.0,-7.55,248.68,204.14,9.53574e+19,47673.84822,218.3434180826159,4.999491200473166e-10,1.654483755380651,1.236385435783545,242.7823132086917
UGC02953,3.18,263.0,16.0,-7.78,252.98,201.42,9.81348e+19,48162.220927999995,219.45892765617896,4.907761663344704e-10,1.6392354409960552,1.24089248232777,244.467048662523
UGC02953,3.27,264.0,13.1,-8.0,256.93,198.78,1.009122e+20,48606.19611800001,220.46812948360588,4.816681840055019e-10,1.6239534771345943,1.2455128153334214,246.04804443355894
UGC02953,3.35,266.0,11.8,-8.21,260.17,196.48,1.03381e+20,48962.100978,221.2738144878422,4.7360831272671e-10,1.6103091529498226,1.2497279151445597,247.36471934439916
UGC02953,3.43,267.0,12.7,-8.4,263.1,194.27,1.058498e+20,49273.28373400001,221.97586295361037,4.655019067962341e-10,1.5964684319409352,1.2540927155816883,248.5825138733598
UGC02953,4.21,280.0,5.52,-9.93,282.25,175.61,1.299206e+20,50930.414816000004,225.67767903804756,3.920118504378829e-10,1.465039051220248,1.3005067530018308,257.3622901696993
UGC02953,4.29,282.0,2.35,-10.07,283.7,173.97,1.323894e+20,51046.980314,225.93578803279485,3.8558208069528226e-10,1.4529746073654275,1.3052675919730612,258.12781537825606
UGC02953,4.38,283.0,5.1,-10.2,285.12,172.2,1.351668e+20,51139.31702400001,226.1400385248044,3.7834229281154857e-10,1.4392692570713441,1.3107894247190555,258.90707974563844
UGC02953,4.47,285.0,4.61,-10.32,286.54,170.45,1.379442e+20,51239.354486000004,226.36111522520824,3.7144986513387294e-10,1.4260990997230378,1.3162125072231985,259.6957435856743
UGC02953,4.8,290.0,10.8,-10.66,290.98,164.51,1.48128e+20,51510.769830000005,226.95984188838344,3.4774498967109534e-10,1.3798441729508413,1.336215566090799,262.35375443886124
UGC02953,5.25,296.0,2.85,-10.87,296.92,157.31,1.62015e+20,52055.80125000001,228.1574045478253,3.2130235626330907e-10,1.3263451646130886,1.361369653573422,266.20891817179876
UGC02953,5.32,298.0,1.92,-10.98,297.8,156.27,1.641752e+20,52148.930734000016,228.3614037748061,3.176419503920204e-10,1.3187683941946158,1.3651215725465327,266.81384958472137
UGC02953,5.41,299.0,4.29,-10.98,298.79,154.97,1.669526e+20,52234.49630000001,228.5486738093223,3.128702176545918e-10,1.3088254022028887,1.370120469909435,267.52112555093413
UGC02953,5.5,300.0,4.92,-10.87,299.65,153.7,1.6973e+20,52288.51065,228.66681143095514,3.0806876008955394e-10,1.298743639173324,1.3752782310413714,268.16273124824767
UGC02953,5.58,301.0,2.24,-10.87,300.25,152.59,1.721988e+20,52297.69137600001,228.68688501092495,3.0370531836458795e-10,1.2895132287600697,1.3800809241619496,268.65413870946884
UGC02953,5.67,302.0,4.59,-10.87,300.59,151.39,1.749762e+20,52223.865792,228.5254160744489,2.9846268116463837e-10,1.278334827655909,1.3860026656984106,269.039805978201
UGC02953,5.76,303.0,5.07,-10.77,301.15,150.21,1.777536e+20,52213.00153599999,228.50164449298825,2.9373808201915453e-10,1.2681765858512164,1.3914866423042098,269.543492208499
UGC02953,6.0,306.0,7.89,-10.56,302.48,147.17,1.8516e+20,52161.96687800001,228.38994478303988,2.817129341002377e-10,1.241946811051794,1.406116530155677,270.8243044347917
UGC02953,6.18,307.0,4.41,-10.25,303.22,145.01,1.907148e+20,52071.38601000002,228.19155551860374,2.7303274842854366e-10,1.2226635736805058,1.4173236412244783,271.6652469921366
UGC02953,6.27,308.0,3.2,-10.11,303.58,143.96,1.934922e+20,52029.449179999996,228.0996474789034,2.688968815280409e-10,1.213367857121729,1.4228691439777648,272.0865630941396
UGC02953,6.36,309.0,6.66,-9.94,303.97,142.94,1.962696e+20,52000.42167000001,228.0360095905908,2.6494384086990554e-10,1.204416002645373,1.4283001942901168,272.52928718658666
UGC02953,6.45,310.0,5.83,-9.76,304.41,141.93,1.99047e+20,51987.66118,228.0080287621469,2.611828421428105e-10,1.195836830110725,1.4335905280477856,273.0000341446967
UGC02953,6.53,310.0,3.83,-9.58,304.83,141.06,2.015158e+20,51988.63255,228.01015887455543,2.579878726630865e-10,1.1885001719937718,1.43818236158032,273.4394527790211
UGC02953,6.61,311.0,2.41,-9.37,305.34,140.2,2.039846e+20,52016.53247599999,228.07133199067346,2.550022525033752e-10,1.1816030724163276,1.4425571086612579,273.928491930217
UGC02953,6.7,312.0,1.25,-9.15,306.03,139.26,2.06762e+20,52085.66841,228.222848133135,2.519112235807353e-10,1.1744197927648514,1.4471742554982334,274.5487905698541
UGC02953,6.79,312.0,3.61,-8.91,306.85,138.35,2.095394e+20,52196.304800000005,228.46510630728713,2.491001921357034e-10,1.167848842086579,1.4514531904010897,275.24624089914056
UGC02953,6.87,313.0,13.8,-8.64,307.19,137.53,2.120082e+20,52183.54022,228.43716908594362,2.461392541420568e-10,1.1608872552620793,1.4560452594696407,275.6475945109522
UGC02953,6.96,313.0,4.58,-8.36,307.95,136.63,2.147856e+20,52280.330924,228.64892504448824,2.434070576612213e-10,1.1544262315862257,1.460362175517051,276.31181264094374
UGC02953,7.05,314.0,3.05,-8.05,308.63,135.75,2.17563e+20,52357.850624,228.81837912195778,2.406560427278536e-10,1.1478839637841927,1.4647883061285816,276.9353125335631
UGC02953,7.2,315.0,1.38,-7.43,309.44,134.31,2.22192e+20,52399.658162,228.9097161808559,2.3583053468171673e-10,1.1363173061241947,1.472751856702036,277.7979370849206
UGC02953,7.39,316.0,0.75,-6.59,309.73,132.58,2.280554e+20,52258.087578,228.60027904182445,2.2914645993035028e-10,1.1200984063764396,1.4842249629011433,278.50091220091497
UGC02953,7.47,316.0,8.57,-6.16,309.53,131.86,2.305242e+20,52108.05062999999,228.2718787542609,2.2604156366229664e-10,1.1124839515733143,1.4897387578542143,278.61691014678325
UGC02953,7.99,318.0,1.36,-2.38,307.52,127.53,2.465714e+20,50988.591998,225.80653665914988,2.0679037389575595e-10,1.0640566798587934,1.526841562248036,279.01881919156284
UGC02953,8.08,318.0,16.0,-0.67,307.34,126.82,2.493488e+20,50849.39538,225.4981050474704,2.0392877519362433e-10,1.056668737556543,1.5328298509831364,279.18357964412587
UGC02953,8.16,318.0,5.5,2.0,307.11,126.2,2.518176e+20,50715.77636600001,225.201634909696,2.0139885522695795e-10,1.0500938186902318,1.5382365298364022,279.30782274256995
UGC02953,8.25,319.0,2.94,2.92,307.22,125.51,2.54595e+20,50671.49511000001,225.1032987541498,1.9902784858304372e-10,1.0438943029984986,1.5434025613752267,279.65427824634884
UGC02953,8.34,319.0,1.74,3.49,307.32,124.83,2.573724e+20,50625.111298,225.00024732875295,1.966998454302015e-10,1.0377711963167393,1.5485709469848667,279.99388661890123
UGC02953,8.4,319.0,2.2,3.85,307.36,124.38,2.59224e+20,50587.477340000005,224.91660085462792,1.951496672376015e-10,1.0336738051901007,1.5520666992485828,280.20552988548656
UGC02953,9.59,319.0,3.23,7.94,304.71,116.41,2.959474e+20,49006.800811999994,221.3747971472814,1.6559294257019997e-10,0.9521832007635062,1.6283929490822564,282.49305991358335
UGC02953,10.8,317.0,4.08,12.02,299.89,109.7,3.33288e+20,47049.807366,216.90967559332157,1.4116862103046014e-10,0.8791615569045487,1.709784085468428,283.62829876220394
UGC02953,12.02,312.0,2.62,17.77,298.77,103.98,3.709372e+20,46350.435417999994,215.29151264738698,1.2495493959085256e-10,0.8271348464732261,1.777147248997731,287.00444037147867
UGC02953,13.22,308.0,0.76,22.79,295.36,99.15,4.079692e+20,45170.78006600001,212.53418564080462,1.1072105459431741e-10,0.7786005569885159,1.8485927605091976,288.96777850923235
UGC02953,14.42,303.0,1.86,24.88,287.38,94.93,4.450012e+20,42754.540278,206.77171053604022,9.607735951723278e-11,0.725287399807552,1.9386810468204094,287.9017486964579
UGC02953,15.63,298.0,1.34,24.46,274.79,91.19,4.8234180000000003e+20,39157.865292,197.883463917529,8.118281536454025e-11,0.6667018455868047,2.055072058974498,283.67628531598564
UGC02953,16.83,296.0,1.41,24.25,262.23,87.87,5.193738e+20,35771.489008000004,189.13352164013656,6.887426552513817e-11,0.6140844405179358,2.1792954810659997,279.20717101488725
UGC02953,18.03,294.0,1.15,25.92,253.58,84.9,5.5640580000000003e+20,33566.826544,183.21251743262522,6.032795945692875e-11,0.5747234546247187,2.2875992871617936,277.10548257719114
UGC02953,19.23,294.0,0.59,28.33,245.5,82.21,5.934378e+20,31635.806586,177.86457372394312,5.3309389098571066e-11,0.5402583104528421,2.395770459963442,275.30370665113776
UGC02953,20.43,294.0,0.5,31.05,237.34,79.76,6.304698e+20,29802.391772000003,172.63369245891718,4.727013375105358e-11,0.5087366417219693,2.507866545950861,273.3869443011498
UGC02953,21.64,292.0,1.21,33.56,229.62,77.5,6.678104e+20,28142.807024,167.7581801999533,4.214191187199241e-11,0.4803488115100859,2.621696467199009,271.62823445268765
UGC02953,22.84,290.0,1.21,34.91,222.49,75.43,7.048424e+20,26606.791200000007,163.11588273371788,3.774856790681151e-11,0.4546213667681722,2.7373878970250334,269.8760978848482
UGC02953,24.04,287.0,0.81,34.6,215.84,73.53,7.418744e+20,25114.20059,158.47460550510925,3.385236178792529e-11,0.4305207518385533,2.8585347929265144,267.93621663196376
UGC02953,25.24,283.0,1.08,32.72,209.67,71.76,7.789064e+20,23661.661389999997,153.82347476897016,3.03780549113475e-11,0.4078303899665139,2.985891740453256,265.8028579789967
UGC02953,26.44,279.0,1.87,31.05,203.93,70.11,8.159384e+20,22355.41672,149.51727900145855,2.7398412331126953e-11,0.3873132030786694,3.114085469181213,263.84972686217196
UGC02953,27.65,276.0,1.55,30.52,198.57,68.56,8.532789999999999e+20,21231.50891,145.71035965229103,2.4882258803978536e-11,0.36910039051074145,3.2399787602708328,262.27778769255497
UGC02953,28.85,273.0,1.9,30.21,193.62,67.12,8.90311e+20,20229.791548,142.23147172127554,2.272216287117648e-11,0.35271541262632344,3.364479060998299,260.8883095725188
UGC02953,30.05,271.0,1.12,30.0,189.02,65.76,9.27343e+20,19324.35148,139.01205516069462,2.0838407665771994e-11,0.33777839534434567,3.48861572181388,259.64444224166505
UGC02953,31.25,270.0,1.41,30.73,184.73,64.49,9.64375e+20,18555.03408,136.21686415418614,1.9240476038885285e-11,0.32456935292776035,3.6080056948166206,258.7405430699961
UGC02953,32.34,268.0,1.76,31.88,181.07,63.39,9.980124e+20,17946.467419999997,133.9644259495781,1.79822088583268e-11,0.3137770112497253,3.713081901333365,258.14085955166195
UGC02953,33.55,267.0,1.81,33.03,177.28,62.24,1.035353e+21,17329.908260000004,131.64310942848473,1.67381639498799e-11,0.30272864146266315,3.828477306086,257.5794255952178
UGC02953,34.75,266.0,2.18,33.45,173.75,61.15,1.072385e+21,16725.959600000002,129.32888153850246,1.5596972729010575e-11,0.29222660972575276,3.9463194810180426,256.91629027409056
UGC02953,35.95,265.0,3.01,33.24,170.44,60.13,1.1094170000000001e+21,16130.986430000003,127.00782034977217,1.4540057011926085e-11,0.2821516913113673,4.067674328096743,256.1554203763566
UGC02953,37.15,264.0,2.04,32.93,167.32,59.15,1.146449e+21,15571.949154,124.78761618846639,1.358276657225921e-11,0.27270538998226296,4.189658223048239,255.42346176877558
UGC02953,38.35,264.0,1.58,32.82,164.38,58.21,1.183481e+21,15065.37911,122.74110603216837,1.2729717764797236e-11,0.26400307819909924,4.309809365072338,254.8115224565859
UGC02953,39.56,264.0,3.23,33.03,161.57,57.32,1.2208216e+21,14610.586658,120.87425969990468,1.1967831055741477e-11,0.2559807623532063,4.427852035301435,254.34920064858335
UGC02953,40.76,264.0,2.94,33.76,158.94,56.47,1.2578536e+21,14227.098469999999,119.277401338225,1.1310615535862043e-11,0.24885290987863562,4.539154412291349,254.12397917985626
UGC02953,41.96,264.0,1.62,34.29,156.44,55.65,1.2948856e+21,13858.186305999998,117.72079810296903,1.0702247600869138e-11,0.24206784303320253,4.651225934143298,253.8849257964259
UGC02953,43.16,264.0,2.15,34.29,154.06,54.87,1.3319176e+21,13478.59633,116.09735711892843,1.0119692336823242e-11,0.23538742487249556,4.76791283479676,253.50497517179323
UGC02953,44.36,262.0,4.45,34.08,151.79,54.13,1.3689495999999999e+21,13107.76646,114.48915433350008,9.575054085263621e-12,0.22896559086178542,4.886532290278305,253.0840256915022
UGC02953,45.57,260.0,7.43,34.39,149.61,53.4,1.4062902e+21,12790.639666000001,113.09571020158104,9.095305980230825e-12,0.22315584173457034,4.999754205186937,252.88348000040327
UGC02953,46.77,258.0,7.22,34.81,147.54,52.71,1.4433222000000002e+21,12503.078122,111.81716380770888,8.662707552062873e-12,0.2177842304853971,5.109835039141813,252.76207525046752
UGC02953,47.97,257.0,5.37,34.81,145.56,52.05,1.4803542e+21,12204.317506,110.47315287435224,8.244187442437764e-12,0.21245821675558066,5.224499384788863,252.5102954373642
UGC02953,49.17,258.0,5.43,34.6,143.67,51.41,1.5173862000000002e+21,11907.826219999997,109.12298667100345,7.847590956079601e-12,0.20728495529568938,5.341538184917436,252.2025147644072
UGC02953,50.37,260.0,6.47,34.6,141.84,50.79,1.5544182e+21,11638.336462000001,107.88112189813378,7.48726209072951e-12,0.20247020432192578,5.455859325307981,251.9863617683993
UGC02953,51.58,263.0,5.75,34.6,140.1,50.2,1.5917588e+21,11385.262999999999,106.70174787696779,7.152630788031452e-12,0.19789394540071417,5.569692107054133,251.8182071809651
UGC02953,52.78,265.0,5.54,34.18,138.41,49.62,1.6287908e+21,11113.229749999999,105.41930444657658,6.822993935132737e-12,0.19328007961685476,5.689935582248124,251.46284295741074
UGC02953,53.98,266.0,4.43,33.56,136.79,49.07,1.6658228e+21,10841.18334,104.12100335667151,6.508005137161048e-12,0.1887659016166989,5.81328809879575,251.04366569838953
UGC02953,55.18,266.0,4.71,33.14,135.22,48.53,1.7028548e+21,10592.479878000002,102.91977398925826,6.22042459404055e-12,0.1845481169142095,5.934011326275477,250.71078072032938
UGC02953,57.59,262.0,5.28,32.72,132.24,47.5,1.7772274000000002e+21,10152.685496000002,100.76053540945483,5.712654157819084e-12,0.17685549967840275,6.169063914087076,250.26499100842864
UGC02953,59.99,263.0,4.7,31.36,129.47,46.54,1.8512914e+21,9690.53775,98.44052900101664,5.234474567320951e-12,0.1692918887111947,6.421058472248537,249.44640610816938
UGC02953,62.39,272.0,5.04,30.52,126.87,45.64,1.9253554e+21,9293.813390000001,96.40442619506638,4.827063818970773e-12,0.16257026870758545,6.664727799237101,248.8789594587196
NGC5907,5.03,214.0,6.0,0.0,178.85,0.0,1.552258e+20,14714.16835,121.30197174819543,9.479202780723309e-11,0.7204195838561689,1.947601971355504,169.2847993333033
NGC5907,7.55,220.0,6.0,0.0,207.41,0.0,2.32993e+20,19788.697726000002,140.6723061800012,8.493258478151703e-11,0.681925253587012,2.022827873477397,200.0728100966535
NGC5907,10.07,235.0,4.0,0.0,227.06,0.0,3.1076020000000003e+20,23715.872056,153.99958459684234,7.631566737310634e-11,0.6464076037416449,2.1005073645677372,223.19355705479987
NGC5907,12.58,235.0,4.0,16.93,232.81,0.0,3.882188e+20,25218.853106000002,158.80444926386667,6.496041177294866e-11,0.5963812594135505,2.2261860245846377,236.94273219626317
NGC5907,15.1,230.0,2.0,24.45,224.63,0.0,4.65986e+20,23808.775474000002,154.30092505879543,5.1093327855343304e-11,0.5289099028436096,2.4345528655948727,240.7565628524623
NGC5907,17.61,231.0,2.0,31.1,217.25,0.0,5.4344459999999997e+20,22678.08875,150.5924591405559,4.1730267905873005e-11,0.47799702063002303,2.631745469402675,244.3009564502854
NGC5907,20.13,232.0,2.0,42.26,208.93,0.0,6.212118e+20,21865.710254,147.8705861691229,3.5198478609066984e-11,0.4389969969389719,2.8143860263509026,248.06964625906016
NGC5907,22.65,225.0,7.0,53.67,198.38,0.0,6.989789999999999e+20,20983.596124,144.85715765539513,3.002035272018187e-11,0.4054221743652945,3.000257630109742,250.91072989844858
NGC5907,25.16,224.0,7.0,49.79,187.6,0.0,7.764376e+20,18668.1737,136.6315252787584,2.404336639544504e-11,0.36282503059237026,3.2863187154746933,247.68845070782456
NGC5907,27.68,229.0,2.0,54.3,177.97,0.0,8.542048e+20,17518.217614,132.35640375138635,2.0508217249540158e-11,0.3350916129170199,3.51213069927772,248.04489488549666
NGC5907,30.2,218.0,2.0,64.08,169.55,0.0,9.31972e+20,17329.95955,131.6433042353465,1.8594935845712098e-11,0.31907806184982834,3.660574144917909,251.8682232065077
NGC5907,32.71,214.0,2.0,61.58,162.23,0.0,1.0094306e+21,15898.639933999999,126.0898090013622,1.5750106975160055e-11,0.2936576757854597,3.929761970119007,249.95573726011682
NGC5907,35.23,213.0,2.0,64.96,155.53,0.0,1.0871978e+21,15347.008813999999,123.88304490122931,1.4116114670209964e-11,0.2780079350971522,4.120157170543831,251.4599141243023
NGC5907,37.75,211.0,2.0,61.95,149.39,0.0,1.164965e+21,14103.793666,118.75939401158966,1.2106624375839617e-11,0.25746081354995215,4.405517629656061,249.26795149115034
NGC5907,40.26,217.0,2.0,63.21,143.82,0.0,1.2424236e+21,13510.232603999999,116.23352616177485,1.0874095279580971e-11,0.2440035642122208,4.61861427204516,249.79702384833217
NGC5907,42.78,216.0,3.0,60.7,138.81,0.0,1.3201908e+21,12547.869406000002,112.01727280201032,9.504587826244512e-12,0.22812151505613334,4.902622268913251,248.0271436300287
NGC5907,45.29,215.0,3.0,60.57,134.25,0.0,1.3976494e+21,11959.33365,109.35873833398043,8.55674795839357e-12,0.21644819732380008,5.138066378802466,247.88676878757767
NGC5907,47.81,217.0,5.0,60.07,130.16,0.0,1.4754166000000002e+21,11401.552676,106.77805334430853,7.727683608819365e-12,0.2056952531428174,5.37869009567854,247.6396948264925
NGC5907,50.33,214.0,5.0,62.33,126.52,0.0,1.5531838e+21,11248.391684,106.05843523265841,7.2421510474162795e-12,0.19912848633114494,5.538466283637669,249.59735192302085
F571-8,0.22,12.4,7.0,0.92,38.29,0.0,6.7892e+18,675.2634860000001,25.985832409218684,9.946142196429625e-11,0.7379499967420308,1.9160501915700696,35.96996985973957
F571-8,0.78,37.5,4.0,2.67,85.69,0.0,2.40708e+19,3384.8059060000005,58.17908478138858,1.4061875409209503e-10,0.8774476719981226,1.7118683387302664,76.12057582039573
F571-8,1.33,56.5,4.0,3.9,104.0,0.0,4.10438e+19,4990.570000000001,70.64396647980634,1.2159132439004188e-10,0.8159262352930995,1.7928521712922068,94.5904554407354
F571-8,2.33,69.1,4.0,5.34,114.45,0.0,7.19038e+19,6053.96475,77.80722813466626,8.419533807670807e-11,0.6789591192292432,2.0289926607825155,110.83072699565793
F571-8,3.44,85.5,7.5,7.09,107.32,0.0,1.061584e+20,5348.356004,73.13245520287145,5.038090253809402e-11,0.5252095022441177,2.4475696628683883,114.41360890038563
F571-8,3.78,87.1,8.4,7.29,103.7,0.0,1.166508e+20,4999.8415,70.70955734552437,4.286161346514555e-11,0.48443315719696667,2.604480691229188,114.11393712407077
F571-8,4.77,105.0,4.0,8.42,92.03,0.0,1.4720219999999998e+20,3966.876014,62.983140712416045,2.6948483202017362e-11,0.38411986377151713,3.135285589399045,111.52259502731687
F571-8,5.44,112.0,6.7,8.94,86.43,0.0,1.678784e+20,3516.1902540000006,59.2974725768308,2.09448639848843e-11,0.3386400935374413,3.481153826784645,110.63633742317656
F571-8,6.11,116.0,4.0,9.45,81.42,0.0,1.885546e+20,3138.742044,56.02447718631563,1.6646329731547256e-11,0.3018970363457092,3.8375075543060206,109.74947063593483
F571-8,7.22,124.0,4.0,10.47,76.23,0.0,2.228092e+20,2782.686834,52.75117850816226,1.2489102038874515e-11,0.261496096426813,4.345915410444468,109.96963942071253
F571-8,9.33,135.0,4.0,11.28,68.45,0.0,2.879238e+20,2282.5235500000003,47.77576320688138,7.927526484437898e-12,0.2083379823971517,5.317241839943583,110.16682677065978
F571-8,11.1,140.0,4.0,11.8,64.24,0.0,3.42546e+20,2037.5576959999999,45.139314305824364,5.948274672598718e-12,0.1804658828914651,6.056244241273648,111.08531434290853
F571-8,15.55,144.0,5.0,11.28,55.43,0.0,4.7987300000000003e+20,1540.581454,39.25024145148664,3.210394112608961e-12,0.13258023313472186,8.053647633300633,111.38806121355172
NGC5033,0.76,206.0,16.0,2.44,95.41,277.3,2.34536e+19,39565.198326000005,198.9100257050911,1.686956302060238e-09,3.039145690146612,1.0502831157989256,203.84960087043024
NGC5033,2.28,214.0,10.0,5.15,214.07,218.08,7.036079999999999e+19,42983.55409800001,207.32475514998205,6.109020093290584e-10,1.8288807132117582,1.1913175117848869,226.28977156668049
NGC5033,3.8,222.0,8.0,8.48,237.47,168.95,1.17268e+20,39142.517964,197.84468141448735,3.337868639697104e-10,1.3518678002286637,1.3490843491891729,229.79677624607453
NGC5033,5.33,224.0,8.0,16.65,222.81,142.66,1.644838e+20,32475.461482,180.2094933181934,1.9743866254305892e-10,1.039718336898274,1.546920219889507,224.13600339246847
NGC5033,6.85,225.0,8.0,22.4,206.17,125.84,2.11391e+20,27338.97627,165.34502190873482,1.2932895094871584e-10,0.8414871348666887,1.7576823557052021,219.21048381138667
NGC5033,8.0,222.0,6.0,24.58,191.74,116.44,2.4688e+20,23752.526952000004,154.11854837105105,9.621081882696048e-11,0.7257909667510628,1.937765317547884,214.53862806428813
NGC5033,10.28,220.0,3.0,28.49,177.55,102.72,3.172408e+20,20166.364514,142.00832550945736,6.356800422265987e-11,0.5899550071638502,2.243924593500453,212.72470776677403
NGC5033,12.56,218.0,2.0,30.21,168.02,92.93,3.876016e+20,17871.328538,133.6836883767051,4.61074684366628e-11,0.5024411975099465,2.5319776394480233,212.72001373976389
NGC5033,14.91,219.0,2.0,36.41,156.39,85.29,4.6012260000000003e+20,15922.507552,126.18441881627065,3.4604923887676894e-11,0.43527983913604795,2.8335319456838466,212.40747115858306
NGC5033,17.15,217.0,2.0,41.69,147.04,79.53,5.29249e+20,14593.11605,120.80197038955946,2.7573252004255086e-11,0.38854703413477654,3.1059887287156123,212.89916385025774
NGC5033,19.39,218.0,2.0,45.72,140.32,74.79,5.983754e+20,13720.61179,117.13501521748312,2.2929772497331948e-11,0.35432310746550416,3.351748093735183,214.44820916019088
NGC5033,21.64,220.0,2.0,51.92,136.88,70.8,6.678104e+20,13620.122624,116.70528104588927,2.039519394127435e-11,0.3341669716524445,3.520311529856405,218.9682047954115
NGC5033,24.01,222.0,2.0,56.74,130.88,67.21,7.409486e+20,13176.93651,114.79083809259343,1.778387395562931e-11,0.31204181047331386,3.730660132531344,221.71754938830102
NGC5033,26.25,218.0,3.0,58.35,124.11,64.28,8.10075e+20,12390.91933,111.31450637720135,1.5296014973922167e-11,0.2893934873075796,3.9795853097279292,222.06017324070484
NGC5033,28.5,217.0,3.0,56.74,118.34,61.69,8.7951e+20,11412.032982000002,106.8271172596172,1.2975444261008971e-11,0.26653897386662956,4.273981866200993,220.8502253147043
NGC5033,30.87,207.0,3.0,53.3,113.45,59.28,9.526482e+20,10377.999614,101.87246739919476,1.0893842673507388e-11,0.24422501936728594,4.614916468426476,218.84606765480666
NGC5033,33.12,199.0,3.0,51.34,109.2,57.23,1.0220831999999999e+21,9627.755534,98.121126848401,9.41973758496373e-12,0.22710097847950803,4.9222364051163545,217.69264753090596
NGC5033,35.36,191.0,3.0,48.7,105.32,55.39,1.0912096e+21,8885.45307,94.2626812158449,8.142755589760207e-12,0.21114718844076577,5.253615290695748,216.05728896131112
NGC5033,37.73,193.0,3.0,46.75,101.61,53.62,1.1643477999999999e+21,8257.42289,90.87036310040804,7.09188688293996e-12,0.1970518439282526,5.591216979445138,214.8698281961126
NGC5033,39.98,192.0,3.0,45.26,98.44,52.09,1.2337828e+21,7754.2163820000005,88.05802849257982,6.284912046107304e-12,0.1855022601448199,5.906219561195499,214.00491694610895
NGC5033,42.22,194.0,4.0,43.99,95.58,50.69,1.3029092e+21,7319.42585,85.55364311354602,5.6177559034812245e-12,0.17538039166121172,6.216499248432247,213.3101153144889
NGC5033,44.59,196.0,5.0,42.84,92.77,49.32,1.3760474e+21,6913.0838380000005,83.1449567803123,5.023870426265838e-12,0.16585127634441632,6.54331297541624,212.6839701936319
UGC07232,0.21,16.4,3.3,3.43,15.55,0.0,6.4806e+18,122.99405,11.090268256448985,1.897880597475542e-11,0.32235472930092424,3.628989058662959,21.126856409097993
UGC07232,0.41,26.2,3.3,6.87,25.1,0.0,1.26526e+19,337.0015000000001,18.357600605743663,2.6634960403395363e-11,0.38187887190248365,3.15037754675894,32.5834614309788
UGC07232,0.62,35.2,3.3,10.25,25.64,0.0,1.91332e+19,407.47091600000005,20.185908847510433,2.1296537745907634e-11,0.34147121937709,3.4569052799178572,37.531165195519385
UGC07232,0.82,44.0,3.3,12.77,24.3,0.0,2.53052e+19,434.6983,20.849419656191873,1.7178220286739483e-11,0.3066822826349352,3.786220409164062,40.56924420406328
NGC4088,1.74,84.9,11.3,0.0,137.12,0.0,5.36964e+19,8648.871424,92.99930872861368,1.6106985615423011e-10,0.9390889678996589,1.641992640331282,119.16955662156144
NGC4088,3.5,136.0,9.9,0.0,180.27,0.0,1.0801e+20,14948.745534000001,122.26506260579922,1.3840149554670866e-10,0.8705024439659077,1.7204037722311882,160.36794631976096
NGC4088,5.24,162.0,8.0,16.92,240.94,0.0,1.617064e+20,26990.244856,164.28708061195803,1.6690894643625727e-10,0.9559593188096545,1.624545357272912,209.3964588346085
NGC4088,6.98,179.0,6.5,31.57,264.14,0.0,2.154028e+20,33090.837116,181.9088703609585,1.5362305929170842e-10,0.917123470865032,1.665742299224278,234.77820831768423
NGC4088,8.72,182.0,6.1,42.24,243.55,0.0,2.6909920000000003e+20,29069.854750000006,170.49884090515104,1.0802653723979856e-10,0.7690681585324469,1.8637408763923653,232.7631340405172
NGC4088,10.47,179.0,7.0,48.71,230.28,0.0,3.2310420000000003e+20,26765.948164,163.60302003325,8.283998835050737e-11,0.6734721138368882,2.0405454264550205,233.70308750802235
NGC4088,12.19,174.0,6.2,53.67,219.07,0.0,3.761834e+20,24956.634754,157.97669054009202,6.634166939317364e-11,0.602688356196173,2.2091549057957565,234.8043272577232
NGC4088,13.94,171.0,7.2,54.74,199.15,0.0,4.301884e+20,21240.399950000003,145.74086575151117,4.937464596906843e-11,0.5199380493808405,2.4664402574817657,228.8846380203217
NGC4088,15.68,168.0,6.1,54.64,184.18,0.0,4.838848e+20,18589.774904,136.3443247957171,3.841776989895116e-11,0.458633399652554,2.718476831419768,224.80185136655936
NGC4088,17.42,165.0,5.6,53.77,172.93,0.0,5.3758120000000007e+20,16647.413954000003,129.02485789180318,3.096725472170531e-11,0.4117664483386053,2.962778445969577,222.08691821907112
NGC4088,19.28,171.0,8.6,52.37,162.7,0.0,5.949808e+20,14919.410299999998,122.14503796716426,2.5075448316987703e-11,0.37053049482275685,3.2296403141728267,219.5092913035011
NGC4088,21.48,174.0,7.6,50.22,152.44,0.0,6.628728e+20,13211.507056,114.94132005506114,1.9930682109750167e-11,0.33033963482990875,3.5546658255670427,216.70831233757752
UGC08837,0.52,7.31,2.12,-3.67,11.19,0.0,1.60472e+19,71.06830599999999,8.430202014186849,4.428704446881699e-12,0.1557176899329181,6.934849186781468,22.200179820668943
UGC08837,1.05,14.6,2.05,-4.64,16.58,0.0,3.2403e+19,147.981944,12.164782940932403,4.566921087553621e-12,0.15812893899411867,6.837125061466391,31.808348872063704
UGC08837,1.57,21.0,2.05,2.4,20.63,0.0,4.84502e+19,201.53457399999996,14.196287331552568,4.159623159450321e-12,0.1509129807006772,7.138906536184237,37.9306800307575
UGC08837,2.09,28.1,2.06,12.6,23.82,0.0,6.449739999999999e+19,419.760504,20.488057594608623,6.508177135822532e-12,0.18876839602683007,5.813218303555023,49.39797004900385
UGC08837,2.63,35.3,2.5,16.76,25.79,0.0,8.11618e+19,586.8546860000001,24.22508381822445,7.230676081604894e-12,0.19897066730744126,5.542436401999551,57.03161206182425
UGC08837,3.15,43.0,3.38,17.12,27.83,0.0,9.7209e+19,649.368494,25.482709706779616,6.680127292740386e-12,0.1912458290884441,5.744799650639173,61.077752884886706
UGC08837,3.68,46.6,3.15,20.09,26.92,0.0,1.135648e+20,736.963844,27.14707800114038,6.489368571951872e-12,0.18849542932105987,5.8208670840204775,65.49632494768544
UGC08837,4.2,48.0,3.0,22.95,25.81,0.0,1.29612e+20,833.1343059999999,28.864065999093057,6.427910270653951e-12,0.1876007222510689,5.846094114224616,69.78955195919522
NGC3741,0.23,13.1,2.19,2.45,11.6,0.0,7.0978e+18,67.90010000000001,8.240151697632758,9.566358589985633e-12,0.22886160077349021,4.888508136546136,18.21895143311756
NGC3741,0.47,17.3,2.39,4.75,13.88,0.0,1.45042e+19,111.183524,10.544359819353662,7.665608858123853e-12,0.20486743543572522,5.398265599106092,24.49894268731993
NGC3741,0.7,23.6,2.21,6.71,13.02,0.0,2.1602e+19,123.00348399999999,11.090693576147526,5.6940785112489574e-12,0.17656772799522374,6.178255454705485,27.567135251432614
NGC3741,0.93,26.2,2.21,7.8,11.93,0.0,2.86998e+19,126.30945399999999,11.238747883994906,4.4010569411633516e-12,0.1552308719524103,6.954948254637875,29.639091022525687
NGC3741,1.17,27.4,2.24,8.39,10.78,0.0,3.6106199999999996e+19,123.847964,11.128700013927952,3.4301024200829774e-12,0.137041829302865,7.808458694884113,31.097615846548344
NGC3741,1.4,26.9,2.23,8.84,9.72,0.0,4.3204e+19,121.605664,11.027495817274202,2.814685306916027e-12,0.1241407961286905,8.565712048423105,32.274434174455976
NGC3741,1.64,27.4,2.21,9.23,8.89,0.0,5.06104e+19,121.54766600000002,11.02486580417195,2.4016341700520052e-12,0.11467084960046985,9.23016592325286,33.49485221290162
NGC3741,1.87,31.0,2.2,9.41,8.25,0.0,5.77082e+19,119.85685000000001,10.947915326672929,2.0769466037755468e-12,0.10663806817401825,9.886399035376655,34.42314114405141
NGC3741,2.1,32.5,2.19,9.55,7.73,0.0,6.4806e+19,118.68883400000001,10.894440508809987,1.831448230102151e-12,0.10013754194549114,10.494608098120828,35.29295678252134
NGC3741,2.33,33.0,2.19,10.05,7.3,0.0,7.19038e+19,125.51590000000002,11.203387880458305,1.74560871609011e-12,0.09776266999942752,10.73699879311412,36.71054435467599
NGC3741,2.57,36.5,2.2,10.65,6.92,0.0,7.93102e+19,135.45024400000003,11.63830932738944,1.707854021298648e-12,0.09669966655804106,10.849354342852193,38.33468002973012
NGC3741,2.8,38.9,2.21,11.28,6.62,0.0,8.6408e+19,147.39762399999998,12.140742316678992,1.705833071011943e-12,0.09664243594475469,10.855473581123972,40.000887655806395
NGC3741,3.26,41.5,2.21,12.0,6.11,0.0,1.006036e+20,161.172766,12.695383649185242,1.6020576400844499e-12,0.09365666131284389,11.185100699904725,42.45861064368664
NGC3741,3.73,42.7,2.2,12.41,5.7,0.0,1.151078e+20,168.95350000000002,12.99821141542174,1.4677849806876687e-12,0.08964598075949001,11.662459287022697,44.38933785437658
NGC3741,4.21,44.7,2.22,13.14,5.36,0.0,1.299206e+20,185.87521600000002,13.633606126040169,1.430683171106045e-12,0.08850571961189402,11.806079325139981,46.845037567212266
NGC3741,4.67,46.7,2.24,13.55,5.09,0.0,1.441162e+20,195.520226,13.982854715686637,1.3566845781390297e-12,0.08618646086715526,12.109931793786988,48.65939376077159
NGC3741,5.14,48.5,2.27,13.86,4.84,0.0,1.586204e+20,202.875376,14.24343273231562,1.2789992712160606e-12,0.08368252033525464,12.456899619867707,50.271246196756636
NGC3741,5.61,50.0,2.32,13.86,4.63,0.0,1.731246e+20,201.96057399999998,14.211283334027225,1.1665619675077946e-12,0.07991963833799845,13.01922839664464,51.277391119512416
NGC3741,6.07,50.2,2.4,13.76,4.45,0.0,1.873202e+20,198.44674999999998,14.087112905063265,1.0593985592584247e-12,0.07616041330608202,13.636526933439448,52.020423404933226
NGC3741,6.54,50.1,2.57,13.55,4.29,0.0,2.018244e+20,192.06838600000003,13.858873908077815,9.51660879457588e-13,0.07218396132028819,14.359507768130163,52.51673524486479
NGC3741,7.0,51.6,3.24,13.34,4.14,0.0,2.1602e+20,185.839816,13.632307801689338,8.602898620498102e-13,0.06863126530614361,15.076337557058503,52.931878840238056
UGCA281,0.09,7.0,2.49,1.74,3.78,0.0,2.7774e+18,9.600264,3.098429279489851,3.456565132858068e-12,0.1375694419664611,7.780516668992315,8.642627729963083
UGCA281,0.25,14.9,1.35,4.38,11.32,0.0,7.715e+18,78.12990400000001,8.839112172611003,1.0127012832145173e-11,0.2354725480644682,4.766384145217405,19.29759403897175
UGCA281,0.41,21.1,1.37,6.41,15.94,0.0,1.26526e+19,157.966556,12.568474688680405,1.2484908714414432e-11,0.261452192948707,4.346553921600358,26.20324700229921
UGCA281,0.58,26.0,1.24,7.97,17.47,0.0,1.7898799999999998e+19,203.91331399999996,14.279821917657095,1.139256899903904e-11,0.24975284092334943,4.524749590442237,30.37526434464759
UGCA281,0.74,27.5,1.59,9.12,17.72,0.0,2.28364e+19,227.61366399999997,15.086870583391374,9.967142982256397e-12,0.23360651331849708,4.80015208807405,33.05420101172898
UGCA281,0.9,28.8,2.57,9.81,17.18,0.0,2.7774e+19,232.00620400000003,15.231749866643689,8.353359400878522e-12,0.21386030743993878,5.193757633130866,34.71287935275201
UGCA281,1.08,29.5,1.85,10.01,16.66,0.0,3.3328800000000004e+19,227.875676,15.09555153016941,6.837200139218932e-12,0.1934811899006143,5.684574463260397,35.991335743311886
DDO154,0.49,13.8,1.6,3.74,12.31,0.0,1.51214e+19,83.69420600000001,9.1484537491316,5.534818601452247e-12,0.1740809704713023,6.258952695508337,22.887509175140273
DDO154,0.99,21.6,0.8,7.46,14.55,0.0,3.05514e+19,153.03475000000003,12.37072148259753,5.009091236408152e-12,0.16560714655581987,6.552181044685869,31.66561839169166
DDO154,1.48,28.9,0.7,10.87,12.95,0.0,4.56728e+19,195.30004999999997,13.974979427534052,4.276069126482282e-12,0.15301075633917124,7.048234172506696,37.10148900384277
DDO154,1.97,34.3,0.5,13.32,11.54,0.0,6.07942e+19,238.68133600000002,15.449315065723788,3.9260543933467334e-12,0.14661478212241327,7.332808183360478,41.83544494607667
DDO154,2.47,38.2,0.4,14.77,10.18,0.0,7.62242e+19,265.823804,16.304103900552153,3.487393819810505e-12,0.13818156275732194,7.748366949718878,45.38392201388228
DDO154,2.96,42.0,0.2,16.2,9.16,0.0,9.13456e+19,301.036576,17.350405643673003,3.295578287295721e-12,0.1343276508099042,7.955674254493231,48.938215510416754
DDO154,3.46,44.6,0.2,17.6,8.37,0.0,1.067756e+20,341.98617400000006,18.492868192900744,3.202849471227509e-12,0.13242435528214497,8.062513117454412,52.50969447504953
DDO154,3.95,46.3,0.2,17.91,7.77,0.0,1.21897e+20,348.539634,18.66921621279265,2.8592962419091534e-12,0.12512070418301452,8.502706390497393,54.438315305981156
DDO154,4.44,47.4,0.3,17.48,7.29,0.0,1.3701840000000002e+20,329.996686,18.165810909508004,2.408411468824625e-12,0.11483253348928016,9.217900790364757,55.15321126368936
DDO154,4.94,48.2,0.6,16.93,6.89,0.0,1.524484e+20,308.462066,17.56308816808707,2.0233867065839982e-12,0.1052541066297673,10.009586503376081,55.565976394166796
DDO154,5.43,47.4,0.7,16.28,6.55,0.0,1.675698e+20,284.77355,16.87523481318112,1.6994324156262047e-12,0.09646095386229746,10.874926150707275,55.649719908771736
DDO154,5.92,45.5,1.3,15.64,6.26,0.0,1.826912e+20,262.635896,16.206045044982442,1.437594673416125e-12,0.08871924364746618,11.778904081894044,55.619807869555785
NGC3893,1.74,145.0,6.8,17.89,202.16,0.0,5.36964e+19,19119.638276,138.27378014649054,3.560692760780984e-10,1.39626179227072,1.3289398930679466,159.4015371506977
NGC3893,3.5,174.0,6.8,17.67,210.45,0.0,1.0801e+20,20685.262049999998,143.82371866281304,1.915124715304138e-10,1.0239957018621402,1.5604445654298609,179.66136131738241
NGC3893,5.24,194.0,6.4,27.48,211.51,0.0,1.617064e+20,21333.931245999996,146.06139546779633,1.319300364487738e-10,0.8499070748331196,1.7465865410343588,193.03252881733678
NGC3893,6.98,190.0,5.5,42.57,187.95,0.0,2.154028e+20,18061.798049999998,134.39418904848526,8.385126864646138e-11,0.6775703948887333,2.031898234311437,191.57175043905806
NGC3893,8.81,186.0,5.8,48.28,172.49,0.0,2.718766e+20,16017.246446000003,126.55926060940781,5.891366320602805e-11,0.5679467478521415,2.307804846488041,192.26200606326816
NGC3893,10.9,188.0,7.0,45.48,161.01,0.0,3.36374e+20,13993.571645999999,118.29442778930881,4.1601228531337135e-11,0.4772574112771381,2.634926617945016,192.02092180324007
NGC3893,13.12,187.0,8.5,43.32,148.11,0.0,4.048832e+20,11967.445566000002,109.39582060572516,2.955777262677237e-11,0.40228649678651907,3.0192244191343844,190.08525426115705
NGC3893,15.33,179.0,12.6,43.11,134.96,0.0,4.730838e+20,10237.004836000004,101.17808476147394,2.1638882658843962e-11,0.344204876719613,3.4338737207879513,187.4902181072911
NGC3893,17.3,176.0,11.7,43.21,126.37,0.0,5.33878e+20,9213.017474,95.98446475341726,1.7256784272811393e-11,0.3073827829347955,3.7788476325953666,186.58668031422994
NGC3893,19.05,167.0,13.5,44.51,119.3,0.0,5.87883e+20,8528.085500000001,92.34763397077373,1.4506433252875152e-11,0.28182526578636447,4.071752312864889,186.34444413218904
NGC3521,0.51,143.0,33.1,-3.74,195.66,0.0,1.57386e+19,17624.091976,132.75576061324043,1.1198004889888552e-09,2.476109974448179,1.091786041227306,138.71459046799282
NGC3521,0.69,160.0,15.0,-4.96,213.36,0.0,2.12934e+19,20964.946816000007,144.79277197429437,9.845748831093205e-10,2.3217955767960015,1.1087670373491103,152.4639038243413
NGC3521,0.86,178.0,7.92,-6.2,228.63,0.0,2.65396e+19,24083.411374,155.18830939861417,9.074519349952522e-10,2.229006930158473,1.1206180190287693,164.28117587047768
NGC3521,1.03,188.0,8.01,-7.39,242.31,0.0,3.17858e+19,27063.114706,164.50870708263437,8.514215374790001e-10,2.159095832564815,1.130492067920026,174.91322565301576
NGC3521,1.2,187.0,8.03,-8.46,244.99,0.0,3.7032e+19,27680.817646000003,166.37553199313896,7.474837342298553e-10,2.023021398254502,1.1524126389222018,178.60493865218598
NGC3521,1.38,195.0,5.6,-9.15,248.08,0.0,4.25868e+19,28393.818244000006,168.50465347876897,6.667281468436231e-10,1.9106185860356142,1.1736935112749838,182.5531161971881
NGC3521,1.55,199.0,7.52,-9.58,251.75,0.0,4.7833e+19,29245.68515,171.0136987203072,6.114123126293561e-10,1.8296444110155585,1.1911435417134986,186.643534550246
NGC3521,1.71,203.0,6.87,-9.77,258.35,0.0,5.27706e+19,30798.02525000001,175.49366156645092,5.836209034955073e-10,1.7875780881569254,1.20100647591217,192.32427764210252
NGC3521,1.89,206.0,9.22,-9.95,262.92,0.0,5.83254e+19,31897.388644000006,178.59840045196376,5.468867533527419e-10,1.7304071671964214,1.21538025836071,196.89453128814094
NGC3521,2.06,211.0,12.0,-9.95,270.25,0.0,6.35716e+19,33695.131250000006,183.56233614224897,5.300343431658162e-10,1.7035371478342767,1.222551408558945,202.96312515150635
NGC3521,2.23,219.0,13.3,-9.95,275.1,0.0,6.88178e+19,34911.807100000005,186.84701522903705,5.073078055386834e-10,1.6666153422810168,1.232871252751887,207.46508948545832
NGC3521,2.41,216.0,9.9,-10.14,276.83,0.0,7.43726e+19,35354.850094,188.02885441867693,4.753746688162038e-10,1.6133092398960154,1.2487937141204588,210.12119017618932
NGC3521,2.58,214.0,10.5,-10.6,274.55,0.0,7.96188e+19,34786.10315,186.510329874782,4.36908156741875e-10,1.546659379300613,1.2705805451326675,210.23450217166592
NGC3521,2.75,213.0,8.39,-11.16,274.06,0.0,8.4865e+19,34674.632056,186.21125652333697,4.085857780710541e-10,1.4956887466645223,1.2888162578161793,211.39827229087484
NGC3521,2.92,210.0,13.3,-11.53,273.74,0.0,9.01112e+19,34602.391196000004,186.01717984100287,3.839965642006765e-10,1.44998420865788,1.3064620093174126,212.61869515429095
NGC3521,3.09,214.0,6.67,-11.25,275.23,0.0,9.53574e+19,34972.276834000004,187.00876138298977,3.6674947968380024e-10,1.4170473309387437,1.320007894290332,214.8573515199955
NGC3521,3.26,213.0,9.98,-9.77,276.33,0.0,1.006036e+20,35220.256594,187.67060663300472,3.5008942616367603e-10,1.3844876948583829,1.3341375066247827,216.76869080889935
NGC3521,3.43,212.0,11.2,-7.06,278.46,0.0,1.058498e+20,35718.230535999995,188.9926732336468,3.3744258880035674e-10,1.3592506530707837,1.3456291126413111,219.2338725226452
NGC3521,3.61,215.0,9.11,2.4,278.97,0.0,1.114046e+20,35804.92001400001,189.22188037856512,3.2139534645786627e-10,1.3265370837973829,1.3612752530627061,220.7721711469718
NGC3521,3.78,217.0,10.1,7.87,280.87,0.0,1.166508e+20,36350.39707400001,190.65780097861196,3.116172120036897e-10,1.30620193280203,1.3714538996133803,223.27761602908635
NGC3521,3.95,219.0,8.05,10.51,281.76,0.0,1.21897e+20,36629.260996,191.38772425628557,3.004935395949038e-10,1.2826766029160999,1.3836887177788564,225.1299517628481
NGC3521,4.12,220.0,8.29,12.28,282.78,0.0,1.271432e+20,36934.48146399999,192.1834578313128,2.9049513826929e-10,1.2611566592735228,1.3953348029536516,227.01534621202532
NGC3521,4.29,218.0,8.42,13.95,281.57,0.0,1.323894e+20,36664.168354,191.4788979339499,2.769418726423717e-10,1.2313851602118142,1.4122059506130873,227.5463836755022
NGC3521,4.46,220.0,9.71,15.63,279.92,0.0,1.376356e+20,36287.69184400001,190.49328556146017,2.636504788296052e-10,1.2014726398577722,1.430105702653921,227.80525683629995
NGC3521,4.64,220.0,20.1,17.49,276.26,0.0,1.4319039999999998e+20,35412.910396,188.183183084993,2.4731343997921654e-10,1.1636529165339689,1.454213642194072,226.93156987880613
NGC3521,4.81,216.0,23.5,19.07,272.38,0.0,1.484366e+20,34491.462524,185.7187726752468,2.323649458691455e-10,1.1279371713318587,1.4786344124377309,225.83237904094435
NGC3521,4.98,220.0,14.6,20.0,268.13,0.0,1.536828e+20,33471.100574,182.95108792789398,2.1779340677030863e-10,1.0919983127963808,1.5049934905264484,224.4410579297515
NGC3521,5.15,218.0,12.2,20.46,264.51,0.0,1.58929e+20,32602.760046,180.56234393139673,2.051404088995715e-10,1.0598031637335739,1.5302781104924308,223.36358261818555
NGC3521,5.32,213.0,23.1,20.65,260.81,0.0,1.641752e+20,31716.476306000004,178.09120221392186,1.9318676819641463e-10,1.0284620994686378,1.5565569298453639,222.19023602395447
NGC3521,5.49,215.0,21.2,20.74,257.41,0.0,1.694214e+20,30909.70532600001,175.81156198043408,1.8244274528483424e-10,0.9994542118791813,1.5824794964800812,221.165040005504
NGC3521,5.67,216.0,18.3,21.02,254.02,0.0,1.749762e+20,30123.874184000008,173.56230634558878,1.7215983764649141e-10,0.9708799344120628,1.6096569543216082,220.20241499898398
NGC3521,5.84,208.0,31.7,21.3,251.09,0.0,1.802224e+20,29454.936526,171.624405391541,1.6343660125489398e-10,0.9459632493336815,1.6348026086568492,219.4379344382523
NGC3521,6.01,212.0,25.3,21.67,248.27,0.0,1.854686e+20,28823.065634000002,169.77357165943116,1.5540671377257391e-10,0.922432278410415,1.6598912938459953,218.7307836309931
NGC3521,6.19,213.0,23.8,22.04,245.66,0.0,1.910234e+20,28246.225976,168.06613572043597,1.4786788412309698e-10,0.8997804078916325,1.6853713363833958,218.18657067051242
NGC3521,6.35,216.0,19.6,22.51,243.33,0.0,1.95961e+20,27743.064994000004,166.56249576060034,1.4157442038977146e-10,0.8804242567042244,1.7082540388535559,217.6975030315626
NGC3521,6.64,210.0,25.0,23.63,238.82,0.0,2.049104e+20,26794.473403999997,163.69017503808834,1.3076190083080215e-10,0.8461360831590841,1.751527050055124,216.6362041743914
NGC3521,8.82,210.0,10.7,34.97,209.65,0.0,2.721852e+20,21441.337250000004,146.42860803135432,7.877480939448583e-11,0.6567397203947365,2.0770121384075995,211.03060851909854
NGC3521,11.07,210.0,10.7,43.44,188.05,0.0,3.4162020000000003e+20,18153.92275,134.7364937572594,5.314065956872575e-11,0.5394026471512675,2.3986364003124594,208.67357263585265
NGC3521,13.32,206.0,6.25,45.95,172.02,0.0,4.110552e+20,15723.207484000002,125.39221460680884,3.825084194044985e-11,0.457635917474764,2.723147042795713,206.92173874032193
NGC3521,15.49,206.0,6.25,45.39,159.31,0.0,4.780214e+20,13734.903106,117.19600294378644,2.8732820551548526e-11,0.39663289830969134,3.0541894377314036,204.81454048628837
NGC3521,17.74,206.0,10.7,42.23,147.38,0.0,5.4745639999999993e+20,11774.970524,108.5125362527298,2.150850830130034e-11,0.343166392234916,3.4425794981306796,201.33621660549665
NGC6195,1.33,175.0,13.6,0.0,53.18,236.8,4.10438e+19,27095.082104,164.6058386084771,6.601504272021598e-10,1.9011704593550796,1.175631958294873,178.47645344438547
NGC6195,2.34,237.0,3.65,0.0,84.9,258.48,7.221239999999999e+19,34049.16338400001,184.52415393113176,4.715140804626354e-10,1.6067449231950635,1.2508432617987868,206.3738515140966
NGC6195,3.33,247.0,3.81,0.0,110.89,258.69,1.027638e+20,36439.869772,190.8922988808087,3.545983096382189e-10,1.3933747419824603,1.3302049688072144,220.1647016063252
NGC6195,4.34,242.0,3.56,0.0,133.39,255.32,1.339324e+20,38171.349469999994,195.374894676875,2.8500459537796673e-10,1.2491814731581785,1.4020121209997995,231.3367559032919
NGC6195,5.35,240.0,4.2,0.11,152.34,247.96,1.65101e+20,38958.16521200001,197.37822881969532,2.359656526126432e-10,1.1366427831828418,1.4725253162716005,239.51385043492076
NGC6195,6.34,233.0,4.59,0.0,168.35,242.98,1.956524e+20,40195.261333999995,200.48755905043083,2.0544220941833576e-10,1.0605824631243121,1.529646237449402,247.96074339065956
NGC6195,7.34,233.0,4.63,0.0,182.51,235.83,2.265124e+20,40905.816940000004,202.2518651088291,1.8058974669819404e-10,0.9943657285105604,1.5871958346338773,254.80491019496446
NGC6195,8.32,247.0,6.41,1.96,192.78,226.67,2.567552e+20,40733.813557999994,201.82619641166505,1.586484462943691e-10,0.9320034389532753,1.649522729897727,259.2129459331405
NGC6195,9.34,248.0,7.64,15.34,198.8,216.7,2.882324e+20,40016.2674,200.04066436602332,1.388333421225372e-10,0.8718594766751374,1.7187246668193465,262.25359073694085
NGC6195,10.38,242.0,9.05,25.14,207.14,206.98,3.203268e+20,40075.961599999995,200.1898139266831,1.2510961180894013e-10,0.827646611818717,1.7764409089503717,266.81937270701354
NGC6195,11.36,252.0,12.5,33.65,211.69,198.54,3.505696e+20,39878.48484199999,199.69598103617406,1.1375340258253991e-10,0.7891904137625284,1.8322144842598067,270.307117068433
NGC6195,12.34,245.0,8.72,41.56,213.57,190.81,3.808124e+20,39456.71006,198.6371316244775,1.0361193611342485e-10,0.7531899175320593,1.8898666709160985,273.0712751030286
NGC6195,13.32,247.0,4.44,48.79,217.57,183.83,4.110552e+20,39700.344048000006,199.24945181354957,9.658153953045725e-11,0.7271879356542303,1.9352318776717738,277.1811165217185
NGC6195,14.3,238.0,9.29,54.63,223.69,177.48,4.41298e+20,40491.16549,201.22416726129094,9.175469974937569e-11,0.7087837668453252,1.9694441341588034,282.3917285607598
NGC6195,15.47,249.0,9.98,60.46,231.69,170.69,4.7740420000000003e+20,41750.464412,204.3293038504267,8.745307312336169e-11,0.6919698002213013,2.0023589264351953,289.1356344316334
NGC6195,16.35,250.0,6.15,63.83,234.56,166.06,5.0456100000000003e+20,42067.65481200001,205.10400974139927,8.337476501751026e-11,0.6756424291403934,2.0359525967076357,292.6563702568114
NGC6195,17.92,253.0,6.96,68.08,238.09,158.63,5.5301120000000007e+20,42286.0359,205.63568732104844,7.646506237125034e-11,0.6470399958248978,2.0990469901259705,297.9267970160686
NGC6195,19.1,258.0,15.4,69.27,241.54,153.66,5.8942600000000007e+20,42496.697812,206.14727214299975,7.209844460882281e-11,0.6282934773194084,2.143629417271675,301.82307991057945
NGC6195,22.52,254.0,6.51,67.69,240.74,141.52,6.949672e+20,40454.41878000001,201.13283864153067,5.821054400840789e-11,0.564547426786993,2.3181279646002992,306.23278639879425
NGC6195,26.05,256.0,7.73,66.4,225.1,131.58,8.03903e+20,35681.280944,188.89489390663792,4.4385057580329953e-11,0.4929671692952997,2.569447820021793,302.7890181911258
NGC6195,29.48,255.0,8.5,63.14,208.87,123.68,9.097528e+20,31091.432478,176.32762823222004,3.4175693087177095e-11,0.4325718646745164,2.847690338881134,297.5546536177442
NGC6195,33.0,244.0,5.75,61.55,195.11,116.89,1.01838e+21,27584.747232000005,166.08656547716316,2.708689019030225e-11,0.3851050172648825,3.128707331364459,293.77644714747623
NGC6195,36.43,246.0,4.24,65.91,185.57,111.25,1.1242298e+21,25878.010304000003,160.866436225833,2.3018434757733697e-11,0.35500747487722534,3.3463640979166756,294.2740977504194
UGC03580,0.11,56.2,28.5,-1.03,10.27,44.15,3.3946e+18,946.220784,30.760701942576016,2.7874293996347137e-10,1.2353827742214512,1.4098873190789534,36.52485023118569
UGC03580,0.23,64.6,22.7,-1.23,20.21,75.69,7.0978e+18,2824.726192,53.14815323226198,3.979720747273803e-10,1.4761344054363215,1.2962087840899428,60.5097917920673
UGC03580,0.34,70.2,17.2,-1.32,28.3,90.09,1.04924e+19,4103.607526000001,64.0594062257839,3.911028483473754e-10,1.4633394897662813,1.3011718651498227,73.07187323757529
UGC03580,0.46,71.6,11.7,-1.38,36.17,97.29,1.41956e+19,4957.766380000001,70.41140802455239,3.49246694750486e-10,1.3828203290677266,1.3348818289575461,81.35128919002227
UGC03580,0.57,71.0,11.3,-1.41,42.64,98.4,1.7590199999999998e+19,5292.323716000001,72.74835885434118,3.008677397641869e-10,1.2834750035543347,1.3832651411610162,85.56101280421201
UGC03580,0.69,69.0,9.37,-1.36,48.95,99.3,2.12934e+19,5639.8821499999995,75.09914879677399,2.6486527045939115e-10,1.2042374016325226,1.4284094700142145,89.75556290739938
UGC03580,0.8,67.7,6.23,-1.23,54.16,100.36,2.4688e+19,5984.013092,77.35640304460905,2.4238549465327284e-10,1.1520011599200821,1.4619963453995097,93.53397923389564
UGC03580,0.92,66.9,4.0,-0.91,59.24,100.84,2.83912e+19,6292.7463720000005,79.32683261040995,2.2164425498041648e-10,1.101609931569869,1.4977584887524533,97.08251282403646
UGC03580,1.03,66.6,3.1,0.49,63.4,101.52,3.17858e+19,6590.140484,81.17968024080902,2.0732970332664265e-10,1.065443358015286,1.5257276995614757,100.27342559442292
UGC03580,1.14,66.8,3.02,1.27,67.15,100.91,3.5180399999999996e+19,6759.910176,82.2186729155853,1.9214989528260054e-10,1.025698402884839,1.5589581649540551,102.65679306909603
UGC03580,1.26,67.4,3.09,1.89,70.78,99.65,3.88836e+19,6875.940314000001,82.92128987178143,1.768339432048473e-10,0.9839712718113179,1.5969940536393274,104.78948322535487
UGC03580,1.37,68.3,2.71,2.47,73.73,97.83,4.22782e+19,6909.238928000001,83.1218318373699,1.6342320458297658e-10,0.945924478890272,1.6348428455000599,106.28038308780837
UGC03580,1.49,69.6,2.75,2.98,76.63,95.14,4.59814e+19,6873.81759,82.9084892517045,1.4949126364138543e-10,0.9047060815377503,1.679714704227241,107.45255920683721
UGC03580,1.61,71.2,2.61,3.52,79.45,92.26,4.96846e+19,6831.527046000001,82.65305224854072,1.3749787753146853e-10,0.867656051955841,1.7239438437626704,108.52266580972788
UGC03580,1.71,72.9,4.09,4.06,81.6,89.85,5.27706e+19,6793.011549999999,82.41972791753197,1.2872719942543762e-10,0.8395271848690011,1.760298997503356,109.3514125262848
UGC03580,1.83,74.9,6.17,4.62,83.69,87.09,5.64738e+19,6732.139132,82.04961384430764,1.19208183830378e-10,0.8078907560585673,1.8043941819675942,110.21539221895085
UGC03580,1.94,77.0,7.74,5.19,85.04,84.69,5.98684e+19,6652.867042000001,81.56510921956766,1.1112485120698068e-10,0.7800190321898987,1.8463718438732697,110.83170298872632
UGC03580,2.06,79.2,5.36,5.77,86.25,82.25,6.35716e+19,6567.1903999999995,81.03820333645113,1.0330384007953236e-10,0.7520692571182525,1.8917542582890585,111.46080209739665
UGC03580,2.18,81.4,6.34,6.34,87.49,79.96,6.727480000000001e+19,6502.322381999999,80.6369789984719,9.665316555381806e-11,0.7274575313092443,1.9347441277745479,112.1620704403744
UGC03580,2.29,83.6,2.03,6.95,88.91,78.04,7.06694e+19,6486.108162,80.5363778798128,9.178099944247441e-11,0.7088853390810183,1.96925023467679,113.01668027400888
UGC03580,2.4,85.7,1.94,7.56,90.4,76.26,7.4064e+19,6491.517496,80.56995405236371,8.764740624324908e-11,0.692738201055663,2.0008184610978774,113.96643385899493
UGC03580,2.52,87.8,1.7,8.2,91.9,74.41,7.77672e+19,6499.170726,80.61743437991562,8.357213228713392e-11,0.6764416570444232,2.034268971738197,114.98287415928954
UGC03580,2.63,89.7,2.16,8.89,92.95,72.86,8.11618e+19,6495.241866,80.5930633863734,8.002831216163268e-11,0.6619442773722853,2.065464519591922,115.8261266743865
UGC03580,2.75,91.4,1.88,9.58,93.65,71.23,8.4865e+19,6460.032684,80.37432851352476,7.612128302598243e-11,0.6455838434414434,2.102414102303829,116.54039564110487
UGC03580,2.86,92.8,3.36,10.31,93.97,69.85,8.82596e+19,6412.612464,80.07878910173405,7.265626021418632e-11,0.6307193037709106,2.137706081074714,117.08236698951856
UGC03580,2.98,94.1,1.4,11.11,94.1,68.43,9.19628e+19,6350.670554,79.69109457147643,6.90569507887972e-11,0.6148983140667101,2.177206653920043,117.58708341915316
UGC03580,3.09,95.2,5.51,11.94,93.98,67.21,9.53574e+19,6283.2988700000005,79.26726228399717,6.58920951074589e-11,0.6006427806894004,2.21463823749357,117.96284980917568
UGC03580,3.2,96.1,6.23,12.77,93.74,66.06,9.8752e+19,6212.584052,78.8199470438797,6.29109694183409e-11,0.5868982194468564,2.2525026437376034,118.29565504096958
UGC03580,4.52,97.4,2.3,19.31,88.08,55.57,1.3948719999999998e+20,5362.087298,73.22627464237137,3.8441429020010445e-11,0.4587745998455064,2.7178174015948695,120.71940261356173
UGC03580,4.69,96.9,11.7,19.73,87.36,54.55,1.4473340000000002e+20,5268.710066,72.58588062426466,3.640286254589473e-11,0.44644439114779844,2.777001322529644,120.95955861901633
UGC03580,6.03,96.8,2.3,22.95,81.5,48.11,1.860858e+20,4646.840666,68.1677391879766,2.497149522424602e-11,0.36976165924053694,3.2351882931459195,122.61078469187605
UGC03580,7.53,105.0,1.02,26.37,76.78,43.05,2.323758e+20,4259.673514,65.26617434781971,1.83309686895107e-11,0.3168052069974384,3.6828701530016787,125.25104568921722
UGC03580,8.58,110.0,7.12,28.87,73.0,40.33,2.647788e+20,4033.010994,63.50599179605024,1.5231623506111516e-11,0.28878371658706786,3.9868310479541598,126.80273438542116
UGC03580,8.7,110.0,5.26,29.07,72.69,40.05,2.6848199999999997e+20,4013.4706559999995,63.351958580615324,1.494875133528505e-11,0.286089594433029,4.0192168405504685,127.00790861064651
UGC03580,8.82,110.0,5.16,29.38,72.31,39.78,2.721852e+20,3996.3292700000006,63.216526873911704,1.4682390041780377e-11,0.2835293235500077,4.050567899410243,127.2297255225192
UGC03580,9.03,111.0,0.82,29.9,71.64,39.31,2.7866579999999997e+20,3965.690222,62.97372644206471,1.4230990031787184e-11,0.2791368417550642,4.105703539091305,127.6007381616783
UGC03580,9.05,111.0,7.81,29.9,71.58,39.27,2.7928300000000003e+20,3960.291478,62.9308467923323,1.4180209601014023e-11,0.27863837479910686,4.112070984333107,127.61269402447968
UGC03580,10.53,112.0,1.43,33.33,67.3,36.41,3.2495579999999997e+20,3804.178826,61.67802547098926,1.1706757737513841e-11,0.25317330948372263,4.470938715327163,130.41568307987822
UGC03580,12.07,112.0,1.21,36.03,63.57,34.0,3.7248020000000003e+20,3688.847554,60.73588357799695,9.903472866477196e-12,0.23285917863412436,4.813828400499493,133.25719162791285
UGC03580,13.58,114.0,1.35,37.9,59.74,32.06,4.190788e+20,3550.8971519999996,59.58940469580141,8.473101364230306e-12,0.21538765311968805,5.160726770299402,135.37063932369642
UGC03580,15.09,118.0,1.36,39.04,56.25,30.41,4.6567739999999997e+20,3404.983676,58.352237969078786,7.311893761647011e-12,0.20008500366198492,5.514538446884149,137.02887795028798
UGC03580,16.6,122.0,1.44,39.66,53.26,29.0,5.1227600000000007e+20,3264.624296,57.13689084995787,6.372783999250403e-12,0.18679455069945752,5.869032396310115,138.42032276730572
UGC03580,18.11,125.0,1.64,40.08,50.67,27.76,5.588746e+20,3141.91699,56.05280537136389,5.62186399238756e-12,0.1754445050354927,6.2144209183328885,139.73258269394975
UGC03580,19.62,128.0,1.97,40.18,48.42,26.67,6.054732e+20,3020.0936380000003,54.955378608467434,4.98798896136113e-12,0.16525794389956894,6.564911556604629,140.80712917368325
UGC03580,21.02,131.0,1.81,39.87,46.57,25.77,6.486772e+20,2892.731488,53.78411929185045,4.45943142136027e-12,0.15625695180055743,6.912731383748148,141.40960272150573
UGC03580,24.04,127.0,1.93,37.17,43.23,24.09,7.418744e+20,2508.22296,50.08216209390326,3.3809266905557065e-12,0.13605593154590553,7.861252936801771,140.41999540825242
UGC03580,27.06,124.0,1.92,34.89,40.56,22.71,8.350715999999999e+20,2211.3066420000005,47.024532342172215,2.648044361705033e-12,0.12040990989912093,8.814996009750127,139.61611377475006
UGC07399,0.61,47.3,2.77,2.98,31.89,0.0,1.88246e+19,476.68756600000006,21.833175811136595,2.5322586721630217e-11,0.3723519536030446,3.2165889994202406,39.15747669291281
UGC07399,1.22,70.4,3.27,8.37,39.0,0.0,3.76492e+19,769.7169000000001,27.743772274151908,2.0444442378589717e-11,0.3345701862123734,3.5167384481474158,52.02781002904927
UGC07399,1.84,83.7,2.5,14.43,37.15,0.0,5.67824e+19,843.08125,29.035861447527264,1.4847580412240413e-11,0.2851198449804741,4.031024938001988,58.29649683739057
UGC07399,2.45,89.1,2.45,17.93,36.43,0.0,7.5607e+19,931.971554,30.528209151537204,1.2326524713320196e-11,0.25978850373952606,4.370909765572831,63.824474667753336
UGC07399,3.07,91.7,2.48,20.44,35.9,0.0,9.47402e+19,1010.6462000000001,31.790662151015354,1.0667554005585804e-11,0.2416751675278967,4.657905503498278,68.6111834693851
UGC07399,3.68,95.1,3.01,21.54,34.58,0.0,1.135648e+20,1014.028744,31.843817987169817,8.929076122178703e-12,0.22110719033780052,5.041103865710683,71.49702246471631
UGC07399,4.3,96.9,3.62,21.34,33.94,0.0,1.32698e+20,985.280456,31.389177370552417,7.424983466216522e-12,0.2016263780529936,5.476459344640866,73.45643852211468
UGC07399,4.91,100.0,3.9,23.04,32.94,0.0,1.515226e+20,1029.961656,32.09301568877565,6.7974127687882866e-12,0.19291741089580858,5.699631803892434,76.61855004714798
UGC07399,5.52,103.0,4.82,25.45,31.6,0.0,1.703472e+20,1107.0401000000002,33.27221212964356,6.498727892210735e-12,0.18863130952471374,5.817056819322446,80.24783587716496
UGC07399,6.13,106.0,4.97,25.55,31.05,0.0,1.891718e+20,1096.2896500000002,33.11026502461133,5.795206526554172e-12,0.1781287671391923,6.128752579688706,81.96882346675186
NGC4013,5.49,198.0,10.0,0.0,186.83,108.11,1.694214e+20,21432.881660000003,146.39973244511071,1.2650634252815762e-10,0.832253735545191,1.7701234591074202,194.77896863532055
NGC4013,6.17,195.0,5.0,10.14,197.4,102.7,1.904062e+20,22879.282600000002,151.2589917988349,1.2016038658405034e-10,0.8111109448534982,1.7997398118936587,202.92056515490458
NGC4013,6.92,194.0,4.0,19.07,203.18,97.43,2.135512e+20,23720.034858000003,154.01309963116773,1.1107422884067148e-10,0.7798413450806245,1.846649585008933,209.29068905931558
NGC4013,7.69,195.0,3.0,24.03,205.95,92.74,2.373134e+20,24044.851546,155.06402402233732,1.013210865715969e-10,0.7448169003378688,1.904113532662512,213.97225806071154
NGC4013,8.36,195.0,3.0,26.62,205.73,88.92,2.5798959999999997e+20,23815.160077999997,154.32161247861558,9.231054305289825e-11,0.710927405522524,1.9653642107270557,216.3457031929152
NGC4013,9.12,195.0,3.0,28.67,202.75,85.21,2.8144319999999997e+20,23071.389936,151.8926921744427,8.197529709724735e-11,0.669948012225285,2.0480689192147716,217.37478384349478
NGC4013,9.88,192.0,7.0,29.74,195.44,81.9,3.048968e+20,21540.493255999998,146.76679888857697,7.064847271601407e-11,0.6219435841127807,2.1593604222313103,215.67032390281898
NGC4013,10.56,188.0,8.0,29.63,185.44,79.23,3.258816e+20,19584.01469,139.94289796199018,6.009549078561047e-11,0.573615061793832,2.2908705518973744,211.81228137491598
NGC4013,11.31,186.0,7.0,29.42,175.66,76.58,3.4902660000000003e+20,17757.16512,133.25601344779906,5.087625160947618e-11,0.5277851377248116,2.43848966765379,208.08811516264518
NGC4013,12.08,186.0,6.0,29.85,166.96,74.1,3.727888e+20,16239.590236000004,127.43465084505078,4.3562441350169325e-11,0.4883775688170732,2.5881333496640404,205.01274368845986
NGC4013,12.77,186.0,5.0,30.5,160.29,72.07,3.9408219999999997e+20,15138.255739999997,123.03761920648496,3.841395460134966e-11,0.4586106254733073,2.7185832295496666,202.86598576251754
NGC4013,13.47,185.0,6.0,31.57,154.56,70.18,4.1568420000000003e+20,14251.11686,119.37804178323583,3.428351825736942e-11,0.4332537148341397,2.84410841602263,201.32491499873532
NGC4013,14.17,180.0,10.0,32.44,149.44,68.41,4.3728619999999997e+20,13477.984782,116.09472331678128,3.0821884573535596e-11,0.41079883005462553,2.9684188557959543,200.02075933517432
NGC4013,14.98,163.0,8.0,32.98,144.15,66.54,4.622828e+20,12682.805686000002,112.61796342502382,2.7435166711804985e-11,0.38757290217720336,3.11237691491584,198.67982190818913
NGC4013,15.68,162.0,6.0,32.44,140.03,65.04,4.838848e+20,12018.110750000003,109.62714422076316,2.4836718884329504e-11,0.36876246901733023,3.242433492777487,197.40295037235177
NGC4013,16.37,164.0,5.0,31.79,136.17,63.66,5.051782e+20,11404.241769999999,106.79064458088077,2.2574691010023784e-11,0.3515689488888319,3.373629504765461,196.14710427317218
NGC4013,17.19,166.0,5.0,30.82,132.07,62.12,5.3048340000000003e+20,10748.506878,103.67500604292242,2.0261721437466285e-11,0.3330717304206773,3.5300610688401974,194.78933666448194
NGC4013,17.88,166.0,5.0,29.63,128.95,60.91,5.517768e+20,10233.476975999998,101.16064934548413,1.8546406764474328e-11,0.3186614247227544,3.6646372195261403,193.65428115952773
NGC4013,18.58,166.0,5.0,28.56,126.05,59.75,5.7337879999999993e+20,9766.6595,98.82641094363389,1.703352042314784e-11,0.3053878897640714,3.799933605502098,192.64645765636678
NGC4013,19.39,166.0,5.0,27.91,122.95,58.49,5.983754e+20,9306.348096000002,96.46941533978529,1.5552691664797717e-11,0.2918114874114202,3.9511530722161994,191.75715337536636
NGC4013,20.09,168.0,5.0,27.26,120.47,57.46,6.199774e+20,8937.856950000001,94.54023984526378,1.4416423808351727e-11,0.2809495712964004,4.082739351058633,191.02601991325136
NGC4013,20.79,172.0,5.0,26.4,118.15,56.49,6.415794e+20,8586.209596,92.66180224882312,1.3382925941824196e-11,0.27069182528173374,4.216768051249183,190.27888560148224
NGC4013,21.48,173.0,5.0,25.97,116.0,55.57,6.628728e+20,8284.692353999999,91.020285398366,1.2498163077441101e-11,0.2615909389783135,4.344536801563168,189.71860958161693
NGC4013,22.3,171.0,5.0,26.08,113.61,54.54,6.881780000000001e+20,7985.814502,89.36338457108705,1.1604286248615909e-11,0.2520628369046654,4.488247746675289,189.32066433426738
NGC4013,22.99,170.0,5.0,26.4,111.72,53.72,7.094714e+20,7765.8705279999995,88.12417675076459,1.09459951845839e-11,0.24480891527845794,4.605198951355845,189.11208002639825
NGC4013,23.69,172.0,5.0,27.16,109.89,52.92,7.310734e+20,7580.781310000001,87.06768235114566,1.0369384674644162e-11,0.2382736930848428,4.716691789429342,189.0931224617554
NGC4013,24.39,173.0,5.0,28.88,108.16,52.15,7.526754e+20,7466.430125999999,86.40850725478366,9.919854064580828e-12,0.2330516836425692,4.810297111333085,189.51450410738522
NGC4013,25.2,176.0,5.0,30.17,106.26,51.31,7.77672e+20,7315.224602000001,85.52908629232515,9.406568067257147e-12,0.2269421706354789,4.925304531811856,189.8149332467079
NGC4013,25.9,178.0,5.0,29.96,104.71,50.61,7.99274e+20,7119.357452,84.37628489095736,8.90728017175587e-12,0.22083716319053898,5.046611510869137,189.54849318117823
NGC4013,26.59,180.0,6.0,29.63,103.24,49.95,8.205674e+20,6928.546946,83.23789369031391,8.443604932391904e-12,0.21501242416053654,5.168797941946549,189.24127244120098
NGC4013,27.41,180.0,8.0,29.1,101.58,49.19,8.458726e+20,6706.36015,81.89236930264016,7.92833359302571e-12,0.2083485876657306,5.316998399755136,188.83248180790196
NGC4013,28.1,180.0,5.0,28.45,100.24,48.59,8.67166e+20,6517.563522,80.73142834113615,7.515935267295997e-12,0.20285752323250053,5.446461432154677,188.40822262892672
NGC4013,28.8,180.0,5.0,28.02,98.94,47.99,8.88768e+20,6347.515702,79.67129785562678,7.141926466749478e-12,0.19774581014987838,5.573465246202341,188.08949509427862
NGC4013,29.61,178.0,5.0,27.59,97.5,47.33,9.137646e+20,6164.542394,78.51459987798448,6.7463134312710304e-12,0.19219091767660226,5.719165563280095,187.76591430061274
NGC4013,30.31,174.0,5.0,27.59,96.31,46.78,9.353666e+20,6034.64097,77.6829516045831,6.4516318735349326e-12,0.18794656494738746,5.8363142230559095,187.670085320615
NGC4013,31.01,170.0,10.0,26.19,95.16,46.25,9.569686e+20,5835.380626,76.38966308343034,6.097776485038275e-12,0.18271969170957794,5.988082049924988,186.92976750916543
UGC01281,0.08,1.41,4.0,-5.85,1.5,0.0,2.4688e+18,35.25749999999999,5.937802623866846,1.4281229747245623e-11,0.27962912655896854,4.099437489878047,12.02230915004997
UGC01281,0.23,4.46,4.0,-5.85,3.55,0.0,7.0978e+18,40.01965,6.326108598498764,5.638317506833102e-12,0.1757010542579325,6.206119711614954,15.759655412379146
UGC01281,0.38,7.71,4.0,-0.98,5.31,0.0,1.17268e+19,13.930605999999997,3.7323727037904453,1.1879290172937205e-12,0.08064823155262739,12.906247891977921,13.408648489742543
UGC01281,0.54,11.0,4.0,-2.22,8.22,0.0,1.6664400000000002e+19,36.00986400000001,6.000821943700713,2.160885720457983e-12,0.10877159651589825,9.702639071720123,18.691995971905406
UGC01281,0.69,14.2,4.0,-3.47,10.22,0.0,2.12934e+19,60.08716400000001,7.751591062485173,2.8218679966562416e-12,0.1242990903247897,8.555466761268912,22.673194181255408
UGC01281,0.84,17.2,5.78,-4.43,12.07,0.0,2.59224e+19,86.639954,9.308058551599254,3.342281347406104e-12,0.13527610988909775,7.903557839911308,26.16799357394936
UGC01281,1.0,20.2,4.74,-5.15,13.91,0.0,3.086e+19,115.527026,10.748349919871423,3.743584769928711e-12,0.14316716960347312,7.496768109822288,29.429225683653495
UGC01281,1.15,23.2,4.0,-5.85,15.41,0.0,3.5488999999999996e+19,143.457826,11.977388112606187,4.042318070388009e-12,0.1487698224639789,7.234186242189763,32.21491317982485
UGC01281,1.3,26.4,7.13,-1.76,16.74,0.0,4.0118e+19,132.00229599999997,11.489225213216075,3.290350864948402e-12,0.13422107375807135,7.961576607212506,32.418303347521764
UGC01281,1.46,29.3,4.38,2.33,17.86,0.0,4.50556e+19,152.159516,12.335295537602656,3.3771499214304103e-12,0.1359799175603378,7.865355278057321,34.594633287220255
UGC01281,1.61,31.6,4.94,5.46,18.77,0.0,4.96846e+19,191.875534,13.851914452522438,3.861871364567693e-12,0.1454114165048015,7.389152471233487,37.653652893515456
UGC01281,1.76,34.6,4.0,7.63,19.16,0.0,5.43136e+19,227.08547599999997,15.069355527029016,4.181005788605431e-12,0.1513003691484637,7.121972757578486,40.21562598933085
UGC01281,1.92,37.4,7.09,9.79,19.52,0.0,5.92512e+19,271.118084,16.46566378862389,4.575739968135667e-12,0.1582815415501411,6.831040706507613,43.035086476901036
UGC01281,2.07,39.9,4.0,11.26,19.66,0.0,6.388019999999999e+19,304.58477600000003,17.45235731928498,4.768062341695862e-12,0.16157366109776639,6.702586183986714,45.18302459409162
UGC01281,2.22,42.2,4.37,12.73,19.81,0.0,6.850920000000001e+19,342.573506,18.50874134024245,5.000401493522036e-12,0.16546343703585398,6.557413589308602,47.396161907706116
UGC01281,2.38,44.4,4.58,13.9,19.88,0.0,7.34468e+19,375.008624,19.365139400479407,5.10585381527854e-12,0.16719904458139806,6.494822186384909,49.35194354066389
UGC01281,2.53,46.7,5.91,14.68,20.02,0.0,7.80758e+19,399.870584,19.996764338262327,5.121568834389145e-12,0.16745615314687515,6.485660644318554,50.92568025534344
UGC01281,2.68,48.5,7.72,15.47,19.97,0.0,8.27048e+19,422.769314,20.56135486780966,5.111786909586868e-12,0.16729616053107504,6.491358339389415,52.386516510184585
UGC01281,2.76,49.3,9.73,15.76,19.92,0.0,8.51736e+19,430.908544,20.758336734912074,5.059179651910922e-12,0.16643308141554658,6.522283895615541,53.014223157699305
UGC01281,3.07,53.0,4.0,16.84,19.61,0.0,9.47402e+19,460.479566,21.45878761719776,4.8604453653253845e-12,0.16313142732593847,6.643614928572623,55.310477479228496
UGC01281,3.46,54.1,4.0,18.3,19.28,0.0,1.067756e+20,505.8804640000001,22.49178658977539,4.737790881062716e-12,0.16105994523002148,6.722284235388957,58.315283315254945
UGC01281,3.83,55.0,4.0,18.5,18.95,0.0,1.181938e+20,507.43715,22.52636566337322,4.2932636906504405e-12,0.15331808459482507,7.0351592751225995,59.74864996269186
UGC01281,4.23,55.7,4.0,18.21,18.54,0.0,1.3053780000000002e+20,489.720636,22.12963253196944,3.751561892417369e-12,0.1433196243182791,7.489350750958646,60.56145319414443
UGC01281,4.62,56.4,4.0,19.58,18.33,0.0,1.425732e+20,537.931294,23.193345899201347,3.7730183091913485e-12,0.14372888601973852,7.469516947563955,63.388381562854306
UGC01281,4.99,56.9,4.0,20.46,18.23,0.0,1.539914e+20,571.484734,23.90574688228753,3.711147077044563e-12,0.1425455573343179,7.527175839336672,65.58708777125682
NGC4214,0.21,55.5,7.21,5.41,32.3,0.0,6.4806e+18,509.1814999999999,22.56505040987057,7.857011696447858e-11,0.6558859126158413,2.078924653495284,32.53536496573703
NGC4214,0.63,63.2,5.22,13.09,52.43,0.0,1.94418e+19,1435.844354,37.89253691691809,7.385346799164689e-11,0.6358944726745813,2.1252254562483244,55.24032016861625
NGC4214,1.04,66.6,7.97,16.91,57.12,0.0,3.20944e+19,1786.787524,42.27040955562177,5.567287514332718e-11,0.5521046798584944,2.357027389530813,64.89612571902843
NGC4214,1.46,70.5,4.62,16.91,56.92,0.0,4.50556e+19,1776.2958440000002,42.146124898974996,3.942452978098172e-11,0.46460391417295027,2.69094943471804,69.13698212464733
NGC4214,1.88,76.1,4.69,16.7,53.72,0.0,5.80168e+19,1606.3756640000001,40.07961656503216,2.768811213303734e-11,0.3893554658412947,3.100711751258457,70.5755474530691
NGC4214,2.3,78.8,4.52,15.77,48.94,0.0,7.097799999999999e+19,1350.449756,36.748466036012985,1.9026314576347604e-11,0.3227579435584463,3.6251470111770403,69.96841356432317
NGC4214,2.71,80.1,6.65,14.85,45.52,0.0,8.36306e+19,1173.674884,34.25893874596818,1.4034036393377543e-11,0.2771985169589951,4.130593255592289,69.62739087534777
NGC4214,3.14,80.1,6.28,13.92,42.09,0.0,9.69004e+19,1008.6877260000001,31.759844552516313,1.0409531085526996e-11,0.2387345011715984,4.708629264354856,68.91688142421387
NGC4214,3.55,80.1,5.09,13.09,39.26,0.0,1.09553e+20,880.367996,29.670995871389284,8.036000803264173e-12,0.20975850979427588,5.284854105698895,68.2100902959856
NGC4214,3.96,80.4,5.4,12.99,36.87,0.0,1.222056e+20,794.0626739999999,28.179117693781684,6.49776011901255e-12,0.1886172637664106,5.817450426220583,67.96631696147112
NGC4214,4.38,80.1,7.58,12.99,34.8,0.0,1.351668e+20,725.8184999999999,26.941018911689287,5.369798648780616e-12,0.17146623183898924,6.346333970575966,67.86962945988796
NGC4214,4.8,80.4,8.9,13.09,33.03,0.0,1.48128e+20,673.199314,25.94608475281001,4.544713450529272e-12,0.15774400245952058,6.852525119495274,67.91991762076856
NGC4214,5.22,80.6,9.37,13.09,31.53,0.0,1.610892e+20,628.652914,25.072951840579123,3.902514346089e-12,0.1461745809022988,7.353311595294452,67.99029902811021
NGC4214,5.63,80.6,9.37,13.92,30.23,0.0,1.737418e+20,614.138734,24.781822652904285,3.534778239893911e-12,0.1391171556497877,7.699775426117869,68.765764245592
UGC11455,0.62,35.1,4.01,0.82,71.2,0.0,1.91332e+19,2332.6148000000003,48.29715105469473,1.2191451508372882e-10,0.8170098848494562,1.7913139546834498,64.64089604995544
UGC11455,1.23,64.6,4.19,1.0,112.64,0.0,3.79578e+19,5837.374016,76.40270948075074,1.5378588896089865e-10,0.9176093854206984,1.6652037468698204,98.59217556846856
UGC11455,1.83,80.1,6.32,2.09,139.71,0.0,5.64738e+19,8983.054786,94.77897860812809,1.5906588163006566e-10,0.9332287758413582,1.6482117476359757,121.67981109429279
UGC11455,2.47,113.0,10.4,3.39,159.08,0.0,7.62242e+19,11652.457444000001,107.94654901385223,1.5287083949716759e-10,0.9148753545718511,1.668241909006661,139.42423695684133
UGC11455,3.08,136.0,7.59,2.17,171.23,0.0,9.50488e+19,13491.776833999998,116.15410812364752,1.419457882056375e-10,0.8815782331705303,1.7068598124394385,151.7516776722946
UGC11455,3.68,150.0,7.75,0.18,180.9,0.0,1.135648e+20,15053.445000000002,122.69248143223774,1.3255379307672802e-10,0.8519138583189069,1.7439762703151969,162.02731518634428
UGC11455,4.32,171.0,9.19,0.0,190.21,0.0,1.3331520000000002e+20,16642.728286,129.00669860902573,1.24837440036845e-10,0.8267458629166133,1.777684743184454,172.00443063766284
UGC11455,4.91,192.0,9.16,0.2,198.61,0.0,1.515226e+20,18145.168766000003,134.70400426861855,1.1975222683612875e-10,0.8097321857443441,1.8017278547023554,180.8111058369407
UGC11455,5.53,197.0,9.96,0.2,213.09,0.0,1.706558e+20,20887.420126000005,144.52480799502902,1.2239502042122217e-10,0.8186183543213844,1.789038688816395,193.3090859607386
UGC11455,6.17,195.0,12.4,0.0,230.24,0.0,1.904062e+20,24384.810496000002,156.15636553147618,1.2806731343832293e-10,0.8373726129258751,1.7631904268230933,207.35251246715697
UGC11455,6.78,196.0,7.09,0.58,253.17,0.0,2.092308e+20,29484.058893999998,171.70922774854006,1.4091643722625922e-10,0.8783759382283111,1.7107384016043916,224.58742570574006
UGC11455,7.38,216.0,5.99,2.58,275.53,0.0,2.277468e+20,34928.375614,186.89134708166668,1.5336494569407777e-10,0.9163526830781858,1.6665978369703063,241.27070946797252
UGC11455,8.0,225.0,5.24,0.0,287.96,0.0,2.4688e+20,38143.642336,195.3039741940752,1.545027638366818e-10,0.9197456226966911,1.662843313700704,251.84697857748597
UGC11455,8.62,240.0,6.15,0.0,290.86,0.0,2.6601319999999997e+20,38915.788216,197.27084988918156,1.4629269606169922e-10,0.89497504337824,1.6909538258520913,256.5244646615502
UGC11455,9.23,247.0,4.37,7.92,295.63,0.0,2.848378e+20,40265.390974,200.6623805649679,1.41362526230718e-10,0.8797651453547239,1.7090521185988394,262.3273751447326
UGC11455,9.85,254.0,6.48,16.06,302.1,0.0,3.0397099999999997e+20,42239.55220000001,205.52263184379478,1.3895915136641329e-10,0.8722544219440226,1.7182370296722997,269.40223218603086
UGC11455,10.43,257.0,7.41,21.24,307.81,0.0,3.218698e+20,44034.75580600001,209.84459918234734,1.3680921852873433e-10,0.8654804940079082,1.7266662720131052,275.741414456649
UGC11455,11.05,273.0,5.38,23.48,312.49,0.0,3.41003e+20,45470.310446,213.23768533258843,1.3334284579901052e-10,0.8544456891385606,1.7407015936234536,281.3365277668461
UGC11455,11.67,272.0,5.98,24.19,316.07,0.0,3.601362e+20,46539.268754,215.729619556518,1.2922685571181125e-10,0.8411549246784703,1.7581249665012137,286.04518929553285
UGC11455,12.19,270.0,20.9,23.78,319.44,0.0,3.761834e+20,47504.76865600001,217.95588694963027,1.2628087431821825e-10,0.8315117551827346,1.7711358909054997,290.0644768940248
UGC11455,12.91,279.0,9.4,22.46,323.2,0.0,3.9840260000000003e+20,48555.242,220.35254026218985,1.2187481206196945e-10,0.8168768391551572,1.7915025782607341,294.9353170291308
UGC11455,14.56,287.0,10.8,23.48,326.62,0.0,4.493216e+20,49624.397624000005,222.76534206200031,1.104429380292423e-10,0.7776220716167991,1.850129740936519,303.0042473633364
UGC11455,16.63,291.0,10.0,24.49,316.26,0.0,5.132018e+20,46609.138395999995,215.891496812635,9.082029407535202e-11,0.7051654978814272,1.9763892910392034,303.5091464691279
UGC11455,17.77,286.0,9.67,24.49,310.12,0.0,5.4838219999999997e+20,44839.990724,211.75455301834717,8.176777204657628e-11,0.6690994694151355,2.049892726752443,303.17844721017786
UGC11455,18.49,288.0,6.96,26.12,307.21,0.0,5.7060139999999997e+20,44096.12708599999,209.99077857372689,7.72800891936122e-11,0.6504791949214186,2.09115632739116,303.66411570900766
UGC11455,20.24,289.0,6.63,41.26,301.54,0.0,6.246064e+20,43528.51853600001,208.6348929014512,6.968951732803251e-11,0.6177081501210376,2.1700387664920378,307.34113403689923
UGC11455,22.62,288.0,10.0,55.9,294.39,0.0,6.980532000000001e+20,42990.927166,207.34253583382258,6.158689218242965e-11,0.5806891985839051,2.2702125909925153,312.4076569975444
UGC11455,24.89,269.0,8.23,53.66,286.32,0.0,7.681054e+20,40589.801104,201.46910707103459,5.284405122526153e-11,0.5378951837242141,2.4037081841576033,312.3556260210693
UGC11455,27.06,267.0,7.11,52.14,273.02,0.0,8.350715999999999e+20,37006.942983999994,192.37188719768798,4.431589217499433e-11,0.4925829232292897,2.570998569295899,308.4555032186634
UGC11455,29.13,272.0,5.36,47.05,261.41,0.0,8.989518e+20,33647.88902600001,183.43360931410584,3.7430136995109206e-11,0.45269980929026327,2.74656609781083,304.0002487856099
UGC11455,31.3,274.0,5.78,45.53,250.43,0.0,9.65918e+20,30921.965954,175.8464271857691,3.201303418509645e-11,0.4186614973852013,2.923351485741355,300.6589016039097
UGC11455,33.46,259.0,5.81,50.92,239.85,0.0,1.0325756e+21,29055.736750000004,170.45743383613402,2.8139089041034866e-11,0.3925135196453064,3.080308721966021,299.16657456035034
UGC11455,35.53,272.0,6.69,49.39,229.51,0.0,1.0964558e+21,26669.798545999998,163.3089052868826,2.4323642180560304e-11,0.3649336460808618,3.270568026675846,295.3394494517005
UGC11455,37.7,274.0,6.39,46.04,219.93,0.0,1.163422e+21,24369.515854,156.10738564846957,2.094641140875796e-11,0.3386526028114881,3.481045784734499,291.2583053572675
UGC11455,39.87,272.0,5.59,49.19,212.13,0.0,1.2303881999999998e+21,23119.259074,152.05018603737386,1.8790215213377377e-11,0.3207491250555221,3.6443847859854013,290.26793834755597
UGC11455,41.93,266.0,8.82,49.09,205.47,0.0,1.2939598e+21,21830.071713999998,147.75003118104578,1.687074955033379e-11,0.3039252568235545,3.815570850873823,288.60732025439614
D512-2,0.96,22.9,2.71,4.08,14.85,0.0,2.96256e+19,118.08675,10.86677274999344,3.985969904407e-12,0.14772929009746283,7.28144462825045,29.32306483734355
D512-2,1.92,33.5,2.71,6.24,21.2,0.0,5.92512e+19,245.68,15.674182594317319,4.146413912292072e-12,0.1506731714807034,7.149432953186189,41.91029334112066
D512-2,2.88,37.2,4.19,7.45,20.56,0.0,8.88768e+19,249.95075599999998,15.809830992139036,2.8123284816735073e-12,0.12408881173222505,8.569082347324875,46.280110316853246
D512-2,3.83,35.9,5.98,8.09,20.08,0.0,1.181938e+20,250.92304399999995,15.840550621742919,2.1229797502068636e-12,0.10781334710382712,9.784272146612734,49.548959124813926
UGC04325,0.7,41.3,3.05,2.87,20.97,0.0,2.1602e+19,210.51771399999998,14.509228580458714,9.745288121470233e-12,0.2309920031443923,4.848386434597611,31.94794561157414
UGC04325,1.4,68.7,3.07,6.75,32.22,0.0,4.3204e+19,523.1015639999999,22.871413686084207,1.2107711415609665e-11,0.2574723718445208,4.405344227604761,48.004608689358385
UGC04325,2.09,83.8,3.05,14.14,40.91,0.0,6.449739999999999e+19,969.8085259999999,31.14174892327019,1.5036397219112708e-11,0.28692705331240903,4.009084234940283,62.354182477980366
UGC04325,2.79,88.7,3.05,20.18,46.75,0.0,8.60994e+19,1412.5911500000002,37.58445356793152,1.640651560870343e-11,0.299714518553013,3.8614472674213767,73.85557687914381
UGC04325,3.49,90.1,3.05,24.08,50.1,0.0,1.077014e+20,1734.451,41.64674056874079,1.6104256769178484e-11,0.2969408493471552,3.89238285695541,82.16536580962303
UGC04325,4.19,91.6,3.05,26.71,49.34,0.0,1.2930340000000002e+20,1833.2644760000003,42.81663784091413,1.4178006734548354e-11,0.278616731008596,4.112347982804977,86.82753866041938
UGC04325,4.89,92.7,3.05,28.08,47.94,0.0,1.509054e+20,1845.6784559999996,42.96136003433783,1.2230698543590882e-11,0.25877673808662627,4.385875674448527,89.97175247278511
UGC04325,5.59,91.5,3.05,29.25,45.47,0.0,1.725074e+20,1806.622114,42.50437758631457,1.047272241074876e-11,0.23945802674158737,4.696033012249491,92.10839857474434
NGC3972,0.87,39.6,4.9,0.0,48.19,0.0,2.68482e+19,1068.2470059999998,32.68404818868066,3.978840317041737e-11,0.46674304822027507,2.6812612295966542,53.51868160577672
NGC3972,1.74,73.0,5.2,5.93,61.19,0.0,5.36964e+19,1757.5043059999998,41.9225989890894,3.2730393583182475e-11,0.4233262672007617,2.897416426441827,71.35980553327371
NGC3972,2.61,89.4,6.6,7.31,74.23,0.0,8.05446e+19,2588.0788340000004,50.87316418309363,3.213224516603224e-11,0.41944028440438075,2.9189809013105914,86.91692980963022
NGC3972,3.5,102.0,5.3,13.47,83.56,0.0,1.0801e+20,3393.2867560000004,58.251924912400966,3.1416412887695585e-11,0.4147418888211358,2.945601317467088,99.97634689773987
NGC3972,4.37,110.0,4.4,16.7,88.18,0.0,1.348582e+20,3855.7177040000006,62.09442570794902,2.8590902918769493e-11,0.3956521578314217,3.060357941003659,108.6272355061326
NGC3972,5.24,116.0,4.4,20.91,99.34,0.0,1.617064e+20,4976.708476000001,70.54578992399192,3.0776199804089387e-11,0.4104942703310756,2.9701997650127216,121.58050150395013
NGC3972,6.11,123.0,4.4,24.68,106.44,0.0,1.885546e+20,5820.660256,76.29325170681874,3.08698926252661e-11,0.41111863492930006,2.9665516805910075,131.40505874807894
NGC3972,6.98,130.0,3.9,28.34,102.6,0.0,2.154028e+20,5645.4652,75.13631079577969,2.6208875650641493e-11,0.37881206127157957,3.1713238987224757,133.80432993055965
NGC3972,7.85,134.0,6.1,30.6,97.1,0.0,2.42251e+20,5273.428599999999,72.61837646216004,2.176844925304746e-11,0.3452338322032149,3.4252999903462014,134.39893947748018
NGC3972,8.72,134.0,4.9,30.07,92.41,0.0,2.6909920000000003e+20,4832.424626,69.51564303090348,1.795778146497648e-11,0.3135638183295162,3.7152310566680837,133.99094764021504
NGC0289,1.5,164.0,28.2,3.86,179.05,0.0,4.629e+19,14761.994750000003,121.49894958393675,3.189024573341975e-10,1.3213824551274056,1.3638215728732341,141.8898407169852
NGC0289,2.52,194.0,32.0,5.64,226.49,0.0,7.77672e+19,23628.760846000005,153.7164950355036,3.038396759302123e-10,1.289798434006996,1.379931359450111,180.57150405405153
NGC0289,3.46,175.0,25.2,6.85,215.85,0.0,1.067756e+20,21478.88485,146.55676323527345,2.0115911172589994e-10,1.0494686211584798,1.5387544890042355,181.7985986792598
NGC0289,4.32,185.0,31.5,7.4,220.68,0.0,1.3331520000000002e+20,22456.604704,149.85527919963315,1.68447444132402e-10,0.9603550315630107,1.6201074019273844,190.74095392208702
NGC0289,5.43,175.0,27.9,6.0,221.66,0.0,1.675698e+20,22637.251576,150.45680966975206,1.3509147576711314e-10,0.860029951375033,1.7335511382879532,198.09803945845997
NGC0289,6.38,167.0,27.2,4.74,211.57,0.0,1.968868e+20,20612.925454,143.57202183573233,1.046942987239368e-10,0.7571137252580328,1.883303688351392,197.0289281685065
NGC0289,7.57,176.0,7.18,7.37,198.06,0.0,2.336102e+20,18099.088156,134.53285158651772,7.747559034665441e-11,0.6513014578616939,2.0892825571778,194.45850247586017
NGC0289,10.6,185.0,4.29,21.99,170.85,0.0,3.27116e+20,13910.832450000002,117.94419209948407,4.252568645373507e-11,0.48253105550662956,2.6124612110223224,190.63449370104988
NGC0289,13.57,183.0,4.22,32.44,151.82,0.0,4.187702e+20,11655.037304,107.95849806291304,2.783158234277415e-11,0.39036291506678916,3.0941666768184053,189.90162727873667
NGC0289,16.64,172.0,4.33,38.81,136.17,0.0,5.135104e+20,10035.659793999997,100.17814030016727,1.954324546104616e-11,0.3271131073763595,3.5842574962525093,189.6586113164504
NGC0289,19.71,161.0,4.24,42.5,127.01,0.0,6.082506e+20,9226.758446000002,96.05601722953124,1.5169337187665745e-11,0.28819265349536805,3.9938839571841536,191.965107595867
NGC0289,22.68,156.0,5.08,49.56,119.49,0.0,6.999048e+20,9024.009246,94.99478536214501,1.2893195254554616e-11,0.26569285959546535,4.285859418619719,196.66121890367842
NGC0289,25.75,159.0,6.49,54.94,111.5,0.0,7.94645e+20,8737.2386,93.47319722786848,1.0995147015333892e-11,0.24535794386837517,4.596104116028458,200.39276007925716
NGC0289,28.72,173.0,6.97,55.53,105.68,0.0,8.862992e+20,8220.981604,90.66962889523703,9.275627918878863e-12,0.2253571090564996,4.9561654989490105,201.85278148502016
NGC0289,31.79,177.0,6.57,60.71,100.59,0.0,9.810394e+20,8340.144226,91.32439009377507,8.501334631412358e-12,0.21574620187326893,5.153040721576717,207.309196179043
NGC0289,34.77,179.0,4.47,65.78,96.09,0.0,1.0730022e+21,8574.320926,92.59762915971446,7.990963043691804e-12,0.20916988820954993,5.2982209877355535,213.1399706430339
NGC0289,37.84,181.0,4.26,67.48,92.02,0.0,1.1677424000000001e+21,8448.683384,91.91671982833157,7.235057478430174e-12,0.19903094088483522,5.540919405532528,216.36421541836773
NGC0289,40.81,182.0,4.26,68.67,88.49,0.0,1.2593966e+21,8317.589746,91.20082097218204,6.6044244886797385e-12,0.19015909101781614,5.774591677077195,219.15903933124505
NGC0289,43.88,182.0,4.83,68.27,85.15,0.0,1.3541368e+21,7996.03325,89.4205415438757,5.9048932500763585e-12,0.17980659985266123,6.076506931930562,220.42674853921937
NGC0289,46.85,180.0,5.5,67.18,82.29,0.0,1.4457910000000002e+21,7628.108686000001,87.3390444532112,5.276079797149105e-12,0.1699633493665131,6.397778200591839,220.91389151213662
NGC0289,49.92,177.0,8.5,65.98,79.64,0.0,1.5405312e+21,7270.924016000001,85.26971335708829,4.7197512234740855e-12,0.16075302610522302,6.734113028259342,221.27635242752297
NGC0289,52.99,175.0,11.0,65.09,77.21,0.0,1.6352714e+21,6978.944786,83.54007892024043,4.2677593370739555e-12,0.15286200927104457,7.054581348758414,221.88630809793193
NGC0289,55.96,172.0,11.6,64.29,75.06,0.0,1.7269256000000001e+21,6724.845756000001,82.00515688662513,3.894114347485498e-12,0.1460171788261972,7.360673027518793,222.4845854669789
NGC0289,59.03,168.0,12.6,62.6,72.97,0.0,1.8216658e+21,6368.085614,79.80028580149322,3.49574856924909e-12,0.13834698452758112,7.739727598907986,222.0073151472372
NGC0289,62.0,158.0,5.38,59.81,71.15,0.0,1.91332e+21,5905.904450000001,76.84988256334555,3.0867311531787682e-12,0.13000169229996422,8.203037981596315,220.10533505353456
NGC0289,65.07,158.0,6.5,57.13,69.42,0.0,2.0080601999999998e+21,5480.639644000001,74.03134230851147,2.729320387904705e-12,0.12224380597751984,8.690558021542305,218.24256418340343
NGC0289,68.05,166.0,15.5,55.14,67.85,0.0,2.100023e+21,5158.085950000001,71.81981585885612,2.4562045034744863e-12,0.11596631709271005,9.132855265372646,217.04389516340277
NGC0289,71.12,165.0,8.75,53.24,66.34,0.0,2.1947632000000003e+21,4858.955576,69.70620902043089,2.2138860246973344e-12,0.11009744298690359,9.592036012939813,215.8871855165719
NGC2903,0.32,44.0,8.0,0.01,197.82,0.0,9.8752e+18,18001.066204000002,134.16805209885104,1.822855861552172e-09,3.159190158133591,1.0443429184731763,137.11048834831794
NGC2903,0.64,64.0,8.0,0.03,204.19,0.0,1.97504e+19,19179.036706,138.48839917480453,9.710707988698964e-10,2.305818134944232,1.11071275752284,145.9534197830014
NGC2903,0.96,128.0,8.0,0.08,209.11,0.0,2.96256e+19,20114.422766,141.8253248401004,6.78954106110931e-10,1.9280567504720054,1.1701798827494974,153.41933670138096
NGC2903,1.28,148.0,8.0,0.07,219.11,0.0,3.95008e+19,22084.233266000003,148.60764874662408,5.590831898594458e-10,1.7495961743478605,1.2104253431229897,163.49714257015685
NGC2903,1.6,157.0,8.0,1.76,225.96,0.0,4.9376e+19,23489.741536,153.2636340949803,4.757319656513287e-10,1.6139154165090603,1.2486054653323744,171.258341873015
NGC2903,1.92,189.0,8.0,5.17,232.02,0.0,5.92512e+19,24790.037884,157.44852455326472,4.1838879016796293e-10,1.5135250847465993,1.2822693048095004,178.29050631965197
NGC2903,2.24,195.0,6.0,8.23,251.26,0.0,6.912640000000001e+19,29108.263196,170.6114392296132,4.2108750341403564e-10,1.5183985479233173,1.280512080537932,193.0634161770574
NGC2903,2.56,201.0,6.0,11.05,278.7,0.0,7.90016e+19,35851.999899999995,189.34624342721986,4.538135923829391e-10,1.5762981032330388,1.2606191561277609,212.59284526867447
NGC2903,2.88,214.0,4.0,13.64,291.79,0.0,8.88768e+19,39351.095486000006,198.37110547153787,4.4276003958288337e-10,1.556982789519408,1.2670594563521405,223.29392659307226
NGC2903,3.2,215.0,4.0,16.01,300.53,0.0,9.8752e+19,41802.72931399999,204.45715764922485,4.2331020449206074e-10,1.5224006901538871,1.279078993096407,231.2336327605324
NGC2903,3.52,215.0,4.0,18.18,298.29,0.0,1.086272e+20,41259.89748600001,203.12532458066377,3.798302587749663e-10,1.4420966995783813,1.3096402179058504,232.45563261478114
NGC2903,3.84,216.0,3.0,20.14,289.57,0.0,1.185024e+20,38976.980654,197.42588648401707,3.289130064370004e-10,1.3419617179886147,1.3537890950944613,229.7098416896694
NGC2903,4.8,214.0,2.0,24.78,274.65,0.0,1.48128e+20,35313.054749999996,187.9176807807078,2.383955413561244e-10,1.1424801615222118,1.4684865757622474,227.7207650820018
NGC2903,5.76,210.0,2.0,25.77,255.87,0.0,1.777536e+20,30780.043074000005,175.44242096482824,1.731612922269929e-10,0.9736996463475128,1.6068984950882617,222.39695342868905
NGC2903,6.72,205.0,2.0,24.89,236.77,0.0,2.073792e+20,26407.127234000003,162.50269915912168,1.273373956211616e-10,0.834982906433775,1.766415870458775,215.97677800949282
NGC2903,7.68,203.0,1.0,25.19,221.37,0.0,2.370048e+20,23176.687474000002,152.23891576728994,9.778994971409862e-11,0.7317230140523414,1.9270769754992085,211.3368420306462
NGC2903,8.64,201.0,1.0,25.4,209.59,0.0,2.6663040000000003e+20,20852.025326,144.402303742011,7.820573095190946e-11,0.6543632383177228,2.0823482469081855,208.37749010409254
NGC2903,9.6,201.0,1.0,27.64,199.24,0.0,2.96256e+20,19024.395296000002,137.92895017363108,6.421606750918126e-11,0.5929546190052358,2.235595434874457,206.23009303926696
NGC2903,10.56,199.0,1.0,32.7,189.8,0.0,3.258816e+20,17640.348400000003,132.81697331290155,5.413115806476956e-11,0.5444064505141416,2.3820075552401323,204.98644629796425
NGC2903,11.52,197.0,1.0,37.22,181.59,0.0,3.555072e+20,16553.795326000003,128.66155341048858,4.656388204233277e-11,0.5049218832974268,2.522403490472612,204.34126140080377
NGC2903,12.48,196.0,2.0,37.86,174.1,0.0,3.851328e+20,15376.3522,124.00142015315792,3.992480567741828e-11,0.4675424074076187,2.677664070114106,202.91058576466628
NGC2903,13.44,193.0,3.0,36.33,167.37,0.0,4.147584e+20,14205.718674000002,119.18774548585102,3.4250587026085555e-11,0.4330455826636264,2.845200569684492,201.04257972887842
NGC2903,14.4,190.0,3.0,35.33,161.19,0.0,4.44384e+20,13200.028305999998,114.89137611674776,2.970410344656873e-11,0.4032810614940111,3.0131762181338146,199.4342281814543
NGC2903,15.36,188.0,5.0,35.01,155.25,0.0,4.740096e+20,12312.878850000001,110.96341221321558,2.5976011561791153e-11,0.3771254467675412,3.1829904386685133,197.96912802766437
NGC2903,16.32,187.0,5.0,34.43,150.2,0.0,5.036352e+20,11563.0433,107.53159210204227,2.295916429193194e-11,0.3545501236049014,3.3499598041982828,196.81394836038493
NGC2903,17.28,188.0,3.0,33.18,145.58,0.0,5.3326080000000007e+20,10849.939144000002,104.16304116144076,2.0346403005808793e-11,0.3337670224785098,3.52386428318418,195.53442925547293
NGC2903,18.24,186.0,3.0,32.48,141.36,0.0,5.6288639999999993e+20,10246.969216000001,101.22731457467397,1.8204329001375773e-11,0.31570898436346145,3.693739482236161,194.54982592230127
NGC2903,19.2,185.0,3.0,31.94,137.48,0.0,5.92512e+20,9714.508784,98.56220768631351,1.6395463356016414e-11,0.29961355017160696,3.862563278931303,193.7082984849487
NGC2903,20.16,185.0,3.0,31.23,133.91,0.0,6.221376e+20,9223.981426000002,96.0415609306721,1.4826272236238416e-11,0.2849151798103457,4.0335273735587664,192.88644735949862
NGC2903,21.12,181.0,3.0,30.85,130.6,0.0,6.517632e+20,8797.648099999999,93.79577868966172,1.3498227730562265e-11,0.27185540916479134,4.201052741939291,192.24823451236682
NGC2903,22.08,178.0,3.0,30.69,127.55,0.0,6.813888e+20,8425.61725,91.79116106684782,1.2365359175260879e-11,0.2601974110913874,4.364894469553957,191.77312151890166
NGC2903,23.04,177.0,3.0,30.33,124.7,0.0,7.110144e+20,8072.9503,89.849598218356,1.1354130521125874e-11,0.2493311524332481,4.531486368899829,191.26542876655932
NGC2903,24.0,182.0,4.0,30.72,122.05,0.0,7.4064e+20,7795.97155,88.2947991107064,1.0525993127565348e-11,0.24006626975668782,4.685502800555496,191.1231187757671
NGC2903,24.96,180.0,8.0,30.86,119.57,0.0,7.702656e+20,7528.952654,86.76953759240624,9.774489025603635e-12,0.2313378179617343,4.841943749240488,190.931310269853
PGC51017,0.33,20.5,4.17,5.04,10.8,0.0,1.01838e+19,79.05600000000001,8.891344105364498,7.762917574972016e-12,0.20616364817750532,5.3676837865086355,20.599699255722808
PGC51017,0.99,19.9,1.82,10.8,19.85,0.0,3.05514e+19,297.89035,17.25950028245314,9.750464790484233e-12,0.23105334614293357,4.847242173655843,37.99929825200855
PGC51017,1.65,19.3,1.69,12.3,20.13,0.0,5.0919e+19,337.689774,18.376337339089094,6.6319011371001025e-12,0.19055424364591356,5.763719459327642,44.11744690731495
PGC51017,2.31,18.8,1.9,12.7,18.24,0.0,7.12866e+19,314.330896,17.729379458965845,4.4093966608030126e-12,0.15537787859897453,6.948865546902584,46.73588699855197
PGC51017,2.97,18.2,1.74,13.3,16.21,0.0,9.16542e+19,297.76148600000005,17.255766746221394,3.2487489498571814e-12,0.13336985508391605,8.009057075186654,48.83429876804204
PGC51017,3.63,18.3,2.22,14.2,14.5,0.0,1.120218e+20,298.355,17.27295574011582,2.66336552349632e-12,0.12075774375176593,8.79110313240127,51.21395879120829
NGC5055,0.72,125.0,17.6,2.2,201.48,0.0,2.22192e+19,18678.167584000003,136.66809277955116,8.406318672139414e-10,2.1453716036757555,1.1325343090582471,145.442997834958
NGC5055,1.43,162.0,8.5,3.72,240.13,0.0,4.41298e+19,26538.550174,162.9065688485274,6.013748118958163e-10,1.814563706687905,1.1946132056662848,178.0542122419396
NGC5055,2.16,178.0,5.22,4.09,263.27,0.0,6.665760000000001e+19,31899.830833999997,178.60523742040712,4.785625470163941e-10,1.6187096536593761,1.247122610289616,199.4567629775818
NGC5055,2.87,193.0,1.88,5.34,280.74,0.0,8.85682e+19,36283.391496,190.48199782656627,4.0966612730076937e-10,1.4976648304471638,1.2880818430191572,216.18505449996604
NGC5055,3.59,192.0,3.59,6.03,273.32,0.0,1.107874e+20,34400.119203999995,185.4726912620831,3.10505700142796e-10,1.3038702966419198,1.3726441273510477,217.29961252967433
NGC5055,4.3,190.0,0.97,5.11,272.18,0.0,1.32698e+20,34103.810204,184.67216954376207,2.570031967625737e-10,1.186229898054885,1.4396161099279285,221.57706239501164
NGC5055,5.03,195.0,0.99,8.42,273.73,0.0,1.552258e+20,34537.828334000005,185.8435587638162,2.2250056584665693e-10,1.1037358860489397,1.4961768983613493,227.32070049359967
NGC5055,5.75,201.0,0.45,14.42,276.2,0.0,1.77445e+20,35299.69879999999,187.88214071592859,1.9893318380343196e-10,1.0436460166953083,1.5436108503017905,233.42878588568524
NGC5055,6.46,204.0,0.81,19.11,279.72,0.0,1.993556e+20,36357.100164,190.67537901889693,1.8237310697065947e-10,0.9992634480612756,1.582655371609067,239.87655131480338
NGC5055,7.18,204.0,0.65,22.51,275.62,0.0,2.215748e+20,35451.236924000004,188.28498857848442,1.5999670054536891e-10,0.9359553187056721,1.6453078288604774,241.5123136691892
NGC5055,7.91,206.0,0.66,25.8,271.43,0.0,2.441026e+20,34555.792654000004,185.89188431451225,1.4156257513848688e-10,0.8803874242570975,1.7082986035977372,242.96422028159034
NGC5055,8.62,206.0,1.54,28.49,267.09,0.0,2.6601319999999997e+20,33626.73142599999,183.37592924372598,1.2641001057842243e-10,0.8319368032409384,1.7705556795190425,244.0040989614022
NGC5055,11.49,206.0,1.9,33.07,245.58,0.0,3.545814e+20,28836.011644000002,169.81169466205796,8.132409552221297e-11,0.6672817145976018,2.0538158912781967,243.35952612447767
NGC5055,14.3,206.0,0.42,45.73,225.03,0.0,4.41298e+20,25384.943314,159.3265304775071,5.7523359077086234e-11,0.5612052467018346,2.328402719389733,243.11801875605977
NGC5055,17.19,203.0,4.19,47.26,208.52,0.0,5.3048340000000003e+20,22234.579184000002,149.11263924966255,4.191380764035218e-11,0.47904704015080973,2.627246400903093,241.69343834030505
NGC5055,20.07,200.0,1.23,44.56,190.41,0.0,6.193602e+20,18663.338926,136.61383138613746,3.013325513328108e-11,0.4061838274070281,2.9956954188559695,236.4522762021429
NGC5055,22.96,194.0,4.09,40.45,175.86,0.0,7.085456e+20,15862.502716000003,125.94642796046263,2.2387412632299182e-11,0.35010761359053477,3.385380853202515,231.73392712034916
NGC5055,25.85,188.0,5.2,37.41,164.23,0.0,7.97731e+20,13806.394833999999,117.50061631327726,1.7307080750277974e-11,0.3078304046429905,3.7741541165262498,228.2705892074751
NGC5055,28.74,184.0,1.16,38.46,154.38,0.0,8.869163999999999e+20,12442.436424,111.54566967838778,1.40288717448454e-11,0.27714750652225395,4.131253004312816,226.72197259555855
NGC5055,31.62,182.0,2.47,40.22,146.2,0.0,9.757932e+20,11449.890799999997,107.00416253585651,1.1733931738815147e-11,0.2534669750858288,4.4663868166033325,226.1407555498738
NGC5055,34.51,180.0,3.85,42.57,139.3,0.0,1.0649786e+21,10738.270300000002,103.62562569171779,1.0083085519277101e-11,0.2349612957516819,4.7755822265961045,226.45417370643628
NGC5055,37.4,181.0,8.43,40.57,133.34,0.0,1.154164e+21,9824.520476000002,99.11871909987539,8.512239574271943e-12,0.21588452991925042,5.150082296579434,224.9379669505123
NGC5055,40.29,180.0,4.55,41.86,128.12,0.0,1.2433494e+21,9303.037424,96.45225463409345,7.482239042380206e-12,0.2024022764035152,5.45751124590176,225.32516806279085
NGC5055,43.17,179.0,0.44,42.92,123.52,0.0,1.3322262000000002e+21,8860.433984,94.12987827464774,6.6508480196531184e-12,0.19082624965178308,5.756261738190831,225.83838718398817
NGC5055,45.92,179.0,1.96,44.68,119.59,0.0,1.4170912e+21,8575.115726,92.60192074681821,6.051209495902594e-12,0.18202066536051256,6.009041706080514,226.99829962358945
NGC5055,48.81,179.0,2.99,44.56,115.83,0.0,1.5062766e+21,8157.224494,90.31735433459065,5.415489090117977e-12,0.17219417096798456,6.321739939648494,227.08556070432743
NGC5055,51.7,174.0,3.39,43.74,112.43,0.0,1.595462e+21,7727.819854000001,87.90801928151949,4.8436251405549e-12,0.1628489135746369,6.6542259173569125,226.76564809766077
NGC5055,54.59,172.0,4.84,41.74,109.32,0.0,1.6846474e+21,7239.624304,85.08598183014638,4.297412208631907e-12,0.15339214122180056,7.032016477164697,225.63057725895663
UGC06667,0.87,26.6,4.4,0.0,6.92,0.0,2.68482e+19,22.027744000000002,4.6933723483226855,8.204551515557841e-13,0.06702348814451763,15.425727462626535,18.433501446022316
UGC06667,1.74,45.2,2.7,0.0,10.96,0.0,5.36964e+19,55.25593600000001,7.433433661505295,1.0290435857897367e-12,0.07506137024635547,13.828686514447204,27.64266660447863
UGC06667,2.61,57.0,3.9,8.65,14.33,0.0,8.05446e+19,169.28299400000003,13.010879831894538,2.1017298987145013e-12,0.10727241414353883,9.830998763247825,40.79486370430583
UGC06667,3.5,69.3,3.0,16.06,16.78,0.0,1.0801e+20,387.445064,19.683624259774927,3.5871221553559854e-12,0.14014341185499038,7.64722249566417,54.43233055138136
UGC06667,4.37,77.3,3.4,18.32,18.48,0.0,1.348582e+20,492.71718400000003,22.19723370152236,3.6535945459749575e-12,0.14143593908416485,7.582121145242744,61.12152959007866
UGC06667,5.24,80.7,3.9,22.41,20.02,0.0,1.617064e+20,686.576284,26.202600710616494,4.245820103595158e-12,0.15246859481012098,7.071428521374454,69.67836907374402
UGC06667,6.11,84.0,3.0,23.49,21.36,0.0,1.885546e+20,761.654916,27.598096238690086,4.039439589381537e-12,0.148716844523795,7.236576361024704,74.24132245847899
UGC06667,6.98,85.0,3.0,25.65,22.68,0.0,2.154028e+20,894.5384039999999,29.908834882021065,4.152863398247376e-12,0.15079030726813514,7.1442870911899545,79.94272432354845
UGC06667,7.85,85.7,3.4,24.46,24.0,0.0,2.42251e+20,863.2516,29.381143612868442,3.563459387164553e-12,0.13968041283970434,7.670836168028616,81.37482163045627
UGCA444,0.12,6.48,2.6,-0.66,2.2,0.0,3.7032e+18,2.6620000000000004,1.631563667161046,7.188377619356235e-13,0.06273574286239803,16.44510424147116,6.61640895734206
UGCA444,0.19,8.6,2.65,0.47,2.24,0.0,5.8634e+18,2.5289960000000002,1.5902817360455348,4.3131902991438424e-13,0.04859581981440523,21.08195112700118,7.301792250699925
UGCA444,0.26,10.2,3.03,1.82,2.72,0.0,8.0236e+18,6.715664000000001,2.591459820255757,8.369888827957528e-13,0.06769544508651075,15.277683476300371,10.129155390514319
UGCA444,0.33,11.7,3.55,3.08,2.9,0.0,1.01838e+19,13.355,3.654449342924321,1.3113965317464995e-12,0.08473573845405448,12.308456409439826,12.821054377393025
UGCA444,0.4,12.7,3.75,4.2,2.92,0.0,1.2344e+19,21.562144,4.64350557230203,1.7467712248865845e-12,0.0977952176853599,10.733597191426403,15.213131442261703
UGCA444,0.47,14.1,3.43,5.32,3.03,0.0,1.45042e+19,32.525614000000004,5.703123179451764,2.242496242467699e-12,0.11080655817566179,9.533968581007988,17.609604821062668
UGCA444,0.55,16.0,3.33,6.65,3.44,0.0,1.6973000000000002e+19,49.665956,7.047407750371764,2.9261742767925524e-12,0.12657551332305916,8.41096738004738,20.438657877044385
UGCA444,0.62,18.1,2.66,7.97,3.69,0.0,1.91332e+19,69.784306,8.353700138262086,3.647288796437605e-12,0.14131383402510161,7.588220248306296,23.0117075377557
UGCA444,0.69,21.2,3.78,9.25,3.81,0.0,2.12934e+19,92.239906,9.60416086912334,4.3318542834869026e-12,0.15400560346152242,7.006098958646116,25.421288507316373
UGCA444,0.76,21.6,3.33,10.36,3.95,0.0,2.34536e+19,114.50674999999998,10.700782681654646,4.882267541017157e-12,0.1634972267127601,6.62993039857231,27.553072109416764
UGCA444,0.83,23.3,3.09,11.58,4.15,0.0,2.56138e+19,142.01874999999998,11.917161994367618,5.544618525950854e-12,0.1742350157984925,6.253886705223993,29.802167245311704
UGCA444,0.9,24.5,3.26,12.39,4.32,0.0,2.7774e+19,162.096804,12.731724313697654,5.8362786779001945e-12,0.1787588753627487,6.109016478027561,31.468270474743345
UGCA444,0.97,24.4,3.29,13.1,4.46,0.0,2.99342e+19,180.760136,13.44470661636021,6.038582490930106e-12,0.18183065573509236,6.014766901450889,32.97317217245804
UGCA444,1.04,25.3,2.78,13.71,4.57,0.0,3.20944e+19,197.57115400000004,14.056000640295945,6.155938543795802e-12,0.18358903580978647,5.962238872482409,34.321515328726505
UGCA444,1.11,25.4,2.78,14.22,4.69,0.0,3.4254600000000004e+19,212.32660600000003,14.571431158263076,6.198484466319851e-12,0.18422236858055055,5.943565654276327,35.524317346159684
UGCA444,1.19,25.9,2.73,14.63,4.81,0.0,3.67234e+19,224.67950600000003,14.989313059643528,6.118156434317084e-12,0.18302477929493816,5.978984607569075,36.651811797102525
UGCA444,1.26,26.7,2.67,14.83,4.88,0.0,3.88836e+19,230.883524,15.194851891347938,5.937812445349711e-12,0.18030710525165444,6.061110599480927,37.40869650979447
UGCA444,1.33,27.1,3.16,15.03,4.95,0.0,4.10438e+19,237.17204999999998,15.400391228796753,5.77851100531627e-12,0.17787199478592264,6.136835350040575,38.15082987933015
UGCA444,1.4,28.6,3.34,15.13,5.03,0.0,4.3204e+19,240.55531400000004,15.509845711676181,5.567894500509214e-12,0.17460034684071754,6.2419081256274005,38.749505404836476
UGCA444,1.48,28.9,3.21,15.24,5.09,0.0,4.56728e+19,244.17532599999998,15.626110392544907,5.3461869208806984e-12,0.17108883645953077,6.359167167478023,39.4049707043089
UGCA444,1.55,30.4,4.14,15.34,5.13,0.0,4.7833e+19,247.421374,15.729633625739666,5.172608324796688e-12,0.16828848487585812,6.45619463804728,39.96749364367361
UGCA444,1.62,30.8,4.35,15.54,5.17,0.0,4.99932e+19,253.786894,15.930690317748317,5.076428274245296e-12,0.16671655609612912,6.512091132773096,40.65320875443199
UGCA444,1.69,30.5,4.56,15.54,5.21,0.0,5.21534e+19,253.97788599999998,15.936683657524233,4.869824134188757e-12,0.16328874157235532,6.637722282652463,41.05891709730259
UGCA444,1.75,33.0,4.04,15.54,5.22,0.0,5.4005e+19,254.02586399999998,15.938188855701265,4.7037471345245804e-12,0.16048024791803808,6.744664072558127,41.39225916063699
UGCA444,1.83,32.1,4.35,15.64,5.25,0.0,5.64738e+19,257.28835000000004,16.04021041009126,4.555888748410767e-12,0.1579378269852292,6.844761428455119,41.965192410745125
UGCA444,1.9,32.9,4.36,15.64,5.28,0.0,5.8634e+19,257.433664,16.04473944942703,4.390518538731794e-12,0.1550449091390354,6.962659413200658,42.33701600165434
UGCA444,1.97,34.2,4.9,15.64,5.3,0.0,6.07942e+19,257.531,16.047772431088372,4.236111339568577e-12,0.15229417281767782,7.0789256913788146,42.69710543147483
UGCA444,2.04,32.6,3.98,15.64,5.31,0.0,6.29544e+19,257.579806,16.04929300623551,4.0915298374696604e-12,0.1496726556799136,7.193715188887238,43.04597266612556
UGCA444,2.11,33.7,4.73,15.74,5.33,0.0,6.51146e+19,260.815694,16.14978928655108,4.005487156490251e-12,0.1480905257571588,7.264962810491521,43.52948790535603
UGCA444,2.19,33.8,4.67,15.64,5.35,0.0,6.75834e+19,257.77595,16.055402517532844,3.8141903189244696e-12,0.1445109589566079,7.431928807248043,43.76953859273286
UGCA444,2.26,34.9,3.74,15.64,5.36,0.0,6.974359999999999e+19,257.825216,16.056936694151847,3.696758068123815e-12,0.14226894726489758,7.540792491849426,44.09315653275752
UGCA444,2.33,36.1,5.47,15.64,5.39,0.0,7.19038e+19,257.973566,16.06155552865288,3.5877598402309743e-12,0.14015586799097218,7.64658937189201,44.41416359681539
UGCA444,2.4,37.2,5.39,15.24,5.42,0.0,7.4064e+19,245.770744,15.677077023476029,3.3183563404623033e-12,0.13479106774711191,7.930118413099659,44.14737933779991
UGCA444,2.48,37.6,7.1,14.73,5.5,0.0,7.65328e+19,230.8879,15.194995886804314,3.016848985010349e-12,0.12852167849100496,8.291495708097925,43.75392590273178
UGCA444,2.55,35.6,4.73,14.22,5.46,0.0,7.8693e+19,215.921736,14.694275620118196,2.7438493385688687e-12,0.12256874343572886,8.6688983938466,43.26434548686677
UGCA444,2.62,38.3,7.78,13.81,5.25,0.0,8.08532e+19,203.39485000000002,14.261656635889114,2.515606679760356e-12,0.11736023564412669,9.030551396037636,42.8575273040147
F563-V2,0.28,11.9,7.89,0.95,6.22,0.0,8.640800000000001e+18,18.699164,4.324252999073944,2.1640547171558185e-12,0.10885132552301734,9.695911804615262,13.46497103465272
F563-V2,0.87,34.8,7.89,2.93,17.64,0.0,2.68482e+19,151.722916,12.317585640051382,5.6511392197614745e-12,0.1759007156996834,6.199676031187886,30.669739576773928
F563-V2,1.46,58.5,8.68,4.98,27.33,0.0,4.50556e+19,368.387694,19.19342840661876,8.176290938307336e-12,0.21158153888378575,5.243928922813349,43.95223411130671
F563-V2,2.05,81.5,14.2,7.2,35.16,0.0,6.326299999999999e+19,620.5037759999999,24.909913207395963,9.808320440067651e-12,0.23173782480742897,4.83451553316338,54.770750802399355
F563-V2,2.35,91.8,17.5,8.24,37.71,0.0,7.2521e+19,722.0378860000001,26.870762661301598,9.956259373147088e-12,0.23347893531419509,4.802480555147175,58.88610114105512
F563-V2,4.76,114.0,8.68,16.62,45.06,0.0,1.468936e+20,1210.2100560000001,34.788073473534006,8.238684707842959e-12,0.21238730034707393,5.226065097937824,79.52758348419107
F563-V2,7.86,116.0,8.68,34.33,41.16,0.0,2.425596e+20,1957.8558759999996,44.24766520394042,8.071648683457591e-12,0.21022324170643955,5.274353680819051,101.6190156717423
F563-V2,8.7,117.0,16.6,39.57,40.09,0.0,2.6848199999999997e+20,2305.1006260000004,48.01146348529693,8.585680328662633e-12,0.2168138195627569,5.130305803483047,108.74682119115118
F563-V2,10.18,118.0,51.9,39.57,38.11,0.0,3.141548e+20,2233.8760660000003,47.26389812531337,7.110749433082036e-12,0.19731372289893395,5.584503369038885,111.69193532476878
F563-V2,10.47,118.0,40.3,39.57,37.78,0.0,3.2310420000000003e+20,2222.3559640000003,47.141870603530364,6.878140129407169e-12,0.1940595915596923,5.669217787121134,112.24535607508909
NGC4010,0.87,39.3,6.6,0.0,32.75,0.0,2.68482e+19,493.37875,22.212130694735254,1.8376604390610915e-11,0.3171993116666115,3.678981016332138,42.6043548843505
NGC4010,1.74,54.6,5.6,11.53,62.91,0.0,5.36964e+19,1953.468226,44.19805681248894,3.6379873250348254e-11,0.4463033986234388,2.7776973067152793,73.66236101370954
NGC4010,2.61,65.5,6.7,13.36,83.12,0.0,8.05446e+19,3356.5994240000005,57.936166804509945,4.1673798417274406e-11,0.4776734978450391,2.633135744650093,94.01266895374428
NGC4010,3.5,83.9,5.2,15.73,93.77,0.0,1.0801e+20,4292.126834,65.51432541055429,3.97382356633645e-11,0.46644870717107245,2.68258894220276,107.30336426888087
NGC4010,4.37,94.3,6.3,19.72,97.55,0.0,1.348582e+20,4766.239549999999,69.03795731335045,3.5342600969017814e-11,0.4398948290748738,2.8098108590688837,115.72480997829976
NGC4010,5.24,104.0,5.7,22.31,98.14,0.0,1.617064e+20,4928.207516,70.20119312376393,3.0476267581246004e-11,0.4084891186101802,2.98199209097591,121.22654756859173
NGC4010,6.11,115.0,5.1,25.86,98.57,0.0,1.885546e+20,5138.1202539999995,71.68068257208492,2.7250039267140647e-11,0.3862630535539514,3.1210180992353456,126.63398559937102
NGC4010,6.98,127.0,5.1,29.63,99.07,0.0,2.154028e+20,5392.774753999999,73.435514255706,2.5035769052212876e-11,0.3702372159494551,3.2317538886394956,132.01560809918044
NGC4010,7.85,129.0,5.1,33.19,99.28,0.0,2.42251e+20,5635.5745640000005,75.07046399217205,2.3263369662044742e-11,0.35689126130209975,3.331651895510034,137.02471557510614
NGC4010,8.72,127.0,5.1,36.53,96.65,0.0,2.6909920000000003e+20,5631.403250000001,75.0426761916178,2.0926867303953342e-11,0.33849457558564905,3.4824112512913508,140.03878762099694
NGC4010,9.6,124.0,5.1,35.56,93.39,0.0,2.96256e+20,5276.4919660000005,72.63946562303443,1.781058262448693e-11,0.31227604218715127,3.728275779745201,140.25768142550316
NGC4010,10.47,122.0,3.9,33.73,90.22,0.0,3.2310420000000003e+20,4881.951164,69.87096080633212,1.5109525546247924e-11,0.28762393053924895,4.00069784495933,139.7541108555004
NGC3953,3.5,181.0,7.5,0.0,204.12,0.0,1.0801e+20,19165.888224000002,138.44091961555299,1.7744549786130918e-10,0.9856712645604986,1.5953763047312273,174.86224272751642
NGC3953,5.24,203.0,6.5,0.0,218.93,0.0,1.617064e+20,22047.958654000002,148.48555032056152,1.3634561559715635e-10,0.8640128305207023,1.7285110852243624,195.21818803586777
NGC3953,6.98,216.0,5.6,0.0,229.11,0.0,2.154028e+20,24146.040366000005,155.38996224338302,1.1209715178261378e-10,0.7834240365929057,1.8410750727701166,210.8427684886148
NGC3953,8.72,223.0,6.1,9.06,244.28,0.0,2.6909920000000003e+20,27531.534064000003,165.92629105720408,1.0230998109247444e-10,0.7484427837633909,1.8979030733155506,228.5873642902367
NGC3953,10.47,224.0,5.6,19.18,247.46,0.0,3.2310420000000003e+20,28536.640136,168.92791402252027,8.832023890744843e-11,0.6953920491179261,1.9955253323243465,238.63274773344014
NGC3953,12.19,223.0,6.1,28.88,242.84,0.0,3.761834e+20,27960.836576,167.21494124628936,7.432767255546099e-11,0.6379327084687204,2.12036739966176,243.48972533357656
NGC3953,13.94,224.0,6.1,35.56,233.58,0.0,4.301884e+20,26361.937144000003,162.363595500962,6.127998138490022e-11,0.5792404944208634,2.274400890766334,244.86243754941205
NGC3953,15.68,215.0,9.7,37.5,218.76,0.0,4.838848e+20,23419.981295999998,153.0358823805711,4.839991108627506e-11,0.5147802602725893,2.485286505322181,241.25787752910094
ESO116-G012,0.25,20.9,3.4,-0.22,17.33,0.0,7.715e+18,138.19969399999997,11.755836592943949,1.7913116526247567e-11,0.31317362458047987,3.719172162659936,22.67131347789363
ESO116-G012,0.83,40.0,3.29,-1.8,34.96,0.0,2.56138e+19,565.4527360000001,23.779250114332875,2.2076097103904928e-11,0.34766482332834564,3.4052474343985617,43.88059341596974
ESO116-G012,1.38,51.5,2.96,-1.55,51.34,0.0,4.25868e+19,1214.868476,34.85496343420834,2.852687865723652e-11,0.3952089130961648,3.0631559662251773,61.002718139754144
ESO116-G012,1.85,67.9,3.45,5.01,61.73,0.0,5.7091e+19,1777.9728339999997,42.16601515438707,3.1142786673906566e-11,0.4129318088895829,2.9560209457337345,72.49637879404438
ESO116-G012,2.68,80.2,2.93,12.54,60.49,0.0,8.27048e+19,1840.4100460000002,42.900000536130534,2.225275976726865e-11,0.3490531350009351,3.3939222003830882,79.03295839665539
ESO116-G012,3.19,83.3,3.08,16.68,63.17,0.0,9.84434e+19,2113.828894,45.97639496524276,2.1472530347387434e-11,0.3428792595370887,3.444995973814019,85.33540899979175
ESO116-G012,3.68,91.4,2.83,20.19,65.14,0.0,1.135648e+20,2359.5171160000004,48.57486094679017,2.0776835040435073e-11,0.33727899805612127,3.4929578817547684,90.78377557398393
ESO116-G012,4.13,102.0,5.4,22.31,66.32,0.0,1.274518e+20,2520.973604,50.20929798354086,1.9779819539622036e-11,0.3290870296468995,3.566084401615972,94.8156350298304
ESO116-G012,5.23,105.0,4.21,25.63,64.52,0.0,1.613978e+20,2571.798884,50.712906483458426,1.5934534944094653e-11,0.29537198368553996,3.910140060372,100.28007700210647
ESO116-G012,6.05,109.0,2.1,27.28,60.09,0.0,1.86703e+20,2405.1701260000004,49.04253384563241,1.2882332506708518e-11,0.2655809105150884,4.287436635924623,101.54808966122327
ESO116-G012,6.81,108.0,2.1,28.58,55.74,0.0,2.101566e+20,2246.012296,47.39211217069777,1.0687326955232432e-11,0.24189904352590627,4.654094611759336,102.24066570968137
ESO116-G012,7.56,109.0,2.1,30.7,53.61,0.0,2.333016e+20,2264.544766,47.58723322488922,9.706511939909544e-12,0.2305319902950188,4.856986771275156,104.87546887343291
ESO116-G012,8.32,110.0,2.1,33.83,51.18,0.0,2.567552e+20,2349.389404,48.470500348149905,9.150308947978465e-12,0.2238295811715087,4.986321630355373,108.23498142140977
ESO116-G012,9.09,111.0,2.33,35.49,49.08,0.0,2.805174e+20,2367.609444,48.65808713872752,8.44015181945933e-12,0.21496845371700588,5.169745597282351,110.63425554141502
ESO116-G012,9.86,112.0,4.74,33.74,46.34,0.0,3.042796e+20,2126.1895760000007,46.11062324454095,6.9876178882843305e-12,0.19559789524224236,5.6288188917091935,109.39806238112246
NGC2955,0.75,169.0,4.27,0.0,53.73,163.04,2.3145e+19,13555.71907,116.42903018577454,5.856867172175415e-10,1.7907389938788458,1.2002450891377376,127.55463630734195
NGC2955,1.55,203.0,4.92,0.16,99.45,214.33,4.7833e+19,25680.745244000005,160.2521302323311,5.368834328601596e-10,1.7145083500735092,1.2195898645792098,176.97450837457683
NGC2955,2.3,232.0,5.49,0.0,134.15,231.92,7.097799999999999e+19,33020.230094,181.7146942159604,4.6521781529487997e-10,1.5959812026444644,1.2542480310968254,203.5081290311609
NGC2955,3.06,256.0,4.38,1.12,162.98,250.27,9.44316e+19,41032.128918,202.5638884845964,4.3451692990482e-10,1.542421088405355,1.2720424179156584,228.46139385261515
NGC2955,3.85,248.0,3.47,10.81,187.48,252.3,1.18811e+20,45566.714684000006,213.4636144264404,3.8352269305030686e-10,1.44908925560266,1.3068205902722858,244.02360742377715
NGC2955,4.61,253.0,5.68,18.83,206.85,245.12,1.4226460000000002e+20,47675.10787400001,218.34630263414127,3.351157482184605e-10,1.3545561794338017,1.3478211567096194,253.49066854815499
NGC2955,5.36,269.0,8.42,25.11,220.81,233.77,1.654096e+20,48197.02784000001,219.53821498773286,2.913798705758312e-10,1.2630756892754917,1.3942780351977946,259.22973841580875
NGC2955,6.12,268.0,4.67,29.26,232.37,221.48,1.888632e+20,48258.782958,219.67881772715367,2.5552242553340205e-10,1.182807620449415,1.4417889806411006,263.7782809254677
NGC2955,6.91,260.0,5.58,31.48,243.48,209.61,2.132426e+20,48471.667149999994,220.16281963583222,2.2730761653628302e-10,1.1155950980222467,1.4874758885919712,268.51524382328927
NGC2955,7.66,245.0,8.47,32.44,254.23,199.62,2.363876e+20,49113.630758,221.61595330210324,2.0776737340706538e-10,1.0665673331072438,1.5248271779793865,273.66000619206807
NGC2955,8.42,247.0,6.0,32.35,258.51,190.58,2.598412e+20,48494.67449,220.21506417590962,1.866319678711459e-10,1.0108637454560085,1.5720910398093415,276.1123743047378
NGC2955,8.86,267.0,10.3,32.44,258.41,185.85,2.7341959999999997e+20,47657.690876,218.30641510500786,1.7430239410781088e-10,0.9769026313167166,1.6037859043584495,276.464704548702
NGC2955,9.21,255.0,7.27,32.44,257.39,182.29,2.8422060000000003e+20,46812.811452,216.36268498056683,1.6470590608843972e-10,0.9496294826983679,1.6310136441845149,276.3192613641856
NGC2955,10.82,253.0,11.2,33.51,252.03,168.18,3.339052e+20,43352.591418,208.2128512316183,1.2983502927777108e-10,0.8431319429530263,1.7554963805175587,275.87192194994327
NGC2955,11.56,271.0,11.3,34.86,249.34,162.76,3.567416e+20,41999.396072,204.9375418804471,1.1773058166471196e-10,0.8028681840153297,1.811732224062148,275.84716647954104
NGC2955,12.4,276.0,8.71,37.47,246.01,157.16,3.82664e+20,40605.286322,201.50753415691435,1.0611211486316978e-10,0.7622230683546409,1.8748638169151337,275.9155343589715
NGC2955,14.17,275.0,10.1,44.03,245.22,146.96,4.3728619999999997e+20,39534.4823,198.83279985958052,9.040871241763406e-11,0.7035658402486106,1.9794834978888234,279.7460550399733
NGC2955,16.88,275.0,10.0,57.16,236.05,134.67,5.209168e+20,37240.846844,192.97887667825202,7.149096908373852e-11,0.6256409910098097,2.150160504085598,282.9731401081551
NGC2955,19.49,276.0,11.7,67.4,232.49,125.34,6.014613999999999e+20,36633.14922200001,191.39788196842724,6.090689979772603e-11,0.5774745516005492,2.2795355615271777,288.97502726408845
NGC2955,22.19,267.0,15.7,77.25,219.85,117.47,6.847834000000001e+20,34548.845264,185.87319673368725,5.045222367247803e-11,0.5255811241091815,2.4462539486225667,290.71506522265076
NGC2955,24.8,257.0,15.1,79.95,209.2,111.12,7.65328e+20,32203.657924,179.45377656655765,4.207824347730645e-11,0.47998581661523987,2.6232409643059,290.65091547547394
NGC2955,27.51,254.0,13.6,78.21,199.59,105.5,8.489586000000001e+20,29561.356426000006,171.93416305667702,3.482072792006583e-11,0.43663498081399693,2.826513676158438,289.05981772616394
NGC2955,30.12,248.0,11.6,75.51,191.82,100.83,9.295032e+20,27304.096697999998,165.23951312564438,2.937493566240547e-11,0.4010403450411099,3.026845497011969,287.48092482862353
NGC2955,35.43,227.0,11.2,77.83,176.46,92.96,1.0933698e+21,24356.167772,156.06462690821388,2.2276239724199444e-11,0.34923723782388233,3.392427200908448,287.44830154242084
UGC05750,0.31,3.1,4.5,1.0,4.05,0.0,9.5666e+18,8.54515,2.923208853298033,8.932274789371354e-13,0.0699327555085439,14.80527810181113,11.247814106380465
UGC05750,1.47,15.7,8.5,4.69,16.67,0.0,4.53642e+19,149.82499400000003,12.24030203875705,3.302714343028203e-12,0.13447300485284383,7.947639493779765,34.507318636337374
UGC05750,2.52,28.0,10.0,7.69,21.39,0.0,7.77672e+19,269.60086600000005,16.419526972480057,3.466768329064182e-12,0.13777233322519478,7.769828741119218,45.7684668442961
UGC05750,3.35,36.0,11.0,9.58,24.52,0.0,1.03381e+20,368.34238400000004,19.192248018405767,3.562960157088828e-12,0.13967062809151326,7.671336897448768,53.15711167166105
UGC05750,4.09,43.6,4.5,11.47,24.68,0.0,1.262174e+20,411.74800400000004,20.291574704788193,3.262212690167917e-12,0.1336459306653803,7.993591374954159,57.37024745832103
UGC05750,4.82,49.8,4.5,13.0,26.85,0.0,1.487452e+20,500.62435000000005,22.374636309893397,3.3656504546029052e-12,0.1357482088730075,7.877888579451246,62.80018192219035
UGC05750,6.6,61.5,4.5,16.38,35.05,0.0,2.03676e+20,833.4155499999999,28.868937458798168,4.091869194210413e-12,0.14967886257238117,7.193438647174414,77.42818367058678
UGC05750,7.86,68.1,12.2,18.53,38.67,0.0,2.425596e+20,1031.230594,32.11277929423114,4.2514524018014546e-12,0.15256969000107856,7.067091015104895,85.36861522455828
UGC05750,9.43,73.4,12.2,20.89,42.63,0.0,2.910098e+20,1272.3578740000003,35.670125791760256,4.372216585145931e-12,0.15472141795485428,6.976117598171721,94.2131527759461
UGC05750,11.43,77.6,11.0,23.34,39.29,0.0,3.527298e+20,1254.8594859999998,35.423995906729665,3.557565836512822e-12,0.13956485739828053,7.67675414676951,98.14910984193162
UGC05750,22.85,78.9,11.0,36.96,26.56,0.0,7.05151e+20,1690.541056,41.116189706732314,2.3974170865530935e-12,0.11457012880356322,9.237823992674084,124.96767873221212
NGC2366,0.12,4.2,3.15,-0.46,3.95,0.0,3.7032e+18,7.388750000000001,2.7182255241241484,1.9952338518038454e-12,0.10451930314198841,10.076319026870587,8.628522597165176
NGC2366,0.36,9.41,1.83,-0.53,11.2,0.0,1.11096e+19,57.9833,7.614676618215642,5.219206812126449e-12,0.16904481571634597,6.429671419806003,19.308380740912416
NGC2366,0.59,15.3,1.37,1.73,15.88,0.0,1.82074e+19,118.99312400000002,10.908396949139687,6.5354264749497485e-12,0.18916316409830897,5.802195698863834,26.27587091358098
NGC2366,0.83,18.4,1.64,4.19,19.68,0.0,2.56138e+19,195.715204,13.989825016775585,7.641006176358057e-12,0.20453841140768902,5.406090229009546,32.52774280538092
NGC2366,1.07,23.4,2.08,6.57,22.21,0.0,3.30202e+19,270.07558600000004,16.433976572941805,8.179102064796703e-12,0.21161790814695156,5.24311966951735,37.63028856138397
NGC2366,1.31,28.1,2.46,9.69,23.33,0.0,4.04266e+19,344.26899399999996,18.554487166181662,8.5159027472011e-12,0.2159309769967931,5.149089785231178,42.10311105342708
NGC2366,1.54,33.1,2.01,12.94,22.77,0.0,4.75244e+19,405.941134,20.14798089139455,8.541741379165226e-12,0.21625831371295176,5.142107178216196,45.68799425532513
NGC2366,1.79,37.5,1.62,15.67,22.48,0.0,5.52394e+19,478.010084,21.863441723571338,8.653426431134299e-12,0.21766753351439827,5.112287062182912,49.4340446254013
NGC2366,2.02,40.5,1.68,17.89,22.28,0.0,6.23372e+19,548.395364,23.41784285539554,8.797240877036505e-12,0.2194688282732946,5.074730133164422,52.75375321793201
NGC2366,2.26,42.3,1.69,19.31,22.0,0.0,6.974359999999999e+19,595.5160999999999,24.403198560844437,8.538648707551662e-12,0.2162191603092067,5.142941264388708,55.341705108334274
NGC2366,2.49,45.2,1.91,20.12,21.29,0.0,7.68414e+19,613.3158860000001,24.76521524235152,7.981581361089204e-12,0.20904706560349942,5.301019667030276,57.019291242421616
NGC2366,2.74,47.4,1.95,21.03,20.52,0.0,8.45564e+19,635.953284,25.218114203881306,7.521054396828625e-12,0.20292659495396423,5.444789260389114,58.84412979076493
NGC2366,2.97,48.1,1.74,22.14,19.83,0.0,9.16542e+19,671.0648940000001,25.90492026623514,7.321703686246786e-12,0.20021917963307717,5.511200302147851,60.81425035773783
NGC2366,3.21,48.8,1.08,23.15,19.12,0.0,9.90606e+19,704.0867239999999,26.53463253938143,7.107636376117243e-12,0.19727052660093966,5.585609531146428,62.71166969813563
NGC2366,3.44,50.7,1.55,23.96,18.46,0.0,1.061584e+20,730.8365360000001,27.033988532956066,6.8843966751571245e-12,0.19414783247301062,5.666883043410485,64.35499338328968
NGC2366,3.69,52.1,2.78,24.56,17.79,0.0,1.138734e+20,748.7762859999999,27.363776895743026,6.5755153178881095e-12,0.1897424483071813,5.786104365828307,65.82171174812537
NGC2366,3.92,53.0,2.98,25.07,17.2,0.0,1.209712e+20,764.5913,27.65124409497699,6.320440733000912e-12,0.18602584453592555,5.891090371585074,67.11390649953044
NGC2366,4.16,53.7,2.39,25.27,16.63,0.0,1.283776e+20,765.789074,27.672894210761548,5.965130007104043e-12,0.1807213906797662,6.048431212005274,68.0574943484861
NGC2366,4.4,51.2,2.21,25.47,16.1,0.0,1.3578400000000002e+20,767.9575,27.71204611716717,5.6557289518647256e-12,0.17597213256551925,6.197374751929387,68.98782806448405
NGC2366,4.64,51.6,1.45,25.68,15.61,0.0,1.4319039999999998e+20,771.551566,27.77681706027528,5.388291156390373e-12,0.17176122570751357,6.3363421727039855,69.92005953988885
NGC2366,4.87,51.5,1.84,26.18,15.18,0.0,1.502882e+20,791.391304,28.131677944978684,5.26582462229237e-12,0.1697980891987215,6.403490828043297,71.18754776333587
NGC2366,5.11,50.4,2.53,26.59,14.76,0.0,1.576946e+20,807.242596,28.412014993660694,5.119024976124738e-12,0.16741456065420754,6.487140796065214,72.36502177732824
NGC2366,5.35,48.5,4.6,26.69,14.37,0.0,1.65101e+20,807.344674,28.41381132477655,4.8900047486084284e-12,0.1636267271124863,6.625100494727351,73.13507776117349
NGC2366,5.59,50.0,5.91,26.59,14.01,0.0,1.725074e+20,797.316946,28.236801270682204,4.621928949134936e-12,0.15907840786613384,6.799459196676394,73.62964104995784
NGC2366,5.82,49.0,7.42,26.28,13.7,0.0,1.796052e+20,776.9758,27.874285641070696,4.326020627465129e-12,0.15390186977931009,7.010466949794649,73.80354440465754
NGC2366,6.06,49.4,5.92,26.18,13.37,0.0,1.870116e+20,767.6205739999999,27.705966397149908,4.1046682344838486e-12,0.14991277157125982,7.183033795632112,74.25526597666
NGC4100,2.61,120.0,10.5,5.71,126.18,0.0,8.05446e+19,7356.444604000001,85.76971845587462,9.133380268820007e-11,0.7071562321726228,1.9725589795636604,120.46169873151729
NGC4100,3.5,148.0,7.5,9.28,135.14,0.0,1.0801e+20,8487.015415999998,92.12499886567163,7.857620049995369e-11,0.6559113041268737,2.0788677025415443,132.82839394984262
NGC4100,4.37,168.0,6.2,13.15,152.52,0.0,1.348582e+20,10873.603684000002,104.27657303536591,8.062990373592412e-11,0.6644276142717722,2.0600206580468536,149.66578839686235
NGC4100,5.24,182.0,6.1,16.38,177.98,0.0,1.617064e+20,14839.669383999997,121.81818166431478,9.176921497232019e-11,0.7088398279929796,1.9693371073288721,170.95119648134485
NGC4100,6.11,190.0,5.2,19.18,196.88,0.0,1.885546e+20,18198.270224,134.90096450359425,9.651459165674027e-11,0.7269358578460859,1.9356882760307488,187.68638287482727
NGC4100,6.98,194.0,5.7,21.66,207.03,0.0,2.154028e+20,20185.409214,142.07536455698434,9.371005954425848e-11,0.7162963037941084,1.9552573802063298,198.6647184030379
NGC4100,7.85,195.0,6.1,23.38,198.89,0.0,2.42251e+20,18742.951166,136.90489825422608,7.736996407032373e-11,0.650857330806977,2.090294023908484,197.9350368497158
NGC4100,8.72,193.0,4.8,24.46,191.25,0.0,2.6909920000000003e+20,17423.51035,131.99814525212088,6.474753678197483e-11,0.5954032881386004,2.228860124661187,197.0648813227169
NGC4100,9.6,192.0,3.9,25.0,180.26,0.0,2.96256e+20,15572.087096,124.78816889433068,5.2562942509181246e-11,0.5364625849029685,2.4085551408231733,193.6652535392371
NGC4100,10.47,192.0,3.5,25.65,169.65,0.0,3.2310420000000003e+20,13897.238850000002,117.88655075961805,4.3011631696523906e-11,0.4852801893075324,2.6009473789903823,190.1209798052567
NGC4100,11.35,191.0,4.4,26.73,162.03,0.0,3.50261e+20,12791.204514,113.0982073863242,3.651906582234391e-11,0.447156381394432,2.773493526320674,188.35159387014164
NGC4100,12.19,189.0,4.8,28.34,157.28,0.0,3.761834e+20,12182.174864,110.37289007722866,3.238360561364484e-11,0.42107766317831546,2.9098453614979487,188.27704326594707
NGC4100,13.12,185.0,5.3,30.6,152.13,0.0,4.048832e+20,11582.386974000001,107.62149866081592,2.8606736397064645e-11,0.3957616976174398,3.0596674389051643,188.25050408736524
NGC4100,13.94,182.0,4.5,32.54,146.63,0.0,4.301884e+20,10949.015774,104.63754476286225,2.545167599591249e-11,0.37329983347816686,3.2098481108956385,187.46913772229402
NGC4100,14.86,179.0,6.6,34.38,141.01,0.0,4.585796e+20,10328.541645999998,101.62943297096564,2.2522898196954243e-11,0.351165417321977,3.3768646346834075,186.7567589465831
NGC4100,15.68,176.0,6.2,36.42,136.34,0.0,4.838848e+20,9877.170376,99.38395431859209,2.0412235259301387e-11,0.33430655004044446,3.519073672919244,186.4362900111442
NGC4100,16.61,174.0,6.6,38.36,131.69,0.0,5.1258459999999997e+20,9448.927405999999,97.20559349132127,1.8433888583465054e-11,0.317693319366571,3.6741197502435914,186.32361847335014
NGC4100,17.42,178.0,8.7,38.9,128.17,0.0,5.3758120000000007e+20,9069.882494,95.23593068794992,1.687165119241521e-11,0.3039333782214536,3.8154836049637115,186.0268474032831
NGC4100,18.35,177.0,6.2,37.93,124.63,0.0,5.6628100000000003e+20,8583.697874,92.64824808921105,1.5158018499649462e-11,0.28808511513020063,3.9951703009363064,185.1845966013775
NGC4100,19.16,169.0,5.9,36.96,121.38,0.0,5.912776e+20,8143.269623999999,90.24006662231582,1.3772328977116665e-11,0.27460174787676356,4.164492188863849,184.1536932590825
NGC4100,20.09,158.0,6.3,36.1,117.8,0.0,6.199774e+20,7686.5564,87.67300838912739,1.2398123544503396e-11,0.2605419042886534,4.359841484722977,183.06328814752263
NGC4100,21.02,158.0,7.6,34.92,114.69,0.0,6.486772e+20,7270.152606,85.26518988426636,1.1207658610476829e-11,0.24771770629383486,4.557475198577908,182.02620743102227
NGC4100,21.95,158.0,8.9,33.73,111.9,0.0,6.77377e+20,6897.6535,83.05211315794439,1.0182887077653952e-11,0.23612124641915655,4.754770831880553,181.09876219957664
NGC4100,22.76,159.0,9.0,32.65,109.45,0.0,7.023736e+20,6576.50165,81.09563274307686,9.363252904152433e-12,0.2264190585141467,4.935441492080439,180.1608701026543
UGC07151,0.5,24.2,2.18,-0.51,24.79,0.0,1.543e+19,282.95038600000004,16.82112915353782,1.8337678937135455e-11,0.3168631866632327,3.6822973811977406,32.27859144040659
UGC07151,1.0,42.0,2.91,-5.39,39.13,0.0,3.086e+19,733.3842740000001,27.081068553511695,2.3764882501620216e-11,0.36071768816122346,3.3022458987145518,49.21194175195944
UGC07151,1.5,59.4,2.4,-5.79,45.87,0.0,4.629e+19,1001.3902739999999,31.644751128741714,2.1632972002592352e-11,0.3441578637641223,3.434266691172765,58.643339458650956
UGC07151,2.0,63.9,2.01,7.68,49.56,0.0,6.172e+19,1188.8314560000001,34.47943526219651,1.926168917692806e-11,0.32474822682252624,3.6063234804531055,65.47755946944001
UGC07151,2.49,66.0,2.0,15.55,48.96,0.0,7.68414e+19,1344.460036,36.666879278171464,1.7496558313617398e-11,0.3095108781784884,3.756655698148105,71.06809027384797
UGC07151,3.0,67.2,2.07,19.33,48.14,0.0,9.258e+19,1439.680316,37.94311948166624,1.555066230287319e-11,0.29179244857063835,3.951375088398294,75.42358341990774
UGC07151,3.49,68.7,2.38,19.89,46.88,0.0,1.077014e+20,1406.5699240000001,37.504265410750286,1.3059903808121342e-11,0.26740504234245394,4.261902505208709,77.42521477430219
UGC07151,4.0,71.3,2.91,25.08,45.84,0.0,1.2344e+20,1595.606976,39.9450494554707,1.2926174465327288e-11,0.2660324474381695,4.281083234657539,82.64941786882842
UGC07151,4.49,72.5,3.21,25.36,46.88,0.0,1.385614e+20,1654.0874240000003,40.67047361415896,1.1937577305079194e-11,0.25565700783930867,4.432772245100266,85.6282244594421
UGC07151,5.01,74.0,3.41,26.06,48.01,0.0,1.546086e+20,1739.4052459999998,41.7061775520126,1.125037834894048e-11,0.2481893646042472,4.549842759533034,88.96077992242914
UGC07151,5.5,76.2,3.17,28.3,47.84,0.0,1.6973e+20,1853.676176,43.054339804484286,1.0921323136746596e-11,0.24453286250840367,4.609787360998935,92.43945590228037
UGC09992,0.78,28.1,5.66,6.39,20.31,0.0,2.40708e+19,230.58030599999998,15.184870957634114,9.579253950845005e-12,0.22901580046220085,4.885578936313266,33.56364530444015
UGC09992,1.55,31.3,5.66,10.35,23.49,0.0,4.7833e+19,360.94134599999995,18.998456410982445,7.545864695921226e-12,0.20326102441142677,5.436709114953351,44.298229149275606
UGC09992,2.34,33.0,5.66,14.5,22.94,0.0,7.221239999999999e+19,452.322056,21.267864396784177,6.263772648464808e-12,0.18519002753150532,5.915282489314303,51.726325380674815
UGC09992,3.12,33.4,5.66,17.55,22.52,0.0,9.62832e+19,541.291684,23.265676091616164,5.621870523621983e-12,0.1754446069473194,6.214417615922178,57.9983842568203
UGC09992,3.89,34.3,5.66,17.55,22.05,0.0,1.200454e+20,531.65565,23.057659248067658,4.42878819180077e-12,0.15571916220362958,6.9347885926916515,60.7200093614952
UGC05829,0.63,14.8,5.06,-2.24,7.48,0.0,1.94418e+19,30.754784000000008,5.545699595181839,1.581889742719296e-12,0.09306528426486292,11.252899601601811,18.603238874479622
UGC05829,1.26,27.2,5.06,-3.7,13.07,0.0,3.88836e+19,92.26945400000001,9.605699037550574,2.372965826209508e-12,0.113984381010357,9.282628461980215,29.266073530143643
UGC05829,1.88,34.1,5.06,3.88,16.73,0.0,5.80168e+19,143.80513399999998,11.991877834601217,2.478680899325712e-12,0.11649570481860985,9.093713246976032,36.16244809244755
UGC05829,2.52,38.8,5.06,-2.84,19.07,0.0,7.77672e+19,175.351454,13.242033605152947,2.2548253505333862e-12,0.11111074451085715,9.509287018809102,40.83463364904234
UGC05829,3.14,42.8,5.06,11.17,20.36,0.0,9.69004e+19,315.452516,17.760982968293167,3.2554304832590986e-12,0.13350693207082398,8.001370042347014,50.239947365671
UGC05829,3.77,47.9,5.06,17.24,21.25,0.0,1.163422e+20,504.93634999999995,22.47078881570471,4.340096284924988e-12,0.1541520431996448,6.999942738867211,59.45187580533193
UGC05829,4.4,51.9,5.06,20.77,21.39,0.0,1.3578400000000002e+20,641.857666,25.334910025496438,4.727049328345017e-12,0.16087726350817358,6.729319417357494,65.72111726829938
UGC05829,5.03,57.6,5.06,26.16,21.32,0.0,1.552258e+20,893.435104,29.890384808496528,5.7557126714760044e-12,0.1775207630568311,6.147929512930886,74.11326496498502
UGC05829,5.65,60.7,5.06,31.16,20.9,0.0,1.74359e+20,1171.8782,34.23270658303255,6.72106515866689e-12,0.19183094052823302,5.728899522491426,81.93639277145482
UGC05829,6.29,65.6,5.06,33.7,20.41,0.0,1.941094e+20,1327.3113260000002,36.43228411724964,6.837954916145225e-12,0.1934918690605595,5.6842900949794295,86.86093842076433
UGC05829,6.91,68.6,5.06,34.59,20.24,0.0,2.132426e+20,1384.9105960000002,37.21438694913568,6.494530623805939e-12,0.18857038497703701,5.818764544951163,89.76897389372336
NGC4138,2.61,179.0,14.7,8.52,197.55,118.24,8.05446e+19,24455.672446000004,156.3830951413867,3.036289514877472e-10,1.289351094145994,1.3801659827838653,183.7195884930997
NGC4138,5.24,195.0,6.8,19.72,177.52,83.47,1.617064e+20,18089.950398,134.4988862333068,1.1186910597230536e-10,0.7826267481612945,1.842310981232045,182.55770120205395
NGC4138,7.85,181.0,9.8,23.38,148.4,68.2,2.42251e+20,12816.572400000003,113.21030165139568,5.29061692211797e-11,0.5382112378174575,2.402642425757398,175.48116879321077
NGC4138,10.65,162.0,20.4,20.04,126.45,58.55,3.28659e+20,9333.7459,96.61131351969085,2.839948365935514e-11,0.394325466021772,3.068751818177636,169.24228106780248
NGC4138,13.47,145.0,9.6,20.8,110.59,52.06,4.1568420000000003e+20,7305.220182000001,85.47058079830744,1.757396644375706e-11,0.31019479032113206,3.7495889761954984,165.50399712124198
NGC4138,16.03,147.0,17.9,22.85,100.09,47.73,4.9468580000000003e+20,6178.356560000001,78.6025226058299,1.2489456054732116e-11,0.26149980258232897,4.345861519763069,163.86055666169247
NGC4138,18.58,150.0,21.0,23.38,92.33,44.33,5.7337879999999993e+20,5372.014188,73.29402559554224,9.36904920098197e-12,0.22648912972973176,4.9340809118285085,162.8064883936839
NGC2976,0.11,6.8,3.62,1.06,11.98,0.0,3.3946e+18,67.14298400000001,8.194082254895909,1.9779350733517948e-11,0.3290831297396703,3.566120089600652,15.473847101420358
NGC2976,0.17,9.5,4.31,1.76,15.44,0.0,5.2462e+18,112.758656,10.618787878096068,2.1493396363081848e-11,0.34304581621741154,3.4435937544855997,19.705202449246496
NGC2976,0.24,14.0,3.11,2.47,19.52,0.0,7.4064e+18,181.374884,13.467549294507892,2.448893983581767e-11,0.36617154741391605,3.2614067345201265,24.32153918135953
NGC2976,0.31,19.8,5.5,2.93,23.11,0.0,9.5666e+18,254.258066,15.945471645580133,2.657768339849058e-11,0.3814680462535821,3.153163719251352,28.314612994674953
NGC2976,0.38,26.1,3.9,3.29,26.27,0.0,1.17268e+19,328.276034,18.118389387580784,2.7993658457550226e-11,0.39149789655420275,3.0868339272565857,31.8329012070285
NGC2976,0.45,28.7,3.5,3.99,29.18,0.0,1.3887e+19,407.597404,20.18904168107045,2.9351004824656147e-11,0.4008769542685172,3.0278483049528933,35.13037302398879
NGC2976,0.52,28.7,2.7,4.46,32.19,0.0,1.60472e+19,496.54180599999995,22.283218035104355,3.094258225734084e-11,0.4116023828205596,2.9637329181727843,38.36166440199336
NGC2976,0.59,31.7,2.5,4.93,35.22,0.0,1.82074e+19,594.911164,24.39080080686159,3.267414150290542e-11,0.42296233599029465,2.8994189238202077,41.53187555232134
NGC2976,0.66,35.5,2.3,5.88,38.01,0.0,2.03676e+19,699.1640459999999,26.44171034558846,3.432726713014788e-11,0.43353006218118867,2.842659955528767,44.58122515038895
NGC2976,0.73,39.4,2.1,6.93,40.66,0.0,2.25278e+19,808.5132759999999,28.434367867072407,3.588957980805937e-11,0.443285769902163,2.7927011846703915,47.5177438827533
NGC2976,0.8,42.9,2.3,7.52,43.36,0.0,2.4688e+19,921.391616,30.35443321823025,3.732143616331821e-11,0.4520419887666281,2.749726372083819,50.33462849303774
NGC2976,0.87,46.0,2.6,8.45,45.92,0.0,2.68482e+19,1041.379844,32.27041747483289,3.8787696903330566e-11,0.4608362138188467,2.7082361272145,53.106520462875366
NGC2976,0.94,49.1,3.1,9.28,48.76,0.0,2.90084e+19,1179.785696,34.348008617676804,4.067048496297623e-11,0.4718883751510684,2.6583240885546386,56.00225651711724
NGC2976,1.01,49.2,3.2,10.11,52.24,0.0,3.11686e+19,1357.5601960000001,36.84508374261077,4.3555379324063325e-11,0.48833798110316107,2.5882960805316397,59.27704222034502
NGC2976,1.08,51.4,3.2,11.31,55.81,0.0,3.3328800000000004e+19,1560.703906,39.50574522775137,4.6827485718057644e-11,0.5063490776934911,2.516938672985104,62.67532224161523
NGC2976,1.14,57.2,3.1,13.04,58.54,0.0,3.5180399999999996e+19,1746.430136,41.79031150876959,4.9642134142875023e-11,0.5213445346486439,2.461367190567139,65.56375399081497
NGC2976,1.21,63.8,2.9,15.48,61.95,0.0,3.73406e+19,2005.0195500000002,44.77744465688055,5.3695429371783006e-11,0.5422109238240794,2.389265109965104,69.21360600064799
NGC2976,1.29,67.8,2.8,17.62,66.07,0.0,3.98094e+19,2318.4770539999995,48.150566497186716,5.82394372685848e-11,0.5646875181773482,2.3177000118495243,73.30439479000322
NGC2976,1.35,69.8,3.3,19.66,68.88,0.0,4.1661e+19,2568.964624,50.68495461179777,6.166353721706153e-11,0.5810504207816767,2.2691716173080994,76.35064905191948
NGC2976,1.42,71.7,3.9,21.7,71.85,0.0,4.38212e+19,2845.6043499999996,53.34420633958293,6.493670529332834e-11,0.5962724285895001,2.2264831578846773,79.59704868447307
NGC2976,1.49,74.1,4.4,23.73,74.58,0.0,4.59814e+19,3121.714044,55.87230122341481,6.789080028011327e-11,0.6096843780722161,2.1906879487496886,82.69644088855006
NGC2976,1.56,76.7,4.8,25.98,76.94,0.0,4.81416e+19,3398.0516559999996,58.2928096423564,7.058451850374728e-11,0.6216620145594351,2.1600656546328834,85.67388560579
NGC2976,1.63,79.9,4.4,27.71,78.73,0.0,5.03018e+19,3619.114034,60.15907274883814,7.194800253668856e-11,0.6276376300787337,2.1452389733605077,88.11279404702115
NGC2976,1.74,83.6,3.35,30.15,80.17,0.0,5.36964e+19,3865.547794,62.173529689088745,7.198895631736951e-11,0.627816234600043,2.144800304660692,91.05398446115176
NGC2976,1.93,83.9,3.95,29.44,78.52,0.0,5.95598e+19,3702.7931839999997,60.850580802487,6.216933542422909e-11,0.5834286013314399,2.2623512322910444,91.52605488461349
NGC2976,2.1,88.7,4.44,29.75,75.56,0.0,6.4806e+19,3511.3467560000004,59.256617824509696,5.418243304632288e-11,0.5446642301778869,2.3811593683444694,91.43892072610745
NGC2976,2.27,85.3,5.36,29.85,73.66,0.0,7.00522e+19,3386.888476,58.19697995600803,4.834806724128578e-11,0.5145044814741372,2.486305062492869,91.76512389779441
UGC09133,0.32,284.0,34.7,-3.24,26.79,189.88,9.8752e+18,16925.672110000003,130.09870141550223,1.713957399343811e-09,3.0633711279865485,1.0490206257138752,133.2493119961979
UGC09133,0.63,282.0,18.8,-2.41,50.47,292.13,1.94418e+19,40433.900688,201.08182585206453,2.0797405943894087e-09,3.3744592476084954,1.0354503264427377,204.61499374860787
UGC09133,0.95,281.0,12.6,-0.21,72.14,320.6,2.9317e+19,49674.77231600001,222.87838009999984,1.6944016207661085e-09,3.0458448846859083,1.0499306220063749,228.3748335429343
UGC09133,1.26,280.0,10.6,2.45,90.82,326.59,3.88836e+19,52864.28072999999,229.92233630076046,1.359552117859457e-09,2.7283339901913237,1.0698940791381768,237.82174196428176
UGC09133,1.58,280.0,10.8,3.54,108.12,325.9,4.87588e+19,54246.874024,232.90958336659313,1.1125555596938396e-09,2.468086959582126,1.092593864449599,243.45390061404382
UGC09133,1.89,279.0,7.67,4.4,123.29,320.4,5.83254e+19,54233.388686,232.8806318395757,9.298416930874029e-10,2.2563377578782906,1.1169856390881616,246.12581400850337
UGC09133,2.21,279.0,11.2,5.23,137.43,313.32,6.82006e+19,53873.309458,232.10624605555105,7.899242742439217e-10,2.07965997325916,1.1428214855656271,248.12814339999468
UGC09133,2.52,279.0,4.45,6.01,149.84,305.5,7.77672e+19,53295.966876000006,230.85919274744077,6.853270643150326e-10,1.9370844047217888,1.168392929450988,249.54084007667458
UGC09133,2.84,279.0,5.03,6.75,161.33,297.22,8.76424e+19,52654.42725800001,229.46552520585746,6.007871447838034e-10,1.8136768886564876,1.1948195068453096,250.8237166011735
UGC09133,3.15,279.0,4.26,7.48,171.56,290.7,9.7209e+19,52468.039256,229.0590300686703,5.397446661934594e-10,1.7190708766745888,1.2183719768955221,252.83510181967335
UGC09133,3.47,279.0,4.14,8.19,181.11,286.88,1.070842e+20,53013.520690000005,230.2466518540498,4.950638907513901e-10,1.6463805567074694,1.2387679084327345,256.2644106071048
UGC09133,3.79,279.0,5.73,8.9,189.8,283.42,1.169594e+20,53600.64074400001,231.51812184794522,4.5828416308565207e-10,1.5840432238185929,1.2580894777887297,259.6813472753873
UGC09133,4.1,280.0,4.52,9.6,197.34,279.37,1.2652599999999998e+20,53907.86935000001,232.18068255132684,4.2606159485007046e-10,1.5273402524531976,1.2773225098591081,262.4075741652647
UGC09133,4.42,280.0,4.86,10.25,204.41,274.03,1.364012e+20,53867.971439999994,232.09474668764045,3.9492300243692867e-10,1.4704688137958566,1.2983939304297982,264.46520973894036
UGC09133,4.73,280.0,1.59,10.97,210.6,267.5,1.4596780000000002e+20,53438.3015,231.16725871108997,3.660965055306718e-10,1.4157852875595947,1.3205415499546749,265.6454356652025
UGC09133,5.05,281.0,1.85,11.69,215.35,260.4,1.55843e+20,52661.19605,229.48027377097142,3.3791184750036896e-10,1.360195433930265,1.3451900566472168,266.15656538513133
UGC09133,5.36,282.0,4.81,12.31,218.91,253.49,1.654096e+20,51753.769472,227.49454822478714,3.128825018136795e-10,1.3088510960221458,1.3701074406174958,266.28598279592154
UGC09133,5.68,282.0,20.3,13.02,222.04,246.69,1.752848e+20,50842.070542,225.48186300010917,2.9005407509379024e-10,1.260198878938005,1.3958635913792137,266.3993152767316
UGC09133,5.99,283.0,12.8,13.74,224.98,240.45,1.848514e+20,50067.600934,223.75790697537371,2.7085324176067907e-10,1.217773788915155,1.4202288898859863,266.65980817091537
UGC09133,6.31,284.0,8.08,14.46,228.22,234.35,1.947266e+20,49431.065414000004,222.33098167821777,2.538485518362669e-10,1.1789270928335105,1.4442698100937157,267.1924315137085
UGC09133,6.62,284.0,7.81,15.07,231.93,228.92,2.042932e+20,49077.214898,221.53377823257563,2.4022931207695605e-10,1.1468657998462881,1.4654821704441725,268.18236968167037
UGC09133,6.94,285.0,10.4,15.79,235.94,223.68,2.141684e+20,48871.52006,221.06903912578986,2.28192021138506e-10,1.1177632603090055,1.4859070948199598,269.47827072287294
UGC09133,7.57,286.0,6.82,17.23,242.45,214.14,2.336102e+20,48430.32626599999,220.06891253877725,2.073125499913959e-10,1.0653992826010033,1.5257630548127612,271.83304168034994
UGC09133,7.89,287.0,13.4,17.95,243.91,209.75,2.434854e+20,47926.291776,218.9207431377849,1.9683435547264846e-10,1.0381259672910372,1.5482696807514442,272.4019538616199
UGC09133,8.2,287.0,10.5,18.77,244.06,205.73,2.5305199999999997e+20,47221.76649,217.30569824558214,1.8660894397198996e-10,1.0108013908041045,1.5721471240353446,272.4693824618137
UGC09133,8.31,288.0,2.93,18.97,244.14,204.35,2.564466e+20,46986.96146599999,216.76476066464306,1.8322317966391439e-10,1.0015896107023579,1.5805157073830383,272.5135421207807
UGC09133,8.52,288.0,5.58,19.59,244.43,201.86,2.629272e+20,46610.770970000005,215.89527778531888,1.772763372142555e-10,0.9852013271773621,1.595822904284257,272.7316188128427
UGC09133,8.83,288.0,5.74,20.3,245.34,198.26,2.724938e+20,46181.511872,214.8988410206067,1.6947729405953456e-10,0.9632862559093369,1.617172214128116,273.28274333705394
UGC09133,9.15,288.0,7.0,21.12,245.9,194.78,2.82369e+20,45712.841264,213.80561560445508,1.6189043862463658e-10,0.9414780585275591,1.6394810408095322,273.7614592557975
UGC09133,9.78,289.0,12.7,22.56,245.25,188.37,3.018108e+20,44499.130524,210.94817023145757,1.4744048431666462e-10,0.8984790967050913,1.686876809744333,273.97910747851154
UGC09133,10.1,289.0,3.89,23.18,244.0,185.3,3.11686e+20,43718.47380000001,209.08963101980933,1.4026447706987164e-10,0.8763416474372416,1.7132179766253137,273.67731952937356
UGC09133,11.04,288.0,5.02,25.23,239.18,177.32,3.406944e+20,41415.302108,203.50749889868925,1.2156144071637224e-10,0.8158259634529257,1.7929947228574434,272.5021433405447
UGC09133,11.36,288.0,3.39,25.74,237.64,174.8,3.505696e+20,40695.340016,201.73086034615528,1.1608348246967222e-10,0.797232174223947,1.8200824843816819,272.1559765264738
UGC09133,11.67,288.0,10.7,26.35,236.26,172.47,3.601362e+20,40054.079209999996,200.13515235959923,1.1121925318809938e-10,0.78035027992273,1.845854428126096,271.90807173434905
UGC09133,13.57,285.0,4.07,29.02,230.28,159.94,4.187702e+20,37002.614120000006,192.36063557807248,8.836018923982653e-11,0.6955493064065931,1.9952129990765062,271.71326189944403
UGC09133,13.88,284.0,8.92,29.38,229.01,158.15,4.283368e+20,36493.405596,191.0324726218032,8.519792274677308e-11,0.68298962458671,2.0206292486991133,271.55044233423274
UGC09133,14.2,284.0,5.69,29.84,228.03,156.35,4.38212e+20,36054.207164,189.87945429666686,8.22757185198032e-11,0.6711744955656295,2.0454412408617815,271.5635510148958
UGC09133,16.61,278.0,9.14,32.61,219.86,144.57,5.1258459999999997e+20,32913.308170000004,181.42025292122156,6.421048968306892e-11,0.5929288663415404,2.235666574418498,271.2622032816298
UGC09133,19.35,273.0,6.1,35.69,212.46,133.94,5.971410000000001e+20,30290.196692,174.04079031077742,5.072536752961193e-11,0.5270019284362866,2.441241141185093,271.9295392911535
UGC09133,22.19,269.0,2.26,39.89,201.82,125.08,6.847834000000001e+20,27524.318748,165.90454709862536,4.019419680442019e-11,0.46911711796645983,2.6706142990496167,271.12144736263167
UGC09133,24.92,265.0,1.32,44.61,194.49,118.03,7.690312e+20,25798.474960000007,160.6190367297725,3.354672080924676e-11,0.42857283545297675,2.8689312220413092,272.0552339025936
UGC09133,27.66,262.0,3.15,49.22,187.22,112.03,8.535876000000001e+20,24319.551078000004,155.9472701845082,2.8490984496494557e-11,0.39496019753308054,3.0647287936723306,273.0070117010396
UGC09133,30.5,257.0,4.71,51.48,179.93,106.69,9.4123e+20,22778.66846,150.92603638868943,2.4200958809217728e-11,0.36401215811524207,3.2774285545455206,273.2315107108429
UGC09133,33.23,252.0,4.96,51.89,173.14,102.21,1.0254778e+21,21287.770202,145.90329057975356,2.0758879618846943e-11,0.33713322764502185,3.4942277749187323,272.7348857515587
UGC09133,35.96,247.0,2.58,50.25,166.11,98.25,1.1097256e+21,19658.036016000005,140.20711827863806,1.7714321464693614e-11,0.3114310170331321,3.736894688264513,271.03507221373195
UGC09133,38.8,242.0,2.52,48.3,159.33,94.59,1.197368e+21,18126.21582,134.63363554476274,1.5138383370860087e-11,0.28789846733852104,3.9974052266041777,269.1799209774446
UGC09133,41.54,238.0,2.3,47.17,153.43,91.42,1.2819244e+21,16898.264298000002,129.99332405166044,1.3181950743741207e-11,0.2686516086862802,4.244653741156835,267.819492889451
UGC09133,44.27,235.0,0.63,47.68,147.95,88.55,1.3661722e+21,15949.322699999999,126.29062791830596,1.1674459998527269e-11,0.2528238287278787,4.476369618281498,267.19854708895303
UGC09133,47.11,236.0,1.4,49.73,142.73,85.84,1.4538146e+21,15233.63781,123.42462400185791,1.0478390992909274e-11,0.23952282383141654,4.694908654754219,267.43324026298615
UGC09133,49.84,239.0,2.07,50.56,138.21,83.46,1.5380624e+21,14547.398422000002,120.61259644829806,9.45826282600758e-12,0.22756490820550657,4.913298034903298,267.349404487401
UGC09133,52.58,242.0,2.63,49.43,133.98,81.25,1.6226188e+21,13737.338233999999,117.20639160899033,8.466152514687984e-12,0.21529931454570347,5.162624390491711,266.30943923804637
UGC09133,55.42,245.0,1.64,49.12,129.96,79.14,1.7102612e+21,13063.035352,114.29363653327337,7.638035261514442e-12,0.2044986440480654,5.4070376612800635,265.7674248641035
UGC09133,58.15,247.0,1.31,50.56,126.43,77.26,1.794509e+21,12654.993750000003,112.49441652811042,7.052064798783402e-12,0.19649782622883885,5.605479113198074,266.3405773502738
UGC09133,60.89,246.0,2.14,53.22,123.2,75.51,1.8790654e+21,12437.168446,111.52205363066088,6.618805522149469e-12,0.1903660126952822,5.768892793776614,267.85946207501297
UGC09133,63.62,243.0,4.0,53.84,120.17,73.87,1.9633131999999998e+21,12051.644268,109.77998118054128,6.1384216578383935e-12,0.1833276460006543,5.969983422779946,268.2314606775293
UGC09133,66.46,239.0,4.67,53.63,117.27,72.27,2.0509556e+21,11604.771568,107.72544531353769,5.658226617875103e-12,0.1760109844185608,6.196123607616553,268.15032924365795
UGC09133,69.19,234.0,5.12,53.12,114.7,70.83,2.1352034e+21,11181.304694,105.7416885338985,5.236646164014165e-12,0.16932700165131567,6.419836482312157,267.92190614876824
UGC09133,71.93,230.0,2.1,53.02,112.26,69.47,2.2197598000000003e+21,10828.179110000001,104.05853693955149,4.8780859577689445e-12,0.1634271953481368,6.632545515193618,267.9895348586279
UGC09133,74.77,228.0,1.32,53.32,109.91,68.14,2.3074022e+21,10535.725542,102.64368242614837,4.566055082204568e-12,0.15811394563241427,6.837723490707928,268.4033867710781
UGC09133,77.5,228.0,1.6,54.04,107.81,66.93,2.39165e+21,10327.527259999999,101.62444223709176,4.318159956515376e-12,0.1537619811703247,7.016366694514294,269.1871436449974
UGC09133,80.23,227.0,3.16,54.66,105.81,65.78,2.4758978e+21,10128.18727,100.63889541325462,4.090712980963916e-12,0.14965771418000817,7.194380986301973,269.93709993439893
UGC09133,83.07,226.0,3.48,54.96,103.86,64.64,2.5635401999999996e+21,9904.607032,99.52189222477635,3.863644124636704e-12,0.14544478762883978,7.387577368506952,270.5014801319172
UGC09133,85.81,224.0,3.71,54.86,102.09,63.6,2.6480966e+21,9664.590526000002,98.30864929394566,3.649636696032918e-12,0.14135931127310936,7.585947442972924,270.76756782910707
UGC09133,88.54,222.0,1.49,54.35,100.4,62.62,2.7323444e+21,9394.577724,96.9256298612498,3.4382846188789374e-12,0.1372051823835967,7.799784617834146,270.69481491654494
UGC09133,91.38,222.0,1.18,53.73,98.74,61.64,2.8199868e+21,9119.488411999999,95.49601254502723,3.2338762763002995e-12,0.13306422332604936,8.026253466337915,270.54634626629763
UGC09133,94.12,224.0,1.22,53.22,97.22,60.73,2.9045432e+21,8876.704597999998,94.2162650395355,3.0561448003252285e-12,0.12935599678033216,8.241380768523342,270.4742179244076
UGC09133,99.69,227.0,2.8,52.91,94.34,59.01,3.0764334e+21,8495.287322,92.16988294448464,2.7614078439013173e-12,0.12296029043081988,8.642950990141207,270.9692823388178
UGC09133,108.31,229.0,4.12,51.38,90.37,56.61,3.3424466e+21,7870.76174,88.71731364282847,2.3547905716728577e-12,0.11354702171228122,9.31638430154111,270.7896621285724
NGC4217,0.87,47.8,8.2,3.06,22.47,153.43,2.68482e+19,11070.369868000002,105.21582517853481,4.1233192050118815e-10,1.5025297564531355,1.2862834987004639,119.32993792724119
NGC4217,1.74,98.9,8.2,12.07,39.91,217.64,5.36964e+19,22667.274642,150.5565496482966,4.2213769716405557e-10,1.5202908145515222,1.2798333826497506,170.32420491674628
NGC4217,2.61,146.0,7.7,14.22,54.38,259.32,8.05446e+19,32496.069927999997,180.26666338510844,4.034543585541426e-10,1.4862669105218744,1.2923495920869255,204.92994587389856
NGC4217,3.5,164.0,6.4,13.58,67.47,273.94,1.0801e+20,36798.26566999999,191.8287404692008,3.406931364688455e-10,1.3657817191795285,1.3426082826313308,222.27383173691442
NGC4217,4.37,174.0,5.95,15.41,76.15,256.31,1.348582e+20,33124.541856,182.00148860929684,2.4562497390592497e-10,1.1596738495574965,1.4568519238942557,219.67601719584553
NGC4217,5.24,175.0,6.0,20.15,86.2,236.55,1.617064e+20,29563.740050000004,171.94109470978717,1.8282356202351917e-10,1.0004967594645446,1.5815195992442455,216.23051199134005
NGC4217,6.11,184.0,6.4,23.71,98.08,219.32,1.885546e+20,27113.800548,164.66268717593553,1.437981388308745e-10,0.8873117564277397,1.6999898120067325,214.69323393247063
NGC4217,6.98,185.0,6.4,21.44,106.18,205.28,2.154028e+20,25030.146168000003,158.2091848408303,1.1620158218927516e-10,0.7976376107225315,1.8194776463844835,213.40522823588987
NGC4217,7.85,188.0,6.65,24.46,114.52,193.65,2.42251e+20,23881.261934000002,154.53563321771455,9.85806536773842e-11,0.7346753186571461,1.921824672203452,214.2325801275668
NGC4217,8.72,190.0,7.35,27.91,106.83,183.73,2.6909920000000003e+20,21556.874528,146.82259542727067,8.010753851367821e-11,0.6622718518011586,2.0647440028641126,210.97257500012213
NGC4217,9.6,191.0,6.4,30.71,97.81,175.09,2.96256e+20,19445.824032000004,139.44828443548528,6.563858295528194e-11,0.5994862156515184,2.2177555608578934,207.66820744262245
NGC4217,10.47,191.0,5.55,32.87,91.79,167.63,3.2310420000000003e+20,17882.03856,133.72373970241784,5.5344494314837125e-11,0.5504740048763029,2.3622590275073407,205.52860389394556
NGC4217,11.35,189.0,5.95,33.95,87.56,161.03,3.50261e+20,16607.41317,128.86975273507744,4.74143943230905e-11,0.5095123400795866,2.5049377825328216,203.9620962817998
NGC4217,12.19,186.0,6.85,32.87,84.33,155.43,3.761834e+20,15464.652448000003,124.35695576846517,4.110934307042789e-11,0.47442751837262803,2.64719163892976,202.33116087073748
NGC4217,13.12,183.0,6.4,32.44,81.01,149.82,4.048832e+20,14396.33375,119.98472298588683,3.5556757479687976e-11,0.44122557526084555,2.8030644516061036,200.88268060756806
NGC4217,13.94,179.0,6.85,31.36,78.12,145.35,4.301884e+20,13508.953774,116.2280249079369,3.140241292884699e-11,0.4146494687156328,2.9461310936724154,199.4972399722982
NGC4217,14.86,177.0,7.25,30.5,75.23,140.78,4.585796e+20,12650.388198,112.47394452938867,2.758602475557133e-11,0.3886370169928577,3.105400272881009,198.2032264170286
NGC4217,15.79,177.0,8.55,31.36,72.41,136.57,4.872794e+20,11974.953179999999,109.430129214947,2.4575127083147774e-11,0.36681534005955524,3.256666953807376,197.48021241303275
NGC4217,16.72,178.0,12.0,33.41,69.87,132.72,5.1597919999999993e+20,11464.579138,107.07277496170536,2.2219072276556883e-11,0.3487888267085248,3.3960712924195633,197.31834200153318
NGC2915,0.34,13.5,10.1,4.08,44.78,0.0,1.04924e+19,939.0606640000001,30.64409672351267,8.949912927452251e-11,0.7000176789912925,1.9863992228153706,43.18969058868199
NGC2915,0.67,31.3,12.5,7.65,48.88,0.0,2.06762e+19,1157.5795240000002,34.02322036492137,5.59860866116598e-11,0.5536555516451114,2.3520810938319543,52.179698283982
NGC2915,1.0,35.3,13.4,10.36,46.82,0.0,3.086e+19,1115.701304,33.402115262360255,3.6153639144523646e-11,0.4449135296609597,2.7845821418634404,55.738334445623266
NGC2915,1.34,50.5,9.38,11.92,43.88,0.0,4.13524e+19,1027.7954240000001,32.059248649960594,2.485455315773692e-11,0.368894842189238,3.2414713644710336,57.71974909361929
NGC2915,1.68,61.0,10.1,12.33,40.74,0.0,5.18448e+19,915.5127960000001,30.257441993664965,1.7658719794463478e-11,0.3109418734316891,3.741905331481636,58.530011211275706
NGC2915,2.01,66.5,11.9,12.44,38.01,0.0,6.202859999999999e+19,819.3432459999999,28.624172407250484,1.3209120405748317e-11,0.26892832858493126,4.240846580350155,58.94666235616819
NGC2915,2.34,74.4,11.6,12.54,35.66,0.0,7.221239999999999e+19,742.2039759999999,27.243420783741527,1.0278068254205647e-11,0.2372222123889572,4.735206850700285,59.2831287279289
NGC2915,2.67,83.0,9.17,12.44,33.66,0.0,8.23962e+19,675.931576,25.99868412054733,8.203431420381037e-12,0.21193241115154038,5.236133285067645,59.491745843619604
NGC2915,3.01,86.4,7.66,12.13,31.74,0.0,9.28886e+19,610.553596,24.709382752306865,6.572965853721554e-12,0.18970566119258214,5.7871233058343785,59.441979651359084
NGC2915,3.35,83.6,8.18,12.02,29.95,0.0,1.03381e+20,557.10155,23.602998750158843,5.3888195122894924e-12,0.17176964663630523,6.336057450758768,59.41235079263198
NGC2915,3.68,79.8,7.93,12.54,28.46,0.0,1.135648e+20,529.838536,23.018221825327863,4.665517272957818e-12,0.1598267631230994,6.7700876302968975,59.89201381343106
NGC2915,4.02,82.8,6.95,13.47,27.13,0.0,1.2405719999999998e+20,520.017874,22.803900411990927,4.191758914436244e-12,0.15149480886510763,7.1135059858276755,60.82064007749657
NGC2915,4.35,83.5,7.19,14.61,25.93,0.0,1.3424099999999998e+20,522.739954,22.86350703632319,3.89404097108931e-12,0.14601580312637435,7.360737436788878,62.03024705023425
NGC2915,4.68,80.4,7.85,15.44,24.93,0.0,1.4442479999999998e+20,524.285854,22.897289228203412,3.6301649993629906e-12,0.14098171385618305,7.604863066889798,63.14366260819352
NGC2915,5.02,80.3,7.57,15.86,24.0,0.0,1.549172e+20,516.4996,22.72662755447891,3.334036504661845e-12,0.1351091552225763,7.912678605846135,63.92883023212677
NGC2915,5.35,82.1,7.92,15.86,23.2,0.0,1.65101e+20,499.13,22.341217513824084,3.02317975057692e-12,0.12865645723168193,8.283355883008046,64.29985553549716
NGC2915,5.69,82.4,8.33,15.65,22.42,0.0,1.755934e+20,476.144444,21.820734268122145,2.711630642153977e-12,0.12184700808065095,8.717164575340039,64.42537916055892
NGC2915,6.03,80.9,7.88,15.44,21.74,0.0,1.860858e+20,455.80229599999996,21.34952683316424,2.44942008471361e-12,0.11580604784416201,9.144775947741035,64.56167495802707
NGC2915,6.36,79.0,6.15,15.65,21.15,0.0,1.962696e+20,450.69084999999995,21.229480681354406,2.2962845494157013e-12,0.11212758154459951,9.427754286197578,65.18437383942204
NGC2915,6.69,81.4,6.11,16.27,20.57,0.0,2.064534e+20,459.35035400000004,21.432460288077056,2.2249590173860065e-12,0.11037243176055136,9.569429302092304,66.30023180573409
NGC2915,7.02,79.7,5.59,17.1,20.07,0.0,2.166372e+20,477.7002540000001,21.856355002607366,2.2050702926367215e-12,0.1098780193802413,9.610155984968085,67.75525038695433
NGC2915,7.36,77.5,6.33,17.83,19.59,0.0,2.271296e+20,494.442226,22.236056889655593,2.1769167294795567e-12,0.1091743240477462,9.668758902144468,69.14219170834569
NGC2915,7.7,79.9,6.41,17.93,19.12,0.0,2.37622e+20,489.64912400000003,22.128016720890283,2.0606220131132637e-12,0.10621815920978227,9.923435899732642,69.70653983217241
NGC2915,8.03,81.5,7.86,18.24,18.72,0.0,2.4780579999999997e+20,493.89926399999996,22.223844491896536,1.993090008385599e-12,0.10446313598070579,10.081458608825177,70.56362368065588
NGC2915,8.37,82.2,7.82,18.65,18.33,0.0,2.5829819999999997e+20,502.3773939999999,22.413776879410573,1.944951199814788e-12,0.1031938837745606,10.199094759622717,71.58068626730478
NGC2915,8.7,82.0,7.09,18.97,17.95,0.0,2.6848199999999997e+20,508.07404999999994,22.54049799804787,1.8923952071274796e-12,0.10179009576119379,10.33261955642866,72.45506100434885
NGC2915,9.03,84.7,5.74,19.38,17.62,0.0,2.7866579999999997e+20,518.398024,22.7683557596942,1.8602857760083945e-12,0.10092283366085628,10.416969277476968,73.48561961032082
NGC2915,9.37,86.1,5.54,19.59,17.3,0.0,2.8915819999999997e+20,521.4415,22.835093606114253,1.8033087078284486e-12,0.09936527598587656,10.572156926838765,74.24797213504351
NGC2915,9.7,85.3,5.23,19.9,16.98,0.0,2.99342e+20,528.6373839999999,22.99211569212368,1.7659980356916168e-12,0.09833196350746336,10.677826202869245,75.13120597123041
NGC2915,10.04,86.5,6.45,19.9,16.69,0.0,3.098344e+20,524.145806,22.89423084534617,1.69169661599874e-12,0.0962411587945275,10.89858369115705,75.58073122866679
NGC3109,0.26,6.1,1.6,1.0,2.78,0.0,8.0236e+18,4.555064,2.1342595905840507,5.677082606311381e-13,0.05575222574760294,18.441149417066402,9.165184986038206
NGC3109,0.52,11.2,0.7,2.12,4.73,0.0,1.60472e+19,14.785934000000003,3.845248236460164,9.214027369260684e-13,0.07102714402247451,14.585042880770834,14.685144923433594
NGC3109,0.77,14.9,1.5,4.53,7.0,0.0,2.37622e+19,43.060900000000004,6.562080462780078,1.812159648517393e-12,0.09960882819817832,10.547570159817916,21.311683741434024
NGC3109,1.03,19.1,2.2,6.54,8.59,0.0,3.17858e+19,76.714126,8.758660057337538,2.413471613110257e-12,0.11495310348011127,9.208776987431163,26.579000698289896
NGC3109,1.29,24.3,0.9,8.22,10.63,0.0,3.98094e+19,119.54697400000002,10.933753884188176,3.002983566695304e-12,0.1282259959617484,8.30941318494651,31.517696647693946
NGC3109,1.55,29.8,1.9,10.06,11.72,0.0,4.7833e+19,164.38846400000003,12.821406475110289,3.436716576422136e-12,0.1371738923494707,7.801444521991052,35.811555145669445
NGC3109,1.81,34.3,1.6,11.73,12.56,0.0,5.58566e+19,210.159556,14.496880905905243,3.7624838604569565e-12,0.14352809678437495,7.479233517375344,39.64634151131629
NGC3109,2.06,38.2,3.5,12.92,13.39,0.0,6.35716e+19,249.400766,15.792427489148082,3.9231475375796736e-12,0.14656049518456155,7.335330055867698,42.77191759549981
NGC3109,2.32,42.5,5.6,13.76,13.69,0.0,7.159519999999999e+19,275.54900599999996,16.599668852118707,3.848707818401233e-12,0.14516338082189786,7.400882383932167,45.158673412927214
NGC3109,2.58,42.3,3.0,14.44,13.73,0.0,7.96188e+19,295.229534,17.18224473111706,3.708037975955426e-12,0.14248583436993825,7.5301113322386,47.14988080138613
NGC3109,2.84,47.3,4.4,15.04,13.74,0.0,8.76424e+19,313.043896,17.693046543769675,3.5718316248756324e-12,0.13984440397994685,7.662454451737346,48.97636771438244
NGC3109,3.1,49.3,4.0,15.37,14.32,0.0,9.5666e+19,330.56560399999995,18.18146319744371,3.4554136683879324e-12,0.13754652622309407,7.781725811915608,50.718545850391585
NGC3109,3.35,50.6,3.5,15.75,15.08,0.0,1.03381e+20,352.669444,18.779495307382465,3.4113564774958653e-12,0.13666684081553535,7.828449206534543,52.543837212852836
NGC3109,3.61,53.0,3.5,16.29,15.34,0.0,1.114046e+20,373.60927599999997,19.328975037492288,3.3536252183482548e-12,0.13550548238781784,7.891063881209922,54.29709627161097
NGC3109,3.87,54.7,3.3,16.37,14.77,0.0,1.194282e+20,368.3272340000001,19.191853323741302,3.0840893021916106e-12,0.12994604789817954,8.206327240787349,54.97830311948575
NGC3109,4.13,55.2,3.1,16.42,14.16,0.0,1.274518e+20,361.84897600000005,19.022328353805694,2.8391044771435162e-12,0.12467813306160956,8.531039816978144,55.56030977225351
NGC3109,4.38,57.5,2.6,16.88,13.87,0.0,1.351668e+20,373.427774,19.32427939148055,2.762718167478996e-12,0.12298946009140534,8.641024568465005,56.804916773825106
NGC3109,4.64,59.1,2.4,17.22,13.96,0.0,1.4319039999999998e+20,386.17393599999997,19.651308760487176,2.696926162647776e-12,0.12151618639866671,8.739480206237303,58.09440136395891
NGC3109,4.9,61.2,1.9,17.66,14.01,0.0,1.51214e+20,402.164446,20.05403814696681,2.65957150792916e-12,0.12067170223113914,8.797000528963297,59.479751547835434
NGC3109,5.16,62.7,1.9,18.09,14.01,0.0,1.592376e+20,417.53694600000006,20.43372080654916,2.622100220048532e-12,0.11981860161555166,8.85593200980717,60.808542207148236
NGC3109,5.42,64.4,2.9,18.73,13.96,0.0,1.672612e+20,440.458436,20.987101657923134,2.6333569052476e-12,0.12007551700914149,8.83809628412949,62.39241994445388
NGC3109,5.67,66.6,3.2,19.3,13.99,0.0,1.749762e+20,462.521246,21.506307121400457,2.6433380425452145e-12,0.12030286118632022,8.822377075459235,63.879079811963805
NGC3109,5.93,66.3,3.4,19.36,13.93,0.0,1.829998e+20,464.070254,21.542289896851727,2.5359057988041515e-12,0.11783279020313539,8.996419187009282,64.61401192625227
NGC3109,6.19,66.2,3.2,19.43,13.15,0.0,1.910234e+20,457.06925,21.379177954261944,2.392739580595885e-12,0.1144583076038116,9.24634186026038,65.00937270357879
NGC3109,6.45,67.3,3.0,19.41,12.62,0.0,1.99047e+20,450.009724,21.213432631236277,2.260821434133647e-12,0.11125838055452053,9.49735658441168,65.3750932334378
UGC04278,0.14,5.23,5.31,-0.97,4.32,0.0,4.3204000000000005e+18,9.525604,3.0863577239198956,2.204796778076104e-12,0.10987120459290928,9.61071990916164,9.568067307956698
UGC04278,0.42,15.4,7.78,0.23,11.34,0.0,1.29612e+19,59.206876,7.694600444467536,4.5680088263432405e-12,0.15814776926694457,6.836373650873171,20.118656193615795
UGC04278,0.69,24.4,4.0,3.77,17.59,0.0,2.12934e+19,156.540626,12.511619639359246,7.351603125851201e-12,0.20062757789025226,5.501067390020662,29.34519607877958
UGC04278,0.97,32.1,4.0,5.25,23.49,0.0,2.99342e+19,281.381346,16.77442535528416,9.399995523514911e-12,0.22686287242736514,4.926838167641265,37.23332318146036
UGC04278,1.25,34.6,4.0,5.18,27.96,0.0,3.8575e+19,386.442736,19.658146809910644,1.0017958159429682e-11,0.23420125068469852,4.789330975503334,43.02095031241241
UGC04278,1.52,37.9,4.0,-5.25,30.3,0.0,4.69072e+19,449.88390000000004,21.210466755826,9.59093486714193e-12,0.22915538854492729,4.882930714676793,46.86952008873766
UGC04278,1.8,40.5,4.0,-9.36,30.65,0.0,5.5548e+19,519.7439499999999,22.797893543044715,9.356663606250448e-12,0.22633937439048096,4.9369897552766115,50.6554099432331
UGC04278,2.07,43.0,4.0,-9.36,30.82,0.0,6.388019999999999e+19,524.550904,22.903076299920933,8.211478736760374e-12,0.2120363352915422,5.2338292820608245,52.39665906607669
UGC04278,2.35,45.1,4.0,-7.81,31.07,0.0,7.2521e+19,505.05475400000006,22.473423281734362,6.964255236414281e-12,0.19527063696786118,5.637359870622778,53.3589299243047
UGC04278,2.63,45.6,4.0,-5.6,31.29,0.0,8.11618e+19,481.729486,21.948336747917825,5.9354214174648654e-12,0.18027079872212073,6.062224561719509,54.04028425289522
UGC04278,2.91,49.2,13.0,-4.88,31.96,0.0,8.98026e+19,493.67753600000003,22.21885541606498,5.49736350617911e-12,0.1734909522470293,6.278439675690177,55.67337450720377
UGC04278,3.19,50.3,4.0,-6.06,32.66,0.0,9.84434e+19,527.394376,22.965068604295524,5.357336053001013e-12,0.17126714097988902,6.353096919672438,57.88426025801978
UGC04278,3.46,53.7,4.19,-7.65,33.34,0.0,1.067756e+20,569.8380760000001,23.871281406744803,5.336781774113188e-12,0.1709382783174959,6.364302695125674,60.22144138819685
UGC04278,3.74,58.0,7.53,-8.9,33.79,0.0,1.154164e+20,604.421486,24.58498497050588,5.236876960293338e-12,0.16933073301010274,6.419706654551021,62.29132071025478
UGC04278,4.01,64.4,4.0,-9.52,33.93,0.0,1.237486e+20,620.203054,24.903876284626858,5.011798549640158e-12,0.16565189417902076,6.5505536163237394,63.73910383928164
UGC04278,4.29,67.5,4.0,-10.37,34.12,0.0,1.323894e+20,643.0571239999999,25.358571016522202,4.857315797186178e-12,0.16307889992501542,6.6455850269397505,65.37194195311424
UGC04278,4.57,71.3,4.0,-8.76,34.51,0.0,1.4103020000000002e+20,624.5700459999999,24.991399440607562,4.428626251682263e-12,0.15571631521603255,6.934905766895341,65.81287422560641
UGC04278,4.85,75.6,4.0,1.41,34.99,0.0,1.49671e+20,565.1661460000001,23.773223298492784,3.776056457162711e-12,0.1437867417890724,7.4667222426353055,64.96105474145777
UGC04278,5.13,80.0,4.0,9.52,35.27,0.0,1.583118e+20,662.8579340000001,25.746027538243645,4.187040599626813e-12,0.15140952229735594,7.11721706064374,68.68554285035435
UGC04278,5.4,82.8,4.0,17.13,35.21,0.0,1.66644e+20,863.719186,29.389099782062058,5.183020006720915e-12,0.16845776942638307,6.450237384040534,74.64042994818733
UGC04278,5.68,84.8,15.7,23.98,35.26,0.0,1.752848e+20,1146.9434959999999,33.86655423865853,6.543314058035837e-12,0.18927727985390094,5.799017982426826,81.55455816894289
UGC04278,5.86,86.3,16.8,27.31,35.38,0.0,1.808396e+20,1321.638524,36.35434670022279,7.308346866504902e-12,0.20003646858779722,5.515747050625907,85.38046492463353
UGC04278,6.36,90.2,8.07,36.83,34.91,0.0,1.962696e+20,1917.0546259999996,43.78418237217637,9.767455713977099e-12,0.23125457249699474,4.843492880888875,96.35995243515889
UGC04278,6.51,91.3,4.0,39.02,34.54,0.0,2.008986e+20,2071.345736,45.51203946210278,1.0310404034672217e-11,0.23759508117249634,4.728622327276832,98.96773057294618
UGC04278,6.69,92.8,8.75,38.64,34.02,0.0,2.064534e+20,2025.4353840000003,45.00483734000158,9.81061771809038e-12,0.23176496171871402,4.834012527592315,98.9493811000592
UGC05414,0.68,20.5,2.47,1.03,19.12,0.0,2.09848e+19,169.22512400000002,13.00865573377972,8.064176165605581e-12,0.210125909629052,5.2765489994277885,29.881844968479495
UGC05414,1.37,34.6,2.45,11.15,29.14,0.0,4.22782e+19,514.926716,22.6919967389386,1.2179485313944304e-11,0.25823438578996827,4.39394663164702,47.56638003162803
UGC05414,2.05,46.0,2.45,16.87,32.19,0.0,6.326299999999999e+19,761.247106,27.59070687749772,1.2033054170684288e-11,0.25667734541894416,4.417308131814979,57.98847326542077
UGC05414,2.74,51.8,2.46,20.26,33.36,0.0,8.45564e+19,922.3968160000001,30.37098641796147,1.090865760604756e-11,0.24439102818566266,4.612148910641036,65.22446987207454
UGC05414,3.42,56.8,2.44,21.81,33.94,0.0,1.055412e+20,1005.5609559999998,31.710581136270584,9.52766271370801e-12,0.22839825968693986,4.8973337345607275,70.17526339085542
UGC05414,4.11,61.4,2.44,23.37,34.3,0.0,1.2683460000000002e+20,1087.3423,32.97487376776445,8.572915434747302e-12,0.21665258394946563,5.133724895475512,74.71356125506001
UGC08550,0.49,25.0,2.04,3.42,17.04,0.0,1.51214e+19,145.262736,12.052499159925297,9.6064343248641e-12,0.22934047740728986,4.87942425929159,26.623270235068226
UGC08550,0.97,42.5,2.7,4.1,26.7,0.0,2.99342e+19,344.7394,18.56715917958372,1.1516573016816886e-11,0.2511083971630412,4.503247666576384,39.40110275902113
UGC08550,1.47,48.0,2.15,10.21,28.91,0.0,4.53642e+19,488.706626,22.10670997683735,1.0772958103526572e-11,0.24286620612652227,4.637712378942814,47.60757050167101
UGC08550,1.95,49.2,2.08,12.59,27.91,0.0,6.0177e+19,516.833426,22.733970748639578,8.588554198447912e-12,0.21685010338233193,5.129537088224577,51.48899131951579
UGC08550,2.44,50.4,2.06,13.04,24.63,0.0,7.52984e+19,449.09457399999997,21.191851594421852,5.964198097170724e-12,0.1807072734151631,6.048862317703088,52.12016160521301
UGC08550,2.92,51.6,2.04,12.14,22.08,0.0,9.01112e+19,371.641744,19.278011930694515,4.124256962508546e-12,0.15027006052730058,7.167203342126218,51.61038606395438
UGC08550,3.41,53.2,2.0,13.38,20.22,0.0,1.052326e+20,367.09466399999997,19.159714611653275,3.4884119940018585e-12,0.1382017329245825,7.747312429575974,53.32913887583612
UGC08550,3.89,55.1,2.05,14.95,18.69,0.0,1.200454e+20,384.187906,19.600711874827404,3.2003550823271864e-12,0.13237277899310818,8.065451100062923,55.66550789383468
UGC08550,4.39,57.8,2.24,18.33,17.42,0.0,1.3547539999999998e+20,475.578844,21.80777026658159,3.510444287302345e-12,0.13863747681844407,7.724606260628942,60.61071947919011
UGC08550,4.88,57.3,2.0,21.25,16.4,0.0,1.505968e+20,575.2841,23.98508077951792,3.820028712429479e-12,0.14462151836141093,7.4266479339274305,65.36384683206995
UGC08550,5.36,57.5,2.0,22.04,15.57,0.0,1.654096e+20,597.277054,24.43925232080556,3.6108971546996063e-12,0.1406070714030539,7.6237312350943025,67.47947638048852
UGC06787,0.12,134.0,41.1,-0.73,7.68,179.06,3.7032e+18,14776.40726,121.55824636773929,3.99017262367682e-09,4.674072511187992,1.009422126278527,122.1295723203298
UGC06787,0.24,208.0,35.5,-0.84,14.95,278.38,7.4064e+18,35751.411974,189.08043784061852,4.827097101695831e-09,5.1409410127820845,1.005886629762956,189.63614449728155
UGC06787,0.35,252.0,27.1,-0.93,21.23,309.46,1.0801e+19,44260.31897,210.3813655483774,4.097798256642903e-09,4.73668920715533,1.008845177184587,211.30974736991186
UGC06787,0.47,272.0,11.6,-1.09,27.71,321.2,1.45042e+19,47812.338786,218.66032741674928,3.2964478417286028e-09,4.248373659175006,1.0144945413429127,220.23931689694967
UGC06787,0.59,276.0,12.6,-1.27,33.83,323.58,1.82074e+19,48691.91613799999,220.66244840932947,2.674292657820446e-09,3.826520719167689,1.022270449024393,223.10604423513794
UGC06787,0.71,271.0,16.3,-1.49,39.63,323.15,2.19106e+19,48760.59142399999,220.8180052079087,2.225433873285076e-09,3.4906551847866747,1.0314391896476869,224.2623127168551
UGC06787,0.83,266.0,11.9,-1.72,45.13,320.31,2.56138e+19,48135.15638,219.39725700199628,1.8792665039939407e-09,3.2077003365361425,1.0421546628554403,223.97383255347665
UGC06787,0.94,262.0,12.2,-1.96,49.93,316.84,2.90084e+19,47328.91323,217.55209314093025,1.6315589012148204e-09,2.988828402999601,1.0530155282060425,223.24444128422635
UGC06787,1.06,260.0,12.1,-2.21,54.94,314.79,3.27116e+19,46976.01204200001,216.73950272619896,1.4360658617126648e-09,2.8040566432582668,1.0644683295957915,223.61680855745067
UGC06787,1.18,260.0,11.9,-2.45,59.69,313.21,3.64148e+19,46771.166592,216.26642502247083,1.284399930577677e-09,2.6518547936476957,1.0758707160765777,224.3205931096651
UGC06787,1.3,259.0,8.04,-2.69,64.21,311.21,4.0118e+19,46455.546672,215.53548819625968,1.1579726474899048e-09,2.5179595770648264,1.087694198285611,224.78751876676964
UGC06787,1.42,257.0,10.2,-2.93,68.53,309.11,4.38212e+19,46121.44728,214.75904469893695,1.0524916542677973e-09,2.4005399260983236,1.099709549191308,225.21144730306114
UGC06787,1.53,254.0,9.68,-3.17,72.32,306.55,4.72158e+19,45643.467954,213.64331946962443,9.666990277407142e-10,2.3006218709774626,1.1113537752571674,225.22442235802814
UGC06787,1.66,244.0,4.95,-3.41,76.57,303.54,5.12276e+19,45091.396490000014,212.34734867664352,8.802168458018727e-10,2.1953028498706626,1.125270567815077,225.2554579402619
UGC06787,1.89,228.0,9.83,-3.87,83.6,297.2,5.83254e+19,43860.704900000004,209.42947476417928,7.520000702952744e-10,2.0291237952693164,1.151345053840569,224.71939312078925
UGC06787,2.01,220.0,18.6,-4.09,87.03,293.4,6.202859999999999e+19,43099.307314,207.60372663803508,6.948295997975129e-10,1.95046768229456,1.1657831655676159,224.15273122200946
UGC06787,2.13,215.0,4.11,-4.3,90.32,289.39,6.57318e+19,42294.45627,205.65616030160635,6.43439800370597e-10,1.876953717096269,1.1807151161594815,223.46745590294614
UGC06787,2.24,213.0,16.1,-4.5,93.19,285.56,6.912640000000001e+19,41525.539262,203.7781618868911,6.007189621042031e-10,1.8135739696276614,1.1948434654477265,222.74765820630688
UGC06787,3.1,228.0,9.59,-5.53,112.13,255.35,9.5666e+19,35807.890224,189.2297287003287,3.743011124537454e-10,1.4315620012655657,1.3139489306590113,216.90951816132934
UGC06787,3.79,236.0,7.22,-5.65,121.66,232.68,1.169594e+20,31744.84598,178.17083369620292,2.7141765416033255e-10,1.2190419460293516,1.419472909149813,212.2756436187236
UGC06787,3.9,236.0,7.24,-5.61,122.76,229.34,1.20354e+20,31158.224572000003,176.5169243217205,2.5888815138674245e-10,1.190572070908713,1.4368792131441128,211.59065481722703
UGC06787,4.14,237.0,8.26,-5.45,124.89,222.83,1.2776039999999998e+20,30045.034160000007,173.33503442755017,2.3516703266426844e-10,1.1347176831652555,1.473867323537112,210.43382352411962
UGC06787,4.25,237.0,4.07,-5.32,125.78,219.95,1.31155e+20,29559.663414,171.92923955511463,2.253796150661431e-10,1.1108538374042394,1.490929982771568,209.93186624371336
UGC06787,4.37,237.0,4.04,-5.15,126.75,216.93,1.348582e+20,29063.648704000003,170.48064026158514,2.1551265480334159e-10,1.0862655128694387,1.5093757226901365,209.44680891962105
UGC06787,4.49,237.0,1.94,-4.93,127.73,214.04,1.385614e+20,28603.21917,169.1248626606981,2.064299232686737e-10,1.0631289113883176,1.5275885741432045,209.03098044980288
UGC06787,4.61,237.0,1.49,-4.62,128.73,211.23,1.4226460000000002e+20,28168.526267999994,167.8348184019037,1.9800095222564145e-10,1.0411978020593273,1.5456704662532648,208.66063148166424
UGC06787,4.72,236.0,2.38,-4.24,129.65,208.76,1.456592e+20,27797.313245999998,166.72526277082306,1.9083801947285168e-10,1.0221910018049263,1.5620258785109735,208.37495685261192
UGC06787,5.16,235.0,2.4,-1.43,133.7,199.77,1.592376e+20,26582.566634000003,163.04161013066573,1.6693649385572254e-10,0.9560382035142166,1.6244653277727519,207.803892697278
UGC06787,5.43,234.0,4.05,3.32,136.22,194.84,1.675698e+20,26009.53884,161.27473094071496,1.5521614777841835e-10,0.9218665430525156,1.6605113777105456,207.81995855264805
UGC06787,5.56,233.0,3.03,4.2,137.4,192.59,1.715816e+20,25763.687326,160.51070782349694,1.5015413847405552e-10,0.9067096887785491,1.6774325272877635,207.8866208862511
UGC06787,5.67,233.0,2.48,4.99,138.33,190.72,1.749762e+20,25559.181458000006,159.87239116870683,1.460723313113441e-10,0.8943007264671479,1.6917423113734618,207.94121456933607
UGC06787,5.79,233.0,3.03,5.73,139.24,188.73,1.786794e+20,25335.95653,159.17272545885493,1.4179562126355922e-10,0.8811117912263923,1.707422896559291,207.98844267303147
UGC06787,5.91,232.0,6.7,6.43,139.93,186.59,1.823826e+20,25063.61208,158.3149142689974,1.3742326340341677e-10,0.8674206003760525,1.724237781112192,207.88368593873815
UGC06787,6.03,232.0,7.44,7.14,140.45,184.7,1.860858e+20,24817.514149999995,157.53575514783935,1.3336597499648005e-10,0.854519790549989,1.7406060604598574,207.84012012852153
UGC06787,6.2,232.0,1.64,8.18,141.04,182.21,1.91332e+20,24489.584622000002,156.49148418364496,1.2799523666715447e-10,0.8371369415160654,1.7635076525044697,207.81619255378726
UGC06787,6.5,233.0,14.3,9.96,142.01,177.9,2.0059e+20,23934.216646,154.70687329915242,1.1931909190886884e-10,0.8082664885689756,1.8038490943570418,207.78285545499736
UGC06787,6.85,235.0,7.57,11.78,143.12,173.33,2.11391e+20,23381.015118000003,152.90851878819572,1.1060553721776235e-10,0.7781942866281762,1.8492304271767044,207.93480847247324
UGC06787,6.98,236.0,3.05,12.31,143.59,171.7,2.154028e+20,23197.066026,152.30583057125554,1.076915714466107e-10,0.7678748798193314,1.8656649343864473,208.03353735721407
UGC06787,7.09,236.0,2.91,12.85,144.05,170.36,2.187974e+20,23060.671266000005,151.85740438319104,1.0539737339657606e-10,0.7596516705012686,1.8790965151870702,208.1663445752344
UGC06787,7.21,237.0,4.07,13.38,144.62,168.93,2.225006e+20,22927.077478000007,151.41689957861377,1.0304276697680816e-10,0.7511183279765808,1.8933605824362898,208.3488055336724
UGC06787,7.22,238.0,2.02,13.48,144.67,168.82,2.228092e+20,22919.326997999997,151.39130423508476,1.028652631848236e-10,0.7504711024477524,1.894456322580499,208.37385618318584
UGC06787,7.33,238.0,6.76,13.91,145.21,167.55,2.262038e+20,22806.603536000002,151.0185536151105,1.0082325555980939e-10,0.7429848555506161,1.9072755947425428,208.56288817328405
UGC06787,7.45,239.0,3.49,14.44,145.73,166.2,2.29907e+20,22683.963133999998,150.61196212120734,9.8665821980192e-11,0.7349926098243942,1.9212628172801656,208.76267606521105
UGC06787,7.56,240.0,10.1,14.86,146.08,164.99,2.333016e+20,22558.910190000002,150.19623893426893,9.669419408182372e-11,0.7276119150006292,1.9344649881328562,208.90050725881096
UGC06787,8.26,247.0,0.85,17.52,144.87,157.97,2.549036e+20,21440.195788,146.42471030533065,8.411099642374607e-11,0.6786189645133318,2.029703211656994,208.60784800543428
UGC06787,8.98,252.0,8.91,19.64,141.68,151.5,2.771228e+20,20177.446904000004,142.0473403622891,7.281049016537075e-11,0.6313883737119221,2.136080629776847,207.6069687895501
UGC06787,9.09,253.0,7.13,19.85,141.18,150.58,2.805174e+20,19992.841748000006,141.39604572971623,7.12713070490458e-11,0.6246790841891496,2.152543109939472,207.449882508445
UGC06787,9.3,254.0,0.73,20.28,140.17,148.87,2.8699800000000003e+20,19643.835068,140.1564663795431,6.844589533028103e-11,0.6121717829297973,2.1842269126300686,207.13906735039606
UGC06787,10.32,253.0,0.96,21.76,134.57,141.32,3.184752e+20,17990.494158,134.1286477900974,5.648946655186966e-11,0.5561389851080629,2.344219431773972,205.36227986755438
UGC06787,11.38,247.0,1.99,22.29,131.1,134.58,3.511868e+20,16734.377844000002,129.36142332241093,4.765093062723315e-11,0.5107816617064215,2.5001648722196026,204.54511395782302
UGC06787,12.4,238.0,3.15,22.29,127.84,128.93,3.82664e+20,15661.208930000003,125.14475190754106,4.092678937658103e-11,0.4733729544482801,2.651800428631954,203.79008943878648
UGC06787,13.41,229.0,1.67,21.87,125.7,123.98,4.138326e+20,14817.200884000002,121.72592527477457,3.580481789979813e-11,0.44276199727695253,2.7953265938471743,203.5163769268239
UGC06787,14.43,223.0,3.52,21.55,123.24,119.52,4.453098e+20,14022.04138,118.41470086099952,3.148828384194554e-11,0.415216017855277,2.942887247283988,203.13859002683458
UGC06787,15.44,220.0,1.13,21.55,120.61,115.54,4.764784e+20,13296.683802000001,115.31124750864505,2.790616280192345e-11,0.3908855940740766,3.0907844593457376,202.72440320803955
UGC06787,16.57,220.0,1.12,22.08,117.78,111.53,5.113502e+20,12590.618278,112.20792431018408,2.4622300486046547e-11,0.3671672330884501,3.254083323374646,202.41274902884896
UGC06787,17.58,224.0,1.93,22.61,115.53,108.28,5.4251879999999993e+20,12044.212178,109.74612602729994,2.2200543424485937e-11,0.348643365989356,3.3972554384285973,202.28016542236276
UGC06787,18.6,228.0,2.04,23.25,113.08,105.27,5.7399600000000007e+20,11520.237778,107.3323705971316,2.007024052083986e-11,0.33149416763661416,3.5442183787189605,202.06493624575265
UGC06787,19.61,234.0,2.55,24.2,110.31,102.52,6.051646e+20,11017.81739,104.96579152276232,1.8206315091794863e-11,0.31572620580259875,3.693568138825033,201.7301645047076
UGC06787,20.62,239.0,2.91,26.01,107.85,99.98,6.363332000000001e+20,10625.226633999999,103.07873997095618,1.6697583332128508e-11,0.3023614455635812,3.8324584485027167,201.7938046143374
UGC06787,21.64,243.0,3.08,28.66,105.68,97.6,6.678104e+20,10340.645904,101.68896648112813,1.548440381281873e-11,0.29117014821380655,3.9586479693375933,202.323940524864
UGC06787,22.77,245.0,3.6,31.74,103.62,95.14,7.026822e+20,10110.24064,100.54969239137432,1.4388069941148359e-11,0.28067315296844536,4.086221806785266,203.25522324165402
UGC06787,23.78,247.0,2.67,34.4,101.87,93.1,7.338508e+20,9944.109174,99.72015430192634,1.3550587086639408e-11,0.27238215969980456,4.193982893680758,204.21905828949926
UGC06787,24.79,249.0,3.37,36.31,99.95,91.18,7.650194e+20,9738.161754000002,98.6821247947165,1.2729300399440851e-11,0.2639987502696028,4.309871102478531,204.86635139726155
UGC06787,25.81,250.0,2.08,37.37,97.79,89.36,7.964965999999999e+20,9468.640002,97.30693707028291,1.1887859913024112e-11,0.25512407468163567,4.44089875997389,205.05919058535505
UGC06787,26.82,251.0,1.68,37.79,95.84,87.67,8.276652e+20,9188.897970000002,95.85873966415375,1.1102192009522695e-11,0.246549411512058,4.576507099803141,205.06841979951884
UGC06787,27.84,251.0,2.78,37.79,94.22,86.04,8.591424e+20,8917.017500000002,94.42996081752868,1.0378975010429006e-11,0.23838385374915716,4.714761515684367,205.04051049410708
UGC06787,29.41,248.0,3.4,37.26,91.66,83.72,9.075926e+20,8477.180839999999,92.07160713270947,9.340293034561979e-12,0.22614128417129148,4.94084339776483,204.6568420184688
UGC06787,30.99,246.0,2.91,36.63,88.64,81.55,9.563514e+20,8015.184866,89.52756483899246,8.38100395524072e-12,0.21421388911554692,5.1860689036117815,203.8806047427326
UGC06787,32.57,249.0,3.46,35.88,86.0,79.55,1.0051102e+21,7600.50755,87.18088982110702,7.561864907947409e-12,0.20347640710421883,5.4315193663378265,203.18047138399368
UGC06787,34.03,252.0,3.23,35.14,84.24,77.83,1.0501658000000001e+21,7285.607389999999,85.35576951794178,6.937578228123596e-12,0.19489628002825107,5.647165342183574,202.83744612266378
UGC06787,37.19,255.0,4.16,33.12,79.85,74.45,1.1476834e+21,6579.5939,81.11469595578843,5.732934622910815e-12,0.1771691484688407,6.159079944388889,201.3063457313591
ESO079-G014,0.41,33.2,11.6,2.21,28.95,0.0,1.26526e+19,390.41125,19.75882714130573,3.0856207419818846e-11,0.41102749650611764,2.9670834905086614,34.03502276161791
ESO079-G014,0.98,50.4,11.8,4.41,47.6,0.0,3.02428e+19,1061.6977000000002,32.58370298170544,3.510580038885289e-11,0.43841867255300826,2.817343129877961,54.691559870808526
ESO079-G014,1.78,53.9,9.75,6.75,62.09,0.0,5.49308e+19,1818.9398260000003,42.6490307744502,3.311329574664852e-11,0.4257952449891464,2.883922838188375,72.42708129899886
ESO079-G014,2.69,67.6,5.1,8.55,75.48,0.0,8.30134e+19,2693.828484,51.90210481281082,3.245052586690823e-11,0.421512514095503,2.9074312705447563,88.49927215444077
ESO079-G014,3.36,81.7,5.06,9.18,82.21,0.0,1.036896e+20,3193.1750859999993,56.508186008754514,3.079551937706385e-11,0.4106230927630162,2.9694461505276086,97.37536375841358
ESO079-G014,4.39,102.0,5.35,9.29,86.87,0.0,1.3547539999999998e+20,3557.646674,59.646011383830185,2.6260462593208806e-11,0.3791846859836999,3.168760567195548,106.17594121356116
ESO079-G014,5.65,116.0,6.44,9.5,92.23,0.0,1.74359e+20,4003.1815340000003,63.270700438670666,2.2959420127438223e-11,0.354552098987292,3.349944253540548,115.8034324867054
ESO079-G014,6.34,132.0,9.1,10.22,96.19,0.0,1.956524e+20,4360.605806,66.03488325120291,2.228751503176041e-11,0.3493256113366635,3.391710132831417,121.61377758088804
ESO079-G014,6.89,137.0,5.25,11.87,100.53,0.0,2.126254e+20,4789.7861139999995,69.20828067507529,2.2526876440914397e-11,0.35119642931706624,3.376615743758106,127.17416090451061
ESO079-G014,8.34,154.0,4.2,17.23,113.81,0.0,2.573724e+20,6255.122306,79.08933117684079,2.430378045975404e-11,0.3647846204869137,3.271675154884273,143.05498327322476
ESO079-G014,10.04,163.0,3.28,24.23,128.72,0.0,3.098344e+20,8208.758564000002,90.60219955387397,2.6494019269648563e-11,0.38086715964822837,3.157249819438506,160.9878923832575
ESO079-G014,11.65,170.0,2.41,30.75,133.41,0.0,3.59519e+20,9132.747426000002,95.56540914996388,2.5402683657887346e-11,0.37294037500426447,3.2124003353813273,171.28351028115742
ESO079-G014,13.36,175.0,2.18,36.2,132.99,0.0,4.122896e+20,9446.156446,97.19133935696122,2.291145943530955e-11,0.3541815875892448,3.352864069899271,177.9653858098276
ESO079-G014,15.06,177.0,2.23,39.42,128.51,0.0,4.647516e+20,9150.753646,95.65957163817951,1.9689558133850427e-11,0.32833530836958685,3.5729791990617454,180.81883871128147
ESO079-G014,16.67,178.0,2.03,40.49,124.23,0.0,5.1443620000000003e+20,8738.662834,93.48081532592664,1.698687385141248e-11,0.3049694482477341,3.804391795809559,182.33292953280687
UGC02885,1.7,305.0,10.0,0.0,92.31,265.84,5.2462e+19,36428.339181999996,190.86209467047144,6.943757230376273e-10,1.9498305357418035,1.1659063573668358,206.08743833773374
UGC02885,3.41,257.0,10.0,0.0,152.76,236.42,1.052326e+20,36445.81564,190.90787212684552,3.463357898597963e-10,1.3770454984140297,1.3374758373263458,220.78359945917776
UGC02885,6.82,256.0,10.0,0.0,220.93,175.44,2.104652e+20,36611.05891000001,191.34016543841497,1.7395302838664068e-10,0.9759231052284607,1.60473544846429,242.38618780510456
UGC02885,13.67,271.0,10.0,0.0,244.9,123.9,4.218562e+20,34650.5212,186.14650466769447,8.21382290932313e-11,0.670613467463853,2.0466419780259573,266.30285625279794
UGC02885,19.49,282.0,10.0,0.0,240.52,103.77,6.014613999999999e+20,31564.318318000005,177.66349742701792,5.2479374932456196e-11,0.5360359657970334,2.410003660833175,275.808126599061
UGC02885,23.36,287.0,10.0,28.79,238.85,94.78,7.208896e+20,31203.846714,176.64610585574763,4.328519472884613e-11,0.4868209853261363,2.5945522385303375,284.53472607498406
UGC02885,27.24,283.0,10.0,40.2,232.97,87.77,8.406264e+20,30126.193148,173.56898671133618,3.583779089973857e-11,0.44296582224491704,2.794304171657018,290.140909196896
UGC02885,31.22,280.0,10.0,45.05,223.71,81.99,9.634491999999999e+20,28143.023632,167.75882579465082,2.921069801293105e-11,0.3999176490107464,3.033752773348655,292.1968103761517
UGC02885,35.1,280.0,10.0,50.3,214.74,77.32,1.0831860000000001e+21,26492.249000000003,162.76439721265828,2.445770994085965e-11,0.365937989995969,3.263130417905538,294.01983530134083
UGC02885,38.97,281.0,10.0,59.7,206.96,73.38,1.2026142e+21,25743.940360000004,160.44918310792363,2.1406649247946686e-11,0.34235285171015295,3.4494367919770217,297.9968037550842
UGC02885,42.85,282.0,10.0,67.17,198.69,69.98,1.3223510000000002e+21,24924.27049,157.87422364021302,1.8848452861607843e-11,0.3212457990725239,3.6396057248817058,301.1885083529983
UGC02885,46.73,287.0,10.0,65.05,189.07,67.02,1.4420878e+21,22741.509338,150.80288239287736,1.5769850724761696e-11,0.29384167732136107,3.927644847359093,298.86547470821114
UGC02885,50.71,292.0,10.0,71.21,184.25,64.33,1.5649106e+21,22590.613343999998,150.30174098792068,1.4435721340247803e-11,0.2811375451058758,4.080375100934302,303.60859046425514
UGC02885,54.58,298.0,10.0,79.19,180.41,62.01,1.6843388e+21,23011.839872,151.69653876077726,1.36622393736937e-11,0.27350202636335885,4.179043511341885,310.10881977318877
UGC02885,58.46,298.0,10.0,83.33,174.83,59.92,1.8040756e+21,22655.619138000002,150.517836610815,1.2558020926617492e-11,0.26221661362635823,4.335467275501739,313.405002160192
UGC02885,62.34,298.0,10.0,83.33,168.07,58.02,1.9238124e+21,21486.257738,146.58191477122955,1.1168582621673508e-11,0.24728548995551888,4.564495078151331,313.16755530066
UGC02885,66.21,298.0,10.0,82.83,162.78,56.3,2.0432406e+21,20507.637364000006,143.2048789811297,1.00368196305418e-11,0.23442162008461526,4.785335409027359,313.26653704703557
UGC02885,70.19,298.0,10.0,85.86,158.17,54.68,2.1660633999999998e+21,20255.459197999997,142.32167508148572,9.351277159292748e-12,0.22627421545142137,4.938256607890217,316.2699088284786
UGC02885,74.07,298.0,10.0,86.26,152.97,53.23,2.2858001999999997e+21,19508.084348,139.6713440473743,8.534466113004979e-12,0.21616619713628074,5.1440700231748275,316.78218369111744
F563-V1,1.31,12.0,5.0,4.66,11.06,0.0,4.04266e+19,77.98445600000001,8.830880816770206,1.9290382075168336e-12,0.10277086644480093,10.238946784995566,28.257365323766976
F563-V1,2.63,21.7,5.0,9.66,16.85,0.0,8.11618e+19,223.91995000000003,14.963955025326694,2.758932773792597e-12,0.12290517297231855,8.646593554819853,44.001645383617
F563-V1,3.93,28.6,5.0,13.79,23.41,0.0,1.212798e+20,442.257026,21.029907893283795,3.646584394103553e-12,0.14130018736772434,7.588902549823211,57.933112054235714
F563-V1,5.24,29.5,5.0,16.46,24.18,0.0,1.617064e+20,539.8809040000001,23.235337398023727,3.338648958853824e-12,0.13520258092473825,7.907571961622168,65.33871057103613
F563-V1,6.55,28.6,5.0,18.52,23.59,0.0,2.02133e+20,598.974926,24.473964247747034,2.9632713411466707e-12,0.12737532749431774,8.361425707330987,70.76923303458274
F563-V1,7.87,27.3,5.0,20.17,23.33,0.0,2.428682e+20,657.2017940000001,25.635947300616767,2.7060018314460277e-12,0.12172047719784236,8.725685394077377,75.72671982112556
IC2574,0.85,10.3,0.2,0.0,9.59,0.0,2.6231e+19,42.305326,6.504254453817132,1.6127988258167814e-12,0.09397010291881817,11.149512192277376,21.71828142453424
IC2574,1.14,12.9,2.7,0.0,11.99,0.0,3.5180399999999996e+19,66.129646,8.132013649767195,1.8797297927254946e-12,0.10144889374908424,10.365632560766242,26.18158917654818
IC2574,1.42,16.4,1.8,0.94,13.83,0.0,4.38212e+19,88.867294,9.426945104327276,2.02795208711765e-12,0.1053727824865239,9.998896114058436,29.808972485536774
IC2574,1.71,18.6,2.1,3.44,15.27,0.0,5.27706e+19,119.093134,10.912980069623513,2.256808412259857e-12,0.11115959331423245,9.50533604664334,33.64550875700835
IC2574,1.99,19.8,2.0,5.14,16.76,0.0,6.14114e+19,155.63249600000003,12.475275387741949,2.5342606747281453e-12,0.11779456303209483,8.999170110263623,37.42410060627941
IC2574,2.28,26.1,0.6,5.82,17.77,0.0,7.036079999999999e+19,179.127934,13.383868424338308,2.5458484553899335e-12,0.11806356077318775,8.979850238093887,40.106633126942555
IC2574,2.55,27.7,2.7,6.87,18.7,0.0,7.8693e+19,208.0543,14.424087492801755,2.643873025555005e-12,0.1203150345689176,8.82153705156817,42.84108677645888
IC2574,2.84,29.7,2.6,7.58,19.36,0.0,8.76424e+19,229.868816,15.161425262817477,2.622803757085612e-12,0.11983467483229043,8.85481392057239,45.115912844829964
IC2574,3.13,33.0,3.4,8.21,19.89,0.0,9.65918e+19,249.38566600000001,15.791949404680855,2.5818513165713857e-12,0.11889544521680197,8.920656748460164,47.16655514633364
IC2574,3.41,34.8,1.2,8.78,20.19,0.0,1.052326e+20,264.60100600000004,16.266560976432604,2.514439498786498e-12,0.11733300632249818,9.032526533591874,48.88778587244571
IC2574,3.7,35.0,0.9,8.64,20.15,0.0,1.14182e+20,261.41995,16.16848632371008,2.2895022858243845e-12,0.11196187011764906,9.440940361776864,49.67947420543709
IC2574,3.98,39.0,10.2,7.98,20.39,0.0,1.228228e+20,254.92636600000003,15.966413686235242,2.075562240886872e-12,0.1066025231119629,9.889522870800164,50.21055792288086
IC2574,4.26,35.9,5.4,7.97,21.28,0.0,1.314636e+20,271.826564,16.487163612944467,2.067694510115348e-12,0.10640028482962599,9.907336099028333,51.89486612558159
IC2574,4.55,40.0,4.1,10.01,22.72,0.0,1.40413e+20,337.651364,18.375292215363544,2.404701587459851e-12,0.11474405623676659,9.224608274706881,55.80951143237563
IC2574,4.84,38.7,1.4,11.42,24.6,0.0,1.493624e+20,408.7900000000001,20.218555833689013,2.73690031761675e-12,0.122413437401108,8.679236394539963,59.56496491834769
IC2574,5.12,41.8,0.5,12.67,25.34,0.0,1.580032e+20,455.90207599999997,21.351863525228893,2.8853977387799737e-12,0.12569049794547246,8.466522356887449,62.12813468152251
IC2574,5.41,42.9,0.4,13.13,25.74,0.0,1.669526e+20,477.168796,21.844193644994085,2.8581094035073426e-12,0.12509473389926534,8.504363465242278,63.70256568974318
IC2574,5.68,44.4,1.7,13.93,26.48,0.0,1.752848e+20,516.592484,22.728670968624627,2.9471607578067236e-12,0.12702860129551824,8.382825734397919,65.80657086546711
IC2574,5.97,46.1,1.3,14.5,27.15,0.0,1.842342e+20,549.32635,23.43771213237333,2.9816741408489846e-12,0.12777023472592916,8.337193601530101,67.67451610740844
IC2574,6.26,49.0,0.9,15.98,27.39,0.0,1.931836e+20,600.457966,24.504243836527582,3.108224331672047e-12,0.1304535137127408,8.176433896034428,70.0685726010334
IC2574,6.54,51.9,0.6,17.58,27.31,0.0,2.018244e+20,652.1410059999998,25.537051630914636,3.2312297522004273e-12,0.13300976395244613,8.0293259343327,72.36195611174159
IC2574,6.83,53.1,2.1,18.38,26.75,0.0,2.107738e+20,666.98315,25.82601692092685,3.164449993310364e-12,0.13162813312014068,8.108125937492321,73.5389922312329
IC2574,7.1,54.0,0.5,19.29,26.25,0.0,2.19106e+20,689.07285,26.250197142116857,3.1449291667047e-12,0.13122151192229187,8.131633696817067,74.85511343002408
IC2574,7.39,55.9,1.1,19.86,26.04,0.0,2.280554e+20,706.337136,26.577003894344447,3.097217325263948e-12,0.13022232445687068,8.190023653156235,76.0586474435526
IC2574,7.68,58.8,3.6,21.01,25.86,0.0,2.370048e+20,749.0403160000001,27.368600914186317,3.160443653461871e-12,0.13154478308250614,8.112932746753362,77.95456181850352
IC2574,7.96,57.3,4.6,21.81,25.77,0.0,2.456456e+20,781.158834,27.94921884418239,3.1800237170948717e-12,0.13195163707864097,8.089527023034114,79.49343052683548
IC2574,8.25,54.0,9.0,22.49,25.57,0.0,2.54595e+20,806.5595539999999,28.399992147886238,3.168010188731122e-12,0.13170215706505278,8.103862073860107,80.8470616656544
IC2574,8.52,63.8,12.0,22.38,25.47,0.0,2.629272e+20,799.2760139999999,28.27146996532016,3.0399137632013723e-12,0.1290120377657579,8.261962694023435,81.26246741205777
IC2574,8.81,60.5,6.2,22.6,25.41,0.0,2.718766e+20,807.767326,28.421247791045346,2.97108072559389e-12,0.12754305907839797,8.351115086199947,82.13256298386158
IC2574,9.1,61.0,5.7,22.95,25.38,0.0,2.80826e+20,823.008924,28.688132110682982,2.930672103010405e-12,0.1266727556611659,8.404910593389356,83.17040593733792
IC2574,9.38,66.0,1.3,23.63,25.51,0.0,2.8946680000000003e+20,857.7265460000001,29.286968876959598,2.9631258092465186e-12,0.12737219963343135,8.36161823820276,84.6875547552547
IC2574,9.67,65.2,3.4,24.89,25.74,0.0,2.984162e+20,924.283996,30.402039339491687,3.09729832361648e-12,0.13022402723127682,8.189923384105793,87.00468442788093
IC2574,9.96,67.1,4.7,25.8,24.84,0.0,3.073656e+20,949.471776,30.813499898583412,3.089063239347539e-12,0.1300507924469175,8.20013790818796,88.23717755647077
IC2574,10.23,67.5,9.3,27.17,23.97,0.0,3.1569780000000003e+20,1002.506914,31.66238958133135,3.1755270831789133e-12,0.13185831260112293,8.094883061335954,90.08427297264923
NGC3726,3.5,102.0,7.0,0.0,138.23,0.0,1.0801e+20,8789.465134,93.75214735674058,8.137640157392834e-11,0.6674962713119621,2.05335167154269,134.3423348199111
NGC3726,5.24,125.0,6.1,0.0,163.99,0.0,1.617064e+20,12370.651246000001,111.22342939327127,7.650069042412669e-11,0.6471907188466175,2.0986993632419204,161.12814121955256
NGC3726,6.98,145.0,4.9,8.76,177.95,0.0,2.154028e+20,14643.19075,121.00905234733474,6.798050327108097e-11,0.6100870280523423,2.1896383806906736,179.0622586755083
NGC3726,8.72,164.0,3.9,23.82,182.72,0.0,2.6909920000000003e+20,15925.227664000002,126.19519667562629,5.917976591532045e-11,0.5692279607751384,2.303946879275281,191.54863241020848
NGC3726,10.47,162.0,4.8,31.14,173.68,0.0,3.2310420000000003e+20,14845.481104000002,121.84203340391198,4.594641946468043e-11,0.50156294042763,2.5353904301815535,194.00796561616403
NGC3726,12.19,160.0,4.8,37.29,166.41,0.0,3.761834e+20,14128.996625999998,118.86545598280435,3.75587987827214e-11,0.4534771935648576,2.7428434410031306,196.85940598198366
NGC3726,13.94,156.0,4.8,46.45,159.41,0.0,4.301884e+20,13846.914626000002,117.67291373124064,3.218802419126132e-11,0.4198041840556776,2.9169443215949498,200.97432420565758
NGC3726,16.03,146.0,4.85,53.13,148.01,0.0,4.9468580000000003e+20,12899.998545999999,113.5781605151272,2.607715553185476e-11,0.37785894864100644,3.177903757309998,202.47210634708895
NGC3726,22.3,158.0,4.9,48.17,124.21,0.0,6.881780000000001e+20,9417.285985999999,97.0427018688165,1.368437524303305e-11,0.273723503774517,4.176103499553453,198.31177716522612
NGC3726,27.52,168.0,10.6,42.67,109.5,0.0,8.492672e+20,7336.2439,85.6518762199638,8.63832242667561e-12,0.21747748814492746,5.116285927632038,193.73776458720272
NGC3726,30.08,169.0,10.6,40.52,103.96,0.0,9.282688e+20,6613.403935999999,81.3228377271723,7.124449228499329e-12,0.19750370687443336,5.5796440601255695,192.0948723644477
NGC3726,32.52,167.0,15.2,39.01,99.53,0.0,1.0035672000000001e+21,6078.641714,77.96564444676899,6.057035058539178e-12,0.18210826088192925,6.006406392852206,191.07797479256394
F583-4,0.22,10.7,4.9,0.47,5.59,0.0,6.7892e+18,14.595025999999999,3.820343701815322,2.1497416485005597e-12,0.10849075672895947,9.726414226523909,11.914582179954374
F583-4,0.76,24.7,4.9,1.87,17.63,0.0,2.34536e+19,146.472674,12.102589557611214,6.245210713920251e-12,0.18491542979417597,5.923278386677064,29.455023750508087
F583-4,1.31,38.9,4.9,3.27,26.64,0.0,4.04266e+19,337.150116,18.361647965256278,8.339808838734892e-12,0.21368677823850055,5.197540416345216,41.86109595179608
F583-4,1.94,42.7,7.89,4.87,32.27,0.0,5.98684e+19,502.73923400000007,22.42184724771802,8.397405542823928e-12,0.2144233944810189,5.181525161845754,51.03876948769495
F583-4,3.92,55.0,4.9,8.5,38.26,0.0,1.209712e+20,745.610696,27.305872921406486,6.163538891901544e-12,0.18370233373759992,5.958888907092996,66.65591725724197
F583-4,4.35,57.2,4.9,9.17,38.43,0.0,1.3424099999999998e+20,763.446754,27.63054024082772,5.687135480218413e-12,0.1764600469066479,6.181702558782093,68.69789481997016
F583-4,5.0,59.8,4.9,10.3,39.09,0.0,1.543e+20,808.9829260000001,28.44262516013598,5.24292239792612e-12,0.16942844230621043,6.416309027381942,72.04640484501401
F583-4,5.05,62.5,3.43,10.4,39.06,0.0,1.55843e+20,809.974456,28.46005017564094,5.197374639861912e-12,0.16869088424117915,6.442053508777417,72.2350246507529
F583-4,5.83,61.8,3.98,12.1,38.38,0.0,1.799138e+20,824.0012240000001,28.70542150883697,4.579977878295052e-12,0.15835482234350745,6.828123133936262,75.0092115675548
F583-4,6.09,64.4,4.9,12.72,38.13,0.0,1.879374e+20,830.5909740000001,28.81997526022533,4.419508698109052e-12,0.15555594005037748,6.9415133088876555,75.9312735324712
F583-4,6.74,67.2,4.9,14.18,39.23,0.0,2.079964e+20,909.0091339999999,30.1497783408104,4.370311861166828e-12,0.15468771266003892,6.977523082042415,79.64064423566892
F583-4,7.29,69.9,4.9,15.33,36.96,0.0,2.249694e+20,863.388036,29.383465350431354,3.837802101085747e-12,0.1449575670864947,7.4106460961046245,79.98914412848058
UGC07125,1.44,26.1,3.3,9.09,27.58,0.0,4.44384e+19,432.53004400000003,20.797356658960293,9.733249711960827e-12,0.23084928619233333,4.851050967366984,45.80638916528441
UGC07125,2.88,43.0,3.47,16.12,37.24,0.0,8.88768e+19,897.7904960000001,29.96315230412181,1.0101516886296538e-11,0.23517594634748887,4.771715495570104,65.45227896367528
UGC07125,4.33,48.5,2.35,15.32,39.71,0.0,1.336238e+20,960.0690860000001,30.984981620133325,7.184865914605034e-12,0.19833937348320718,5.558380713742436,73.05086920415614
UGC07125,5.76,52.5,2.0,18.34,39.12,0.0,1.777536e+20,1040.327824,32.25411328807537,5.852639969035788e-12,0.179009264288183,6.101212532966626,79.66970037713646
UGC07125,7.2,56.4,2.05,17.63,37.66,0.0,2.22192e+20,963.2236759999998,31.035845018301014,4.335096115071649e-12,0.15406321930267292,7.0036754314888245,82.13468204497751
UGC07125,8.64,58.5,2.21,22.27,36.69,0.0,2.6663040000000003e+20,1115.184706,33.3943813537547,4.182511469059791e-12,0.15132761014187673,7.120785250226609,89.11223712691258
UGC07125,10.08,61.5,2.1,25.8,36.12,0.0,3.110688e+20,1265.781024,35.57781645913644,4.069135265253216e-12,0.14926248462724767,7.212041012262897,95.54509227392126
UGC07125,11.47,64.6,2.01,29.52,34.86,0.0,3.5396420000000003e+20,1430.431416,37.821044618043004,4.041175395703858e-12,0.14874879399440602,7.235134745014886,101.73182411744341
UGC07125,13.0,65.6,2.12,36.98,33.7,0.0,4.0118e+20,1889.9378000000002,43.47341486471934,4.710947205743058e-12,0.16060302528544923,6.739910606133714,112.86280088298811
UGC07125,14.42,65.4,2.65,38.39,31.99,0.0,4.450012e+20,1944.537746,44.09691311191748,4.369735960262578e-12,0.15467752028345078,6.97794821686464,116.48555145307373
UGC07125,15.84,65.5,3.05,37.89,29.33,0.0,4.888224e+20,1831.366594,42.79446919871773,3.746486646274804e-12,0.14322264757031913,7.494067116976367,117.1511168159502
UGC07125,17.26,65.1,3.22,39.0,27.53,0.0,5.3264360000000007e+20,1869.634414,43.2392693509037,3.510103968206883e-12,0.13863075656875642,7.724955360515529,120.17837737560617
UGC07125,18.68,64.9,3.48,34.46,26.15,0.0,5.764648e+20,1502.04995,38.756289167050035,2.605623014622922e-12,0.11944153992763862,8.882247707244892,115.50575623991561
UGC06973,1.74,170.0,4.7,2.96,330.95,134.59,5.36964e+19,58724.252076,242.33087313836015,1.0936348074731266e-09,2.4470101192882074,1.0947530436719373,253.55187575239722
UGC06973,2.61,174.0,4.2,15.3,283.41,109.85,8.05446e+19,42732.685276000004,206.7188556373124,5.305468681451023e-10,1.7043605797391506,1.2223275019940139,228.54613636399426
UGC06973,3.5,170.0,4.2,20.26,251.38,94.86,1.0801e+20,33618.01664,183.35216562669774,3.112491124895843e-10,1.3054302257962596,1.371847296321466,214.75284686186131
UGC06973,4.37,170.0,4.3,23.49,223.34,84.89,1.348582e+20,26811.831242000004,163.74318685673612,1.9881498671938373e-10,1.0433359270406752,1.5438711380816432,203.45518527095714
UGC06973,5.32,171.0,4.8,28.67,203.29,76.94,1.641752e+20,22555.399242,150.18455061024088,1.3738615358470706e-10,0.8673034732104679,1.7243840655899652,197.21605169439118
UGC06973,6.28,174.0,4.9,33.19,186.33,70.82,1.938008e+20,19379.373098,139.20981681620015,9.999635242991774e-11,0.7399317831442637,1.9125814991111774,192.52176617621103
UGC06973,6.81,177.0,10.1,32.98,178.04,68.0,2.101566e+20,17795.911536,133.40131759469244,8.467928932995678e-11,0.6809076374360006,2.024936593714726,189.83043087913077
UGC06973,7.33,178.0,6.3,32.11,170.62,65.55,2.262038e+20,16398.726074,128.0575108066684,7.249536070569988e-11,0.6300205431138763,2.1394074706783366,187.3060518838706
UGC06973,7.85,180.0,7.7,30.71,164.4,63.34,2.42251e+20,15221.189276000001,123.37418399324876,6.283230730110505e-11,0.5865311841160221,2.2535388143445414,185.20675158846367
NGC5985,3.54,223.0,8.0,-9.23,117.85,111.1,1.092444e+20,12151.83585,110.23536569540647,1.1123532052901568e-10,0.7804066447193925,1.8457664310836992,149.76465099605264
NGC5985,4.23,230.0,6.13,-10.88,124.82,101.71,1.3053780000000002e+20,12043.854389999999,109.744495943988,9.226334739822487e-11,0.7107456441931029,1.965709156966656,153.8658989496895
NGC5985,4.97,248.0,5.1,-12.52,131.42,93.86,1.533742e+20,12153.97176,110.24505322235552,7.924391299188522e-11,0.6586922587515728,2.0726577831937174,158.7168049233623
NGC5985,5.74,258.0,6.6,-13.93,141.81,87.33,1.771364e+20,12952.883200000004,113.81073411589965,7.312378031844388e-11,0.6327452896848019,2.132795015252099,166.21024253066557
NGC5985,6.47,263.0,7.0,-14.91,151.83,82.27,1.996642e+20,13939.830928000001,118.06706114746822,6.981637633586792e-11,0.6182701156581153,2.168613257309678,173.86805961738997
NGC5985,7.22,272.0,6.25,-15.46,163.57,77.87,2.228092e+20,15335.697228,123.8373821913238,6.882883304639125e-11,0.6138818686247139,2.179816274740606,182.83599864930537
NGC5985,8.02,287.0,4.01,-16.0,173.43,73.88,2.474972e+20,16602.660878000002,128.85131306277015,6.708221700285902e-11,0.6060428150481336,2.2002455285116502,191.12804702140085
NGC5985,8.79,289.0,7.25,-16.33,181.85,70.57,2.7125939999999997e+20,17769.460704,133.30214065798043,6.550726243588241e-11,0.5988862312176418,2.219377600987867,198.5878724093989
NGC5985,9.5,292.0,6.93,-16.22,190.1,67.89,2.9317e+20,19006.736966,137.86492289919144,6.483179372377801e-11,0.5957905658064403,2.227800097407212,205.7746594317387
NGC5985,10.27,302.0,10.4,-15.46,200.43,65.29,3.169322e+20,20679.097340000004,143.80228558684317,6.524770073851759e-11,0.5976985597219883,2.2225983245782257,214.38593027919077
NGC5985,11.08,302.0,10.3,-13.5,209.52,62.86,3.419288e+20,22193.2546,148.97400645750253,6.490606991864973e-11,0.596131759424362,2.226867382689985,222.30932230672306
NGC5985,11.82,304.0,10.4,-9.2,214.14,60.86,3.647652e+20,22882.184431999995,151.26858375750066,6.27312705049714e-11,0.586059411894152,2.2548726263258265,227.14843452301355
NGC5985,12.56,303.0,10.4,5.72,217.36,59.04,3.876016e+20,23369.020352000007,152.86929172335434,6.02913412947728e-11,0.5745490039109631,2.2881132939856905,231.23789943439934
NGC5985,13.39,305.0,10.1,13.39,220.24,57.18,4.1321540000000003e+20,23995.888700000003,154.90606411628954,5.807113844256532e-11,0.5638710181513785,2.32019733641607,235.95592183006656
NGC5985,14.1,300.0,8.78,17.64,222.33,55.72,4.35126e+20,24477.429358,156.45264254080212,5.625365838400833e-11,0.5549770051087013,2.3478888625817635,239.7296055439964
NGC5985,14.93,295.0,9.72,21.66,222.27,54.15,4.6073979999999997e+20,24543.796284,156.66459805584668,5.32704061685142e-11,0.5400607401568399,2.3964313718337578,242.523243007499
NGC5985,15.64,294.0,5.32,24.38,221.26,52.91,4.826504e+20,24401.894021999997,156.21105601717184,5.0558114158819726e-11,0.5261323869213007,2.444305723770845,244.22466957460333
NGC5985,16.35,290.0,5.32,26.24,221.1,51.75,5.0456100000000003e+20,24407.642949999998,156.22945608943274,4.83740181068295e-11,0.5146425433058754,2.485795007597454,246.31767494910142
NGC5985,17.18,291.0,4.03,27.98,220.98,50.48,5.301748e+20,24417.860167999996,156.2621520650474,4.6056244408447915e-11,0.502162021324375,2.533061159854733,248.70048893865237
NGC5985,17.89,286.0,3.25,29.72,218.99,49.47,5.520854e+20,24069.072860000004,155.14210537439538,4.359664801858553e-11,0.4885692762931368,2.587345689566563,249.549618144738
NGC5985,18.72,287.0,3.61,31.57,215.15,48.36,5.7769919999999993e+20,23365.642465999998,152.85824304236914,4.0446035698162634e-11,0.4705844623435597,2.664088430941104,249.49576704861497
NGC5985,19.44,294.0,3.35,33.2,212.39,47.46,5.999184e+20,22888.743302,151.29026175534233,3.815309432416142e-11,0.45705081356150146,2.7258961502028494,249.78458168970928
NGC5985,20.26,290.0,3.75,35.16,210.49,46.49,6.252236e+20,22611.211292000004,150.3702473629674,3.6164999676915594e-11,0.44498342660194373,2.784234857363179,250.90819565408847
NGC5985,20.98,288.0,3.04,37.01,208.75,45.68,6.474428e+20,22374.823554,149.58216322142155,3.4558764965800844e-11,0.4349894360602153,2.8350417206123164,251.8601958764607
NGC5985,21.69,290.0,6.4,38.65,206.74,44.93,6.693534e+20,22083.483450000003,148.6051259210126,3.29922630556594e-11,0.42501636869421977,2.888162413464936,252.5483851832456
NGC5985,22.52,294.0,4.19,40.5,204.38,44.09,6.949672e+20,21749.20175,147.4761056917357,3.1295292425311586e-11,0.4139416345096257,2.9501965406406714,253.30696746150915
NGC5985,23.23,297.0,4.12,41.91,202.43,43.41,7.168778e+20,21473.121280000003,146.5370986474074,2.995367031870705e-11,0.40497165411847297,3.00296438084188,253.935067191079
NGC5985,24.06,293.0,5.15,43.22,200.72,42.66,7.424916e+20,21237.829640000004,145.73204740207282,2.8603461157001638e-11,0.395739041211391,3.0598102255320856,254.91906225423867
NGC5985,24.77,291.0,6.21,44.2,199.42,42.04,7.644022e+20,21060.06108,145.12084991482098,2.7551021020086016e-11,0.38839036917696346,3.107013920524192,255.8005139608788
NGC5985,25.95,297.0,4.0,45.18,197.86,41.07,8.00817e+20,20825.481670000005,144.31036577460404,2.6005294180817847e-11,0.3773379526456805,3.1815146962165968,257.4035275377833
NGC5985,28.92,292.0,4.0,43.33,193.43,38.91,8.924712e+20,19784.899280000005,140.65880448802343,2.2168669734104586e-11,0.3483929995462262,3.3992959251514607,259.33516441477053
NGC5985,31.76,288.0,4.0,45.72,184.74,37.13,9.801136e+20,18423.770470000003,135.7341904974572,1.879758680014235e-11,0.3208120354087688,3.6437786290238825,259.0987091913568
NGC5985,34.72,285.0,4.0,47.57,180.34,35.51,1.0714592e+21,17803.303722000004,133.42902128847385,1.6615941812810055e-11,0.3016213535561103,3.8405122168091057,261.4838531227197
DDO170,1.87,27.7,3.0,8.68,18.19,0.0,5.77082e+19,227.54540600000004,15.084608248144864,3.943034196180094e-12,0.14693148738782597,7.318133013168161,40.806954647992946
DDO170,3.36,42.4,1.5,15.07,19.75,0.0,1.036896e+20,406.53365,20.162679633421746,3.920679123075025e-12,0.1465143805568781,7.337473758429313,54.61620628342367
DDO170,4.86,52.5,1.0,20.59,19.94,0.0,1.499796e+20,606.845756,24.634239505209006,4.046188654990413e-12,0.14884103017195124,7.230976366164816,66.2426397386413
DDO170,6.35,55.6,1.0,24.61,19.17,0.0,1.95961e+20,774.696994,27.83337913369485,3.953322314133935e-12,0.14712304845966867,7.3092873690316775,75.24947144712054
DDO170,7.85,58.6,1.1,26.94,18.71,0.0,2.42251e+20,886.7930860000001,29.77907127497431,3.660637462796851e-12,0.14157219420994827,7.575327692519241,81.96187053691733
DDO170,9.34,59.0,1.2,27.6,17.41,0.0,2.882324e+20,901.1897260000001,30.019822217994562,3.126607994104757e-12,0.13083873007425817,8.153896954065978,85.72169014821716
DDO170,10.83,60.0,1.3,26.77,16.05,0.0,3.3421380000000003e+20,835.13005,28.898616748903397,2.498789846499456e-12,0.11696730120271405,9.059142959457242,86.9802420822607
DDO170,12.33,62.2,1.0,24.9,15.01,0.0,3.805038e+20,723.6480459999999,26.900707165425967,1.9018155561127116e-12,0.10204313694233472,10.308279252466825,86.36877988411067
NGC3917,0.87,24.3,3.9,0.0,35.64,0.0,2.68482e+19,584.2964160000001,24.172224059858458,2.1762964221065104e-11,0.3451903348945965,3.425661385004096,44.739263177744554
NGC3917,1.74,49.6,3.9,0.0,47.54,0.0,5.36964e+19,1039.623736,32.243196739777524,1.93611440617993e-11,0.32558554210873525,3.5984737658101835,61.16419492079964
NGC3917,2.61,73.6,5.2,0.0,60.47,0.0,8.05446e+19,1682.0456140000001,41.012749407958495,2.0883406386027118e-11,0.33814290013430065,3.4854545990555645,76.56822853597659
NGC3917,3.5,101.0,4.4,7.38,73.72,0.0,1.0801e+20,2554.398064,50.541053253765895,2.3649644144060734e-11,0.3598420467821156,3.308919408951626,91.93637654464123
NGC3917,4.37,107.0,3.5,13.36,85.03,0.0,1.348582e+20,3504.336014,59.197432494999305,2.598533877806466e-11,0.37719314797895104,3.182520106451349,105.60596490878996
NGC3917,5.24,115.0,3.5,14.01,96.27,0.0,1.617064e+20,4459.520034,66.77963786963808,2.7577882099904524e-11,0.38857965514038106,3.1057753670736292,117.68715932746679
NGC3917,6.11,123.0,3.9,12.18,104.34,0.0,1.885546e+20,5156.296776,71.80735878724408,2.734643851701311e-11,0.38694566900799415,3.116507435641814,126.76607291692804
NGC3917,6.98,130.0,3.9,18.32,107.5,0.0,2.154028e+20,5651.4974,75.17644178863482,2.623687992913741e-11,0.3790143882685178,3.169931433419509,133.8464017228279
NGC3917,7.85,134.0,3.5,21.34,109.28,0.0,2.42251e+20,5948.770063999999,77.12827019971341,2.4556225006295125e-11,0.36667424403418075,3.257704301987943,139.2096757737403
NGC3917,8.72,136.0,3.9,21.77,108.62,0.0,2.6909920000000003e+20,5901.152924,76.81896200808757,2.1929284531503622e-11,0.3465068579838599,3.4147637197022607,141.95436910954913
NGC3917,9.6,137.0,4.0,27.37,107.75,0.0,2.96256e+20,6089.74565,78.03682239814741,2.055568714220134e-11,0.3354792031348251,3.5087150051656173,146.17517552511114
NGC3917,10.47,136.0,3.5,29.53,106.05,0.0,3.2310420000000003e+20,6045.45805,77.75254368829357,1.8710552354317896e-11,0.320068480051944,3.6509583363724265,148.56552582896646
NGC3917,11.35,137.0,3.5,32.11,103.37,0.0,3.50261e+20,5946.316274000001,77.11236135665929,1.6976815214939724e-11,0.30487914231249846,3.805355557888696,150.4255552831031
NGC3917,12.19,137.0,3.5,32.87,100.58,0.0,3.761834e+20,5733.951644,75.72286077532993,1.5242436651909682e-11,0.288886204231334,3.985611062005243,151.17308325667486
NGC3917,13.12,137.0,5.0,30.82,96.92,0.0,4.048832e+20,5270.876144,72.6007998854007,1.301826340040782e-11,0.2669784027221646,4.267843145506994,149.98424124549464
NGC3917,13.94,138.0,5.0,32.01,93.04,0.0,4.301884e+20,5006.603236000001,70.75735464246809,1.163816419968553e-11,0.2524305091948567,4.48249985373878,149.80686991289187
NGC3917,14.86,137.0,7.5,31.79,88.38,0.0,4.585796e+20,4603.675324,67.85038926933287,1.003898848531422e-11,0.2344469467819513,4.78487668849661,148.4183908389209
ESO444-G084,0.26,18.3,1.8,4.59,8.31,0.0,8.0236e+18,52.833906000000006,7.268693555240859,6.584813051498082e-12,0.18987654818083188,5.782393382117725,17.47874218603358
ESO444-G084,0.77,35.3,3.0,11.55,14.79,0.0,2.37622e+19,234.024786,15.297868675080199,9.8486161214029e-12,0.23221336301761625,4.82571812760092,33.60561935313983
ESO444-G084,1.29,47.8,4.63,16.45,14.54,0.0,3.98094e+19,367.85183599999993,19.17946391325889,9.240326053645622e-12,0.22492785994081627,4.964598092540411,42.73448868704396
ESO444-G084,1.81,52.8,1.26,19.03,13.66,0.0,5.58566e+19,447.97487600000005,21.165416981481844,8.020088512369175e-12,0.20955073278986042,5.289563862736925,48.67845227103728
ESO444-G084,2.32,58.0,3.11,20.09,12.28,0.0,7.159519999999999e+19,472.97536399999996,21.747996781312985,6.606244049880439e-12,0.19018528423693218,5.773869595282076,52.25799530710179
ESO444-G084,3.39,63.1,1.35,17.39,9.97,0.0,1.046154e+20,348.13651400000003,18.65841670667691,3.3277750120919105e-12,0.13498222461689022,7.91962796986996,52.50820577402569
ESO444-G084,4.44,62.7,7.36,14.45,8.53,0.0,1.3701840000000002e+20,242.27251399999997,15.565105653351665,1.7681750334261674e-12,0.09839255319272162,10.671568835855334,50.84710227915377
UGC07323,0.58,23.9,3.87,1.43,21.96,0.0,1.7898799999999998e+19,223.87603600000006,14.962487627396724,1.2507879634388901e-11,0.2616926046957257,4.3430601287657655,31.181839037133926
UGC07323,1.17,34.7,3.87,3.24,34.79,0.0,3.6106199999999996e+19,567.255886,23.817134294452806,1.571076119890767e-11,0.29329064925632603,3.9339929706016035,47.239609101435036
UGC07323,1.75,42.8,3.87,-0.61,43.08,0.0,5.4005e+19,854.079844,29.224644463192362,1.581482907138228e-11,0.2942604226384212,3.9228367012312764,57.8827760031003
UGC07323,2.33,51.3,3.87,-3.66,48.67,0.0,7.19038e+19,1103.0292940000002,33.21188483058437,1.5340347714585316e-11,0.2898125612891472,3.9746233697464763,66.21273298578875
UGC07323,2.91,57.7,3.87,9.71,52.39,0.0,8.98026e+19,1356.8516660000003,36.835467500766164,1.5109269286189934e-11,0.28762149145413624,4.000727126146609,73.67763070514293
UGC07323,3.5,67.3,3.87,13.91,55.75,0.0,1.0801e+20,1623.19685,40.28891721056797,1.502820896213314e-11,0.2868489178271279,4.010027094335875,80.67876640071195
UGC07323,4.07,75.4,3.87,18.68,58.69,0.0,1.2560020000000002e+20,1933.4198059999999,43.97066983797267,1.5393445281138085e-11,0.29031369232999166,3.968708792493117,87.5966904834454
UGC07323,4.65,79.5,3.87,24.75,61.08,0.0,1.4349900000000002e+20,2328.715044,48.256761640209554,1.6228092488449395e-11,0.29808034507694486,3.879603517382059,95.04993990362601
UGC07323,5.23,82.8,3.87,27.13,61.82,0.0,1.613978e+20,2494.024604,49.940210291908066,1.5452655513272175e-11,0.29087149608365226,3.9621494732789135,99.40673151795734
UGC07323,5.82,85.6,3.87,28.72,60.87,0.0,1.796052e+20,2529.2105739999997,50.291257431088354,1.4082056499477743e-11,0.27767235551295794,4.124476473888897,102.13554479207535
UGC08490,0.34,38.8,3.69,0.91,27.87,0.0,1.04924e+19,358.12707400000005,18.924245665283465,3.41320454805383e-11,0.43229554608174625,2.8491451743424574,31.943012141757766
UGC08490,0.68,50.1,3.69,7.1,39.52,0.0,2.09848e+19,768.8519840000001,27.728180322552724,3.663851854675766e-11,0.4478871016245953,2.7699052408519678,46.14810006837804
UGC08490,1.02,60.2,3.69,10.23,44.52,0.0,3.14772e+19,1016.3868840000002,31.880823138683233,3.2289621821508907e-11,0.4204661928085212,2.91324853384614,54.414957499142155
UGC08490,1.36,68.2,3.69,12.18,46.26,0.0,4.19696e+19,1132.7466960000002,33.65630247071119,2.6989694826731734e-11,0.38441346389725656,3.1333215354311257,59.57566295699323
UGC08490,1.69,72.8,3.69,14.42,45.8,0.0,5.21534e+19,1172.8508,34.24690934960409,2.2488482054861236e-11,0.35089701537742146,3.379020587383993,62.95305393012944
UGC08490,2.03,75.3,3.69,15.29,45.05,0.0,6.264579999999999e+19,1167.35525,34.16658089420128,1.8634214105335077e-11,0.3194148798881787,3.657297285309977,65.34037945112769
UGC08490,2.37,76.6,3.69,18.41,43.11,0.0,7.31382e+19,1193.825266,34.55177659686981,1.6322869116275767e-11,0.2989495144337427,3.8699218407813762,67.97065889757165
UGC08490,2.7,77.6,3.69,20.65,41.2,0.0,8.3322e+19,1207.2449000000001,34.74542991531405,1.448890929166367e-11,0.28165499004237027,4.073883318224319,70.12970026402071
UGC08490,3.05,78.5,3.69,21.24,39.62,0.0,9.4123e+19,1173.2200239999997,34.252299543242344,1.2464753822126362e-11,0.261241071292377,4.349627388295408,71.43577499325527
UGC08490,3.38,78.2,3.69,22.11,38.18,0.0,1.043068e+20,1159.399804,34.04996041113704,1.1115284947865336e-11,0.24669474790511906,4.574129655338645,72.823382411628
UGC08490,3.72,78.8,3.69,23.77,36.93,0.0,1.147992e+20,1192.372354,34.53074505422668,1.038659114349229e-11,0.23847130121886168,4.71323050621624,74.96616405847153
UGC08490,4.06,79.2,3.69,25.04,35.68,0.0,1.2529159999999998e+20,1212.6103039999998,34.82255453007432,9.678304882370403e-12,0.23019678439506286,4.863275479788011,76.79360623112763
UGC08490,4.39,79.2,3.69,24.74,34.2,0.0,1.3547539999999998e+20,1150.102,33.913153790233075,8.489378883546387e-12,0.2155944424835853,5.156290787099313,77.00818363540652
UGC08490,4.74,79.2,3.69,24.74,32.41,0.0,1.462764e+20,1095.255326,33.09464195304128,7.487573702934992e-12,0.20247441757970305,5.455756900867949,77.30101424326124
UGC08490,5.08,78.8,3.69,23.87,31.05,0.0,1.567688e+20,1013.2640500000001,31.831808776756624,6.46342926653773e-12,0.18811832511871102,5.831470517197368,76.86884566396844
UGC08490,5.41,78.5,3.69,22.31,29.85,0.0,1.669526e+20,907.60645,30.126507431164338,5.436312162853408e-12,0.17252490486319175,6.310634555935293,75.68072823750944
UGC08490,5.75,80.1,3.69,22.6,28.79,0.0,1.77445e+20,892.0374860000001,29.866996601600235,5.027121000873511e-12,0.16590492270918525,6.54136776487146,76.3881224797244
UGC08490,6.09,80.1,3.69,23.18,27.84,0.0,1.879374e+20,893.842576,29.897200136467628,4.756065455837955e-12,0.16137026593915732,6.710370189156196,77.44685000559403
UGC08490,6.42,80.1,3.69,22.99,26.98,0.0,1.981212e+20,863.383484,29.38338789180036,4.357855110911907e-12,0.15446710126016186,6.986737577274924,77.66745670653405
UGC08490,6.77,80.1,3.69,22.99,26.18,0.0,2.089222e+20,843.820604,29.048590396093232,4.038922642016981e-12,0.14870732819870353,7.237005874215072,78.14559915908066
UGC08490,7.11,79.8,3.69,22.8,25.47,0.0,2.194146e+20,818.251614,28.605097692544245,3.729248709976456e-12,0.14289277727740896,7.510158029982987,78.39131922240269
UGC08490,7.44,79.8,3.69,23.87,24.82,0.0,2.295984e+20,853.1518040000001,29.20876245238747,3.7158438560547475e-12,0.14263573070558935,7.522748318936974,80.1127099737554
UGC08490,7.78,79.5,3.69,24.06,24.22,0.0,2.400908e+20,848.7234639999999,29.13285883671563,3.5350103544159127e-12,0.13912172320393185,7.699539808518561,80.8379867233949
UGC08490,8.12,79.5,3.69,22.89,23.66,0.0,2.5058319999999997e+20,781.458076,27.95457164758566,3.118557333452523e-12,0.13067017406261008,8.163741887723948,79.87253613440207
UGC08490,8.46,78.8,3.69,23.09,23.15,0.0,2.6107560000000003e+20,779.67245,27.922615386098776,2.9863857442058928e-12,0.12787114532294716,8.33102561648804,80.59448587477924
UGC08490,8.8,77.9,3.69,23.38,22.65,0.0,2.7156800000000003e+20,782.61475,27.975252456412257,2.8818371457609144e-12,0.1256129227028818,8.471429345505259,81.42398638838104
UGC08490,9.13,77.2,3.69,22.8,22.21,0.0,2.8175180000000003e+20,746.7506860000001,27.326739395690808,2.650384792572754e-12,0.12046310931544368,8.81133276716637,81.11639038107998
UGC08490,9.47,77.6,3.69,22.21,21.79,0.0,2.9224420000000003e+20,711.693986,26.677593332232952,2.435271550299373e-12,0.11547109941905051,9.169796073874538,80.78421082503017
UGC08490,9.77,76.6,3.69,22.21,21.43,0.0,3.0150219999999997e+20,704.536754,26.543111234367384,2.3367549357848803e-12,0.11311135046401863,9.350269668613649,81.16408467635003
UGC08490,10.15,77.6,3.69,22.5,21.0,0.0,3.1322900000000003e+20,709.11,26.62911939963468,2.2638708420995497e-12,0.11133338821785711,9.491307366491535,82.03889910678234
UGC04483,0.08,5.11,2.79,1.47,3.91,0.0,2.4688e+18,9.193426,3.032066292151278,3.723843972780298e-12,0.1427891936884572,7.515226151653343,8.31208009456657
UGC04483,0.24,10.8,1.94,4.46,8.92,0.0,7.4064e+18,56.492143999999996,7.5161255976733115,7.62747677684165e-12,0.20435725019248555,5.410409277401757,17.482723471985594
UGC04483,0.4,17.3,1.56,7.28,9.95,0.0,1.2344e+19,98.53954999999999,9.926708920886115,7.982789209332469e-12,0.20906288249289057,5.300659072658717,22.854421010456754
UGC04483,0.57,20.8,1.25,9.38,9.7,0.0,1.7590199999999998e+19,131.2658,11.457128785171266,7.462439312799174e-12,0.20213429745834965,5.464039019825358,26.78136391539071
UGC04483,0.73,20.8,1.62,10.63,9.13,0.0,2.25278e+19,151.34107400000002,12.302076003667024,6.717969530979501e-12,0.19178675812925447,5.730096761695229,29.44824269865484
UGC04483,0.89,22.9,1.76,11.34,8.44,0.0,2.74654e+19,161.363056,12.702875894851529,5.875139484587882e-12,0.17935302012202828,6.090534180871846,31.34943712569554
UGC04483,1.05,24.3,2.23,11.95,7.79,0.0,3.2403e+19,170.71718599999997,13.065878692227322,5.268561120883868e-12,0.16984220307587408,6.401964832191656,33.05942257545829
UGC04483,1.21,24.2,1.23,12.36,7.22,0.0,3.73406e+19,176.748664,13.294685554762099,4.733417888303884e-12,0.16098559870567627,6.725145433444596,34.47695564528622
UGC08286,0.47,22.2,2.81,-3.85,16.14,0.0,1.45042e+19,134.652316,11.60397845568493,9.283677555466692e-12,0.22545487329673644,4.954249430057981,25.828301527568303
UGC08286,0.95,43.4,3.47,-1.38,24.37,0.0,2.9317e+19,275.09697400000005,16.586047570171743,9.383530852406454e-12,0.22666410320327335,4.930687121936133,36.82956837902665
UGC08286,1.42,60.2,3.04,-0.63,30.01,0.0,4.38212e+19,414.6729460000001,20.36351998059275,9.462838671693155e-12,0.2276199487562529,4.912240016254989,45.132837701606405
UGC08286,1.9,69.6,2.05,8.67,34.64,0.0,5.8634e+19,627.136516,25.042693864678377,1.0695782583483988e-11,0.2419947177755133,4.652468173850423,54.01604096330494
UGC08286,2.37,72.5,2.0,11.4,38.52,0.0,7.31382e+19,812.5035840000002,28.50444849492795,1.1109154778214398e-11,0.24662671144766335,4.575242259972766,60.97049068111666
UGC08286,2.84,74.3,2.02,11.54,39.29,0.0,8.76424e+19,843.275486,29.039206015316605,9.621775373563483e-12,0.2295235276308502,4.875962011825887,64.12315677849939
UGC08286,3.3,75.8,2.01,12.92,40.32,0.0,1.01838e+20,914.7495040000001,30.244826069924756,8.982398554567059e-12,0.22176640880796497,5.0277145970179715,67.81666044472958
UGC08286,3.78,77.2,2.05,16.18,39.87,0.0,1.166508e+20,993.0161739999999,31.512159145320396,8.512724936305622e-12,0.2158906846250689,5.149950754183461,71.51212760230025
UGC08286,4.25,79.3,2.08,18.85,39.64,0.0,1.31155e+20,1078.1341160000002,32.834952657191394,8.220305104647175e-12,0.21215026166933632,5.231306132300633,75.10026373105039
UGC08286,4.73,81.3,2.08,23.39,37.47,0.0,1.4596780000000002e+20,1192.932514,34.53885513447138,8.172573088037227e-12,0.2115334291767109,5.244999842101769,79.10076388738649
UGC08286,5.2,81.6,2.03,23.16,35.37,0.0,1.60472e+20,1111.8625739999998,33.34460337146027,6.928701418315968e-12,0.19477155271559013,5.6504407025986545,79.26230846894197
UGC08286,5.67,82.1,2.02,23.39,33.69,0.0,1.749762e+20,1069.199506,32.69861627041731,6.110542496636684e-12,0.18291085828725984,5.9823780711701735,79.97721974662774
UGC08286,6.15,82.9,2.0,22.11,32.23,0.0,1.89789e+20,966.6876339999999,31.091600698580958,5.093486102988055e-12,0.1669964219150829,6.50206215670114,79.28091247193338
UGC08286,6.62,83.2,2.0,22.46,30.9,0.0,2.042932e+20,943.6642,30.719117825875145,4.619165983008735e-12,0.1590308526176896,6.8013350135842,80.11352173338733
UGC08286,7.1,83.5,2.02,26.07,29.56,0.0,2.19106e+20,1081.589956,32.88753496387347,4.936377625441567e-12,0.16440074861124265,6.596391257700067,84.46650537446546
UGC08286,7.57,83.8,2.0,25.72,28.4,0.0,2.336102e+20,1032.536,32.1330982010761,4.4199097470915245e-12,0.15556299786387032,6.9412222360574365,84.65850130217167
UGC08286,8.04,84.3,2.0,26.3,27.44,0.0,2.4811439999999997e+20,1038.0486560000002,32.21876248399371,4.183750141063963e-12,0.15135001670302606,7.119808809654112,85.96922685379003
UGC06923,0.93,40.5,7.35,9.26,50.64,0.0,2.86998e+19,1265.376016,35.572124142367436,4.409006390288435e-11,0.4913262495800627,2.5760875620284116,57.09395253533131
UGC06923,1.94,53.9,5.9,16.49,55.16,0.0,5.98684e+19,1671.527876,40.88432310800804,2.7920035878693934e-11,0.390982743081976,3.0901568244843585,71.86990519916695
UGC06923,2.87,73.0,4.7,21.98,56.07,0.0,8.85682e+19,1929.289054,43.9236730476858,2.1783089799724957e-11,0.3453499075932327,3.424336035285952,81.28058827355365
UGC06923,3.72,78.4,3.9,25.0,55.82,0.0,1.147992e+20,2058.301304,45.36850563992603,1.7929578812395905e-11,0.3133174959682526,3.7177178548893184,87.47675982009602
UGC06923,4.47,79.3,5.3,28.23,53.8,0.0,1.379442e+20,2128.3752999999997,46.13431802899009,1.5429248203258996e-11,0.29065111002842536,3.964738004645995,91.86103874907914
UGC06923,5.16,81.1,5.1,30.82,51.88,0.0,1.592376e+20,2187.9782240000004,46.7758294848953,1.3740336603917668e-11,0.2742826199568765,4.168702741074074,95.50408797428089
NGC6674,2.5,206.0,75.0,0.0,122.77,171.6,7.715e+19,20478.755134,143.10400111108004,2.654407664808813e-10,1.2055449679037258,1.4276102827843693,170.9844478539542
NGC6674,7.49,285.0,8.0,0.0,218.15,99.53,2.311414e+20,26447.995964,162.62839839339253,1.1442344800195897e-10,0.7915112982479153,1.8286865199507785,219.92065318900674
NGC6674,12.54,291.0,7.0,0.0,234.07,76.92,3.869844e+20,27924.507598,167.10627635729307,7.215925912775813e-11,0.6285584019779485,2.1429802324758462,244.62556649732176
NGC6674,17.45,274.0,5.0,0.0,221.55,65.21,5.3850699999999997e+20,24534.903436000004,156.63621367997888,4.5560974018907845e-11,0.4994546987494905,2.5436327890215424,249.8155016312777
NGC6674,22.47,266.0,4.0,23.41,205.25,57.46,6.934242e+20,21445.466586,146.44270752072293,3.092690821289479e-11,0.4114981204936723,2.964339878730928,252.1341940690937
NGC6674,27.48,255.0,2.0,35.47,190.15,51.96,8.480328e+20,19132.278385999998,138.31947941631358,2.256077640628994e-11,0.35146058203092234,3.3744975494095586,254.0901936875535
NGC6674,32.5,250.0,2.0,42.22,174.2,47.78,1.00295e+21,16791.669863999996,129.58267578654176,1.6742280137594092e-11,0.30276586213153495,3.828074302279377,253.53453393716887
NGC6674,37.51,242.0,2.0,45.59,160.68,44.48,1.1575586e+21,14864.853188000001,121.92150420660008,1.284155565687992e-11,0.26516025159053586,4.293375148550467,252.62698047558257
NGC6674,42.42,237.0,2.0,49.68,149.48,41.82,1.3090812e+21,13550.966487999998,116.40861861563343,1.0351509507584402e-11,0.23806823155915205,4.720296753791155,252.91220437938364
NGC6674,47.44,235.0,2.0,50.91,139.94,39.55,1.4639984e+21,12319.634906,110.99385075759828,8.415060362087828e-12,0.21464867945848012,5.176649127480024,252.53599206255203
NGC6674,52.45,236.0,2.0,48.66,131.98,37.61,1.6186070000000002e+21,11031.08255,105.02896052994146,6.815170421232578e-12,0.19316923655299037,5.692895179779056,250.59688081985348
NGC6674,57.47,242.0,2.0,50.7,125.25,35.93,1.7735241999999998e+21,10380.612604000002,101.88529140165426,5.853098933750103e-12,0.17901628311435488,6.100994090543684,251.658610330001
NGC6674,62.48,246.0,2.0,51.01,119.5,34.46,1.9281328e+21,9717.181235999999,98.57576393820135,5.0396846296064235e-12,0.1661121056257135,6.5338671610190975,251.97375136226262
NGC6674,67.4,242.0,4.0,48.35,114.62,33.18,2.079964e+21,8887.504628,94.27356272041489,4.272912717720114e-12,0.15295427296197406,7.050642914247973,250.32503177020524
NGC6674,72.41,242.0,5.0,44.77,110.24,32.01,2.2345725999999998e+21,8066.001842000001,89.8109227321488,3.609639642945592e-12,0.14058258573726806,7.6249679168595215,247.99799447289854
UGC05721,0.09,16.5,4.57,1.23,16.63,0.0,2.7774e+18,128.729074,11.345883570705281,4.634877007272989e-11,0.503754235015283,2.526898008276322,18.03566579580181
UGC05721,0.27,38.5,6.88,3.67,32.22,0.0,8.332200000000001e+18,491.00796399999996,22.158699510575975,5.89289700199227e-11,0.568020524376069,2.307582206949685,33.66067796698384
UGC05721,0.45,47.4,4.57,5.99,40.27,0.0,1.3887e+19,781.8496340000002,27.961574240374954,5.6300830560956296e-11,0.555209647644861,2.3471529366943322,42.838308375757435
UGC05721,0.63,55.5,4.57,8.14,43.48,0.0,1.94418e+19,935.8943839999998,30.59239094938478,4.813825798022816e-11,0.5133869065897285,2.4904441451288806,48.278283825047055
UGC05721,0.81,56.4,5.45,10.08,44.07,0.0,2.49966e+19,995.002254,31.54365631945669,3.980550370850436e-11,0.46684333749087753,2.6808092344159045,51.646986657382435
UGC05721,0.99,59.8,4.57,11.72,43.71,0.0,3.05514e+19,1016.2178860000001,31.878172563683762,3.326256361410607e-11,0.42675386420365735,2.8787264511105413,54.087090035606806
UGC05721,1.17,67.8,4.57,13.25,44.14,0.0,3.6106199999999996e+19,1071.798716,32.73833709888149,2.968461693559555e-11,0.4031487594013256,3.0139790368002273,56.83642196420708
UGC05721,1.35,76.4,4.57,15.37,42.83,0.0,4.1661e+19,1080.0649939999998,32.86434228765273,2.5925085667650796e-11,0.3767555887385326,3.1855629268551433,58.6567558213069
UGC05721,1.53,81.2,4.57,18.44,40.98,0.0,4.72158e+19,1112.539384,33.354750546211555,2.3562862092774033e-11,0.35918122222643195,3.3139775159115326,60.72009967170728
UGC05721,1.71,82.2,19.2,21.32,38.82,0.0,5.27706e+19,1147.758904,33.878590643649865,2.174996880838952e-11,0.34508725700782844,3.426518168521657,62.71217375947437
UGC05721,1.89,82.6,4.57,22.09,36.95,0.0,5.83254e+19,1116.00725,33.406694688340544,1.9134155102236768e-11,0.3236713418191842,3.616479359032991,63.529655942372074
UGC05721,2.07,82.3,4.57,20.36,35.17,0.0,6.388019999999999e+19,983.516894,31.361072908942386,1.5396271364209885e-11,0.2903403404566209,3.968394854864463,62.47386158884272
UGC05721,2.25,82.1,4.57,17.96,33.75,0.0,6.9435e+19,846.53035,29.095194620417992,1.2191695110535034e-11,0.2583637918949374,4.392017793593905,60.97521102888678
UGC05721,2.67,81.4,4.57,18.44,30.81,0.0,8.23962e+19,776.691406,27.869183805773716,9.426301285738904e-12,0.22718008701506323,4.920709656012538,61.821298120034285
UGC05721,3.15,79.3,4.57,20.36,27.99,0.0,9.7209e+19,774.9120459999999,27.837242068854447,7.97160804040778e-12,0.2089164182401454,5.304000269008534,64.11032444499054
UGC05721,3.61,78.5,4.57,20.55,25.88,0.0,1.114046e+20,730.3987239999999,27.02588988359125,6.556270782355486e-12,0.18946458560439017,5.7938105085138485,65.05222365543169
UGC05721,4.04,78.2,4.57,20.74,24.31,0.0,1.246744e+20,701.9966059999999,26.49521854976856,5.630639537868239e-12,0.17558138320252598,6.2099889018402505,66.02568539886218
UGC05721,4.49,78.1,4.57,21.71,22.96,0.0,1.385614e+20,713.818436,26.717380784799996,5.151639893938716e-12,0.16794703925865892,6.468246999248687,67.94964280013097
UGC05721,4.93,78.2,4.57,23.34,21.83,0.0,1.521398e+20,763.968094,27.63997275686067,5.021487434583193e-12,0.16581193724363527,6.544740208099888,70.71048509596886
UGC05721,5.38,78.3,4.57,24.59,20.85,0.0,1.660268e+20,804.64045,28.366184974366927,4.846449187721501e-12,0.16289638070769083,6.652440511927874,73.16298741246064
UGC05721,5.86,78.6,4.57,24.78,19.94,0.0,1.808396e+20,796.946056,28.230233013561897,4.4069222449065365e-12,0.1553342758710326,6.950668497632251,74.42652649258508
UGC05721,6.28,78.9,4.57,24.59,19.24,0.0,1.938008e+20,774.949796,27.83792010908861,3.998692451217952e-12,0.14796486581504098,7.270687053886822,75.06275673854135
UGC05721,6.74,79.5,4.57,24.59,18.55,0.0,2.079964e+20,762.95525,27.62164459260165,3.668117573188767e-12,0.14171676400534475,7.568133991435517,75.98781192710567
NGC2683,2.89,189.0,10.0,7.68,203.92,89.57,8.91854e+19,22877.811997999997,151.2541305155003,2.565196993902589e-10,1.1851135519390514,1.4403233630999848,181.52533464320769
NGC2683,5.77,212.0,5.0,21.36,229.24,63.44,1.780622e+20,26481.030752000002,162.72993194861235,1.48717867980964e-10,0.9023627904953656,1.6823975175530779,211.07254771620947
NGC2683,8.66,206.0,5.0,17.89,197.87,51.78,2.672476e+20,19563.556538,139.86978422089598,7.320386240325453e-11,0.6330916728722058,2.131958619746304,204.2270623450361
NGC2683,11.54,200.0,5.0,24.41,185.0,44.86,3.561244e+20,17265.061116,131.39657954452238,4.848042177396438e-11,0.5152082372113219,2.4837080284839,207.0781758324001
NGC2683,14.43,172.0,12.0,25.8,159.52,40.12,4.453098e+20,13111.512608000001,114.50551343931,2.9443575254800147e-11,0.40150862153977057,3.0239760403379545,199.12031533517873
NGC2683,17.31,190.0,10.0,25.8,143.29,36.63,5.341866e+20,10727.579259999999,103.57402792206162,2.0082082291094535e-11,0.33159194670698877,3.543336941247522,194.9651965919014
NGC2683,20.2,169.0,10.0,23.72,130.86,33.91,6.23372e+20,8968.783142000002,94.70365960193936,1.4387529664470015e-11,0.28066788323515324,4.086288264578452,191.43937238902467
NGC2683,23.08,150.0,10.0,20.53,121.26,31.72,7.122488e+20,7648.148060000001,87.4536909455513,1.073802870569947e-11,0.24247216125447374,4.644371033954262,188.4697251901681
NGC2683,28.85,160.0,10.0,17.48,107.36,28.37,8.90311e+20,5977.82259,77.31637982989116,6.714308359663084e-12,0.19173449085807606,5.731513796585296,185.0998991034956
NGC2683,31.74,155.0,10.0,16.5,102.03,27.05,9.794964e+20,5397.488764000001,73.46760349977397,5.510473304445021e-12,0.17369769471669716,6.271596330186169,183.98606122346195
NGC2683,34.62,151.0,12.0,15.67,97.49,25.9,1.0683732e+21,4926.0995459999995,70.18617774177477,4.6108415542434045e-12,0.15888748929334162,6.806996789618449,183.117295182522
F567-2,1.92,26.9,8.0,-8.25,24.52,0.0,5.92512e+19,344.628484,18.56417205263946,5.816396697450853e-12,0.17845413387609282,6.118544070074587,45.91976227243555
F567-2,3.83,46.8,5.0,-11.91,32.41,0.0,1.181938e+20,625.0358259999999,25.000716509732275,5.28822853652222e-12,0.17015891626951374,6.391032315476128,63.20303918559862
F567-2,5.75,47.6,5.0,-2.02,32.86,0.0,1.77445e+20,500.77901600000007,22.37809232262661,2.8221647045563415e-12,0.12430562492398252,8.55504438345107,65.45369896484807
F567-2,7.67,48.1,8.0,17.45,32.97,0.0,2.366962e+20,804.5321140000001,28.364275312441883,3.3990073097920455e-12,0.13641924841145087,7.841708606320153,79.42862457838955
F567-2,9.59,52.2,10.0,24.22,33.05,0.0,2.959474e+20,1089.0675499999998,33.001023468977436,3.679936198121692e-12,0.14194488514542455,7.556812682034144,90.71868315530075
UGC12506,0.82,107.0,25.6,8.12,32.7,0.0,2.53052e+19,557.8078,23.61795503425307,2.204320851050377e-11,0.3474057542375238,3.407370928368718,43.596537492527
UGC12506,2.46,159.0,26.5,22.67,79.76,0.0,7.59156e+19,3440.2913960000005,58.65399727213824,4.5317318126972593e-11,0.49811738954166634,2.5488980356401636,93.64268247596368
UGC12506,4.1,194.0,13.9,31.68,107.57,0.0,1.2652599999999998e+20,6326.422654,79.53881224911521,5.000096939759418e-11,0.5232253960384305,2.4546266731787214,124.61543159781824
UGC12506,5.74,198.0,14.6,34.72,124.14,0.0,1.771364e+20,8294.418616,91.07369881584914,4.682503774492426e-11,0.5063358424629502,2.516989206995022,144.48862285581723
UGC12506,7.38,211.0,13.2,31.78,137.6,0.0,2.277468e+20,9719.498,98.5875144224663,4.2676770870106625e-11,0.48338745891515084,2.6088601331982733,159.23822043372738
UGC12506,9.02,222.0,13.6,23.89,155.68,0.0,2.783572e+20,11719.412804000001,108.25623679031153,4.210206455590156e-11,0.4801216607138742,2.622662686252948,175.3170461359814
UGC12506,10.65,230.0,11.6,14.68,168.58,0.0,3.28659e+20,13288.341944000002,115.2750707828887,4.043200382159016e-11,0.4705028257160662,2.664450412816658,188.16516196772375
UGC12506,12.29,239.0,11.6,14.98,175.29,0.0,3.7926939999999997e+20,14358.629085999999,119.82749720327134,3.785865426000622e-11,0.45528379153957743,2.73424213046571,198.14128439745096
UGC12506,13.93,237.0,11.6,26.72,175.91,0.0,4.2987979999999997e+20,14948.349326,122.2634423120828,3.47733234406455e-11,0.43633766503904287,2.8280496806241007,205.60806048706309
UGC12506,15.57,240.0,11.6,39.88,176.17,0.0,4.804902e+20,15866.914093999998,125.96393965734796,3.3022346957336483e-11,0.425210099527411,2.8871064258605226,214.03146880625823
UGC12506,17.21,245.0,11.6,50.51,175.33,0.0,5.311006e+20,16691.940194000003,129.19729174406095,3.142896128153498e-11,0.4148247089859184,2.945126774051555,221.72027416593346
UGC12506,18.85,249.0,11.6,57.09,172.3,0.0,5.81711e+20,16915.421500000004,130.05929993660587,2.907873755180838e-11,0.3990133047575687,3.03934530403311,226.74171848551762
UGC12506,20.49,248.0,11.6,60.02,168.12,0.0,6.323213999999999e+20,16603.994224000002,128.85648693022793,2.625878900192213e-11,0.37917260298448746,3.1688436076629767,229.38060283815497
UGC12506,22.13,250.0,11.6,60.43,164.68,0.0,6.829318e+20,16126.756004,126.9911650627712,2.3614006558195125e-11,0.3595708220549823,3.310993153394108,231.0748335836279
UGC12506,23.77,255.0,11.6,58.91,161.19,0.0,7.335422e+20,15422.207505999999,124.18618081735181,2.1024294861290868e-11,0.33928161179620747,3.475623432026399,231.52059472415624
UGC12506,25.41,244.0,14.9,57.29,157.33,0.0,7.841526e+20,14668.399394000002,121.11316771515804,1.8706052105164223e-11,0.3200299864121014,3.6513309437394357,231.42856479363343
UGC12506,27.05,244.0,11.6,58.0,153.64,0.0,8.34763e+20,14222.414815999999,119.25776627121606,1.703766795605459e-11,0.3054250673174422,3.799538101147296,232.46205493308753
UGC12506,28.68,249.0,11.6,61.94,149.77,0.0,8.850648e+20,14154.847934000001,118.97414817513929,1.5993007443070834e-11,0.2959134278749134,3.903990292121962,235.07528351742684
UGC12506,30.32,251.0,11.6,65.99,146.07,0.0,9.356752e+20,14169.444754,119.03547687139326,1.5143550618847223e-11,0.2879475979429995,3.9968166525337296,237.9762020663913
UGC12506,31.96,249.0,11.6,67.21,143.32,0.0,9.862856e+20,13965.870403999998,118.17728379007531,1.4160067230019374e-11,0.27844040762692984,4.1146061943272505,239.71661785005642
UGC12506,33.6,244.0,12.9,64.98,140.67,0.0,1.036896e+21,13324.902894,115.43354319260932,1.2850761208452921e-11,0.26525527547786865,4.2920320239095915,239.14621037460242
UGC12506,35.24,239.0,16.2,62.25,138.0,0.0,1.0875064e+21,12635.3025,112.4068614453762,1.161860058938504e-11,0.25221825367326,4.4858160303636865,238.07486743248305
UGC12506,36.88,238.0,18.4,61.64,135.58,0.0,1.1381168000000001e+21,12255.180344,110.7031180410019,1.0767946087782905e-11,0.24280970396396168,4.638665830834415,238.42752842829697
UGC12506,38.52,241.0,24.9,63.36,133.6,0.0,1.1887272000000001e+21,12225.0112,110.56677258561905,1.0284118341028958e-11,0.23729202141345562,4.733972505026612,240.56780103422486
UGC12506,40.16,237.0,23.0,64.98,131.71,0.0,1.2393376e+21,12202.261486000003,110.46384696361069,9.84579301555928e-12,0.23218007865156767,4.8263327066384765,242.67709761087227
UGC12506,41.8,228.0,14.0,64.88,130.03,0.0,1.2899479999999999e+21,11987.002814000001,109.48517166265029,9.292624829838105e-12,0.22556348978002067,4.952122625400307,243.64135085396848
UGC12506,43.44,233.0,16.9,63.87,129.69,0.0,1.3405584e+21,11816.345106,108.7030133252984,8.81449484483481e-12,0.21968394419748602,5.070286305746509,244.76979547102331
UGC12506,45.08,233.0,13.7,64.47,130.42,0.0,1.3911688e+21,11980.694044,109.45635680032476,8.611962864607084e-12,0.2171454218611839,5.123290011955161,247.75102448207127
UGC12506,46.71,230.0,11.6,69.03,123.79,0.0,1.4414706e+21,11814.164386,108.69298222976495,8.195910749757922e-12,0.2118352420981929,5.238289580144185,248.76899766911134
UGC12506,48.35,226.0,11.6,76.21,119.55,0.0,1.492081e+21,12382.37725,111.27613063905484,8.298729928200949e-12,0.21315985632310053,5.209064736842793,253.9696924659701
UGC12506,49.99,225.0,11.6,82.59,116.42,0.0,1.5426914e+21,13055.771644,114.26185559494472,8.462983357526982e-12,0.21525901399426434,5.1634906147792226,259.640817962998
UGC06917,1.74,59.2,3.5,0.0,56.25,0.0,5.36964e+19,1455.46875,38.150606155079636,2.7105518247033326e-11,0.3852374157260488,3.127825850866416,67.4718665917746
UGC06917,2.61,71.2,4.0,0.0,59.09,0.0,8.05446e+19,1606.1489260000003,40.07678787028721,1.994111245198313e-11,0.33042606199662355,3.553881189058253,75.55172039694077
UGC06917,3.5,84.5,4.4,6.4,61.72,0.0,1.0801e+20,1793.2648640000002,42.346958143413325,1.660276700305527e-11,0.3015017517900066,3.841817476581696,83.00238728286735
UGC06917,4.37,93.5,4.5,14.66,63.73,0.0,1.348582e+20,2083.211534,45.642212194414945,1.5447422062581293e-11,0.2908222362479818,3.962727708919618,90.85813155311276
UGC06917,5.24,97.5,3.5,17.89,64.38,0.0,1.617064e+20,2226.652924,47.18742336682519,1.3769726640380344e-11,0.27457580310091406,4.164834134680557,96.29974093403095
UGC06917,6.11,100.0,3.5,20.91,64.3,0.0,1.885546e+20,2339.0935,48.36417579159186,1.2405390799269817e-11,0.2606182524154081,4.358723438113014,100.97257876467157
UGC06917,6.98,101.0,4.0,24.79,64.23,0.0,2.154028e+20,2512.270834,50.12255813503537,1.1663129885033991e-11,0.2527011156422629,4.478280152093389,106.06909357859764
UGC06917,7.85,103.0,3.5,27.59,62.94,0.0,2.42251e+20,2583.472156,50.82786790728094,1.0664443721594543e-11,0.2416399329650814,4.658505924220245,109.7046960881076
UGC06917,8.72,105.0,4.0,29.1,61.95,0.0,2.6909920000000003e+20,2612.1991500000004,51.10967765501951,9.7071977545827e-12,0.23054013428278552,4.856834212647746,112.63666455452844
UGC06917,9.6,110.0,4.9,32.76,60.68,0.0,2.96256e+20,2766.966304,52.60196102808335,9.339781486282132e-12,0.22613509144433672,4.940963980225358,116.92510783643215
UGC06917,10.47,111.0,6.0,36.86,60.19,0.0,3.2310420000000003e+20,3025.164206,55.00149276156057,9.362813005835269e-12,0.22641373971448844,4.9355448023145865,122.19178971220379
NGC3949,1.74,123.0,5.5,5.18,160.38,0.0,5.36964e+19,11858.834824,108.89827741520983,2.2084971849136997e-10,1.0996336676256988,1.4992347474611756,133.33858118542972
NGC3949,2.61,145.0,5.5,14.22,184.96,0.0,8.05446e+19,15938.901136,126.24936093303602,1.9788913392083394e-10,1.0409037594956958,1.545918545885083,156.97210856445554
NGC3949,3.5,152.0,6.2,24.46,199.67,0.0,1.0801e+20,18937.621693999998,137.6140316028856,1.753321145634663e-10,0.9797839896467005,1.6010046078266904,174.124149943001
NGC3949,4.37,157.0,6.6,32.44,188.3,0.0,1.348582e+20,17362.523000000005,131.76692680638797,1.2874651300402942e-10,0.8395901617154095,1.7602147189057629,174.8192453419813
NGC3949,5.24,161.0,8.8,37.39,178.75,0.0,1.617064e+20,16095.73085,126.86895148144009,9.953675828538636e-11,0.7382294212334115,1.915559940206528,175.59139279761513
NGC3949,6.11,165.0,11.2,41.38,166.45,0.0,1.885546e+20,14456.88155,120.23677286920172,7.667212335312954e-11,0.6479154685954033,2.0970301406613507,174.11638736868218
NGC3949,7.07,169.0,25.5,46.55,155.24,0.0,2.181802e+20,13252.652996,115.1201676336514,6.074177673317744e-11,0.576691232437215,2.281823494335683,173.89713904648053
UGC06628,1.1,26.9,8.27,3.02,29.07,0.0,3.3946000000000004e+19,397.850254,19.94618394580778,1.1720092323101393e-11,0.253317457011126,4.4687030626219135,42.16485086555751
UGC06628,2.2,38.0,8.27,-3.24,37.16,0.0,6.789200000000001e+19,645.695776,25.410544582908884,9.510631237848344e-12,0.22819402809710448,4.901235313675811,56.2557280569944
UGC06628,3.3,40.5,8.27,12.42,41.22,0.0,1.01838e+20,935.8370639999999,30.591454100777884,9.18946821422259e-12,0.22430801554151844,4.976832119826333,68.24590800215915
UGC06628,4.39,41.4,8.27,16.39,45.0,0.0,1.3547539999999998e+20,1200.1321,34.64292279817048,8.858671758858068e-12,0.22023376748948836,5.058967760347114,77.91937886083075
UGC06628,5.5,42.3,8.27,20.17,46.13,0.0,1.6973e+20,1385.6982740000003,37.22496842174618,8.164132881635542e-12,0.2114241706246403,5.247433748143264,85.27226916021102
UGC06628,6.59,42.3,8.27,25.63,47.72,0.0,2.033674e+20,1704.408164,41.28447848768348,8.380931083349643e-12,0.21421295783063102,5.1860891211894105,94.01708694374027
UGC06628,7.69,42.3,8.27,31.39,46.74,0.0,2.373134e+20,1990.2607960000003,44.61233905546761,8.386634703307949e-12,0.2142858364576484,5.184507507793025,101.58012620256054
UGC12732,0.96,34.2,3.32,1.81,20.68,0.0,2.96256e+19,200.00080400000002,14.142164049394987,6.7509452635558445e-12,0.19225688284134246,5.717385796731473,33.81540708204583
UGC12732,1.92,49.5,4.6,-7.24,30.32,0.0,5.92512e+19,475.29670400000003,21.80130051166673,8.021722834305466e-12,0.20957208267355765,5.289079485072075,50.138628286469654
UGC12732,2.88,59.9,4.38,-2.56,33.18,0.0,8.88768e+19,512.973304,22.648913969548296,5.771734625909123e-12,0.17776767018597894,6.140126004729647,56.12237275474449
UGC12732,3.84,65.3,4.31,8.12,35.24,0.0,1.185024e+20,637.188896,25.24260081687305,5.377012583711385e-12,0.17158136940392638,6.342430024524708,63.571424282331066
UGC12732,4.8,69.8,3.83,11.3,34.72,0.0,1.48128e+20,682.2100640000001,26.119151287896017,4.6055442860229e-12,0.15879619234467507,6.8106076736201695,68.16351734541952
UGC12732,5.76,73.8,3.45,16.0,34.11,0.0,1.777536e+20,791.206366,28.1283907467171,4.451141163948297e-12,0.15611164034206876,6.918676256660362,73.98716576922465
UGC12732,6.72,76.2,3.24,18.2,34.88,0.0,2.073792e+20,890.8826240000001,29.84765692646577,4.2959111810634826e-12,0.1533653499890167,7.033153086203097,79.156262395532
UGC12732,7.68,79.3,3.19,19.2,33.08,0.0,2.370048e+20,872.0117439999999,29.529844970808767,3.679299929790451e-12,0.14193261333762855,7.557420785655751,81.17979846884026
UGC12732,8.64,80.3,3.31,23.3,31.11,0.0,2.6663040000000003e+20,988.092766,31.433942896175147,3.705851868354096e-12,0.14244382626598873,7.532177584482923,86.26986834031294
UGC12732,9.6,81.9,3.69,25.5,29.68,0.0,2.96256e+20,1055.4651039999999,32.4879224328057,3.5626792503780513e-12,0.1396651221093596,7.671618694131605,89.984030932438
UGC12732,10.6,84.0,3.89,27.8,28.19,0.0,3.27116e+20,1138.391006,33.740050474176826,3.480083536115628e-12,0.13803665851065436,7.755951788776722,93.96438559003634
UGC12732,11.5,85.6,3.67,31.1,26.95,0.0,3.5489e+20,1301.30915,36.07366283038084,3.666795767702669e-12,0.14169122789986294,7.569403582549344,99.24784200179994
UGC12732,12.5,87.9,3.43,35.1,25.7,0.0,3.8575e+20,1535.8354,39.18973590112595,3.981426830848996e-12,0.14764507767315435,7.285298536271086,105.77816122231147
UGC12732,13.4,90.8,3.36,38.3,24.69,0.0,4.13524e+20,1747.3042059999998,41.80076800729862,4.225399749470405e-12,0.15210150256207455,7.087227251265811,111.28136405083544
UGC12732,14.4,95.5,3.18,41.4,23.69,0.0,4.44384e+20,1972.1194059999998,44.408551045941586,4.43787221412112e-12,0.15587878055372756,6.928225999911059,116.89007204882007
UGC12732,15.4,98.0,3.18,43.4,22.77,0.0,4.75244e+20,2122.057534,46.06579570570772,4.465195844660848e-12,0.15635791089570317,6.908607540030583,121.08039758677332
F583-1,0.26,14.6,13.0,-0.5,5.06,0.0,8.0236e+18,12.027655999999999,3.4680911176034575,1.4990348472007575e-12,0.09059525830640514,11.545653862769672,11.784190806180321
F583-1,0.44,10.0,7.0,-0.86,8.17,0.0,1.35784e+19,31.444093999999996,5.607503366026631,2.3157436811406347e-12,0.11260167400780023,9.390244131438552,17.183355875727596
F583-1,0.77,10.7,7.13,-1.55,13.14,0.0,2.37622e+19,81.825916,9.045767850215924,3.4435328378685473e-12,0.13730985787562724,7.794237197728588,25.254120420743522
F583-1,0.89,17.4,9.6,-1.78,14.55,0.0,2.74654e+19,100.55155000000002,10.027539578580582,3.661026236646836e-12,0.14157971176751535,7.574953260923266,27.5984291502866
F583-1,1.22,23.5,11.2,-2.43,17.29,0.0,3.76492e+19,143.419186,11.975774964485597,3.8093554710325846e-12,0.14441933924170758,7.436311162837569,32.65746000253048
F583-1,1.55,31.0,5.2,-2.98,18.37,0.0,4.7833e+19,164.110574,12.810564936801187,3.4309069888988774e-12,0.13705790070597962,7.807604382089012,35.7953968648141
F583-1,1.8,32.3,2.41,-3.18,18.25,0.0,5.5548e+19,163.32115000000002,12.779716350529851,2.9401805645567798e-12,0.12687808188091132,8.39215228776078,37.02183089222117
F583-1,2.21,40.9,5.9,-3.53,19.06,0.0,6.82006e+19,179.571356,13.400423724643934,2.632987920927382e-12,0.12006710426131559,8.838679108440436,39.839347293241644
F583-1,2.31,43.8,4.26,-3.66,19.39,0.0,7.12866e+19,186.342766,13.650742324137541,2.6139942990688296e-12,0.11963325555385489,8.868846833482534,40.652742222161066
F583-1,2.54,44.8,4.5,-4.08,20.16,0.0,7.83844e+19,203.60217600000001,14.268923435214026,2.597483376794363e-12,0.11925483384515138,8.895339877224188,42.55714458539738
F583-1,3.1,51.7,12.7,-5.16,22.16,0.0,9.5666e+19,252.51577600000002,15.890744979389734,2.6395561223423162e-12,0.1202167695347776,8.828322689040135,47.21536566205303
F583-1,3.43,55.7,4.5,-4.94,23.71,0.0,1.058498e+20,282.99908600000003,16.82257667540856,2.6735911262940517e-12,0.12098933752904614,8.775271121010103,49.83366037778136
F583-1,3.86,59.4,9.85,-3.07,24.94,0.0,1.191196e+20,295.54655600000007,17.191467534797606,2.4810909035960506e-12,0.11655232504254646,9.089547917257292,51.83034422558243
F583-1,4.09,62.0,4.5,1.31,25.34,0.0,1.262174e+20,297.089276,17.236277904466498,2.3537901747302663e-12,0.11352289978786055,9.318253632797246,52.615142548054585
F583-1,4.37,63.0,3.2,4.42,25.74,0.0,1.348582e+20,324.308296,18.0085617415717,2.4048096148398826e-12,0.11474663355459788,9.224412741119526,54.695096468268176
F583-1,4.76,66.6,6.9,7.13,26.09,0.0,1.468936e+20,363.95342600000004,19.077563418843614,2.47766700523372e-12,0.11647187634034499,9.095467427638534,57.53543717884181
F583-1,5.4,71.3,2.95,11.25,26.17,0.0,1.66644e+20,441.60219400000005,21.014333061032417,2.649973560404215e-12,0.12045376345978825,8.811976076047989,62.380990443069294
F583-1,5.86,72.3,15.5,13.88,25.92,0.0,1.808396e+20,501.7037440000001,22.398744250515477,2.7743024426065977e-12,0.12324704216585151,8.624052971258415,65.7778052547717
F583-1,6.08,73.4,6.0,14.94,25.73,0.0,1.876288e+20,527.738734,22.972564811095864,2.8126744614899205e-12,0.1240964443584021,8.568587324992226,67.24563500376694
F583-1,6.43,72.4,5.81,16.72,25.39,0.0,1.984298e+20,576.0983659999999,24.002049204182544,2.903285524654059e-12,0.1260794999307045,8.442007382312077,69.73827255323954
F583-1,6.97,77.1,12.1,19.67,24.74,0.0,2.150942e+20,668.459996,25.854593324978058,3.1077546302968646e-12,0.13044365655584073,8.177012334481581,73.93243964863807
F583-1,7.96,80.3,13.5,24.09,23.76,0.0,2.456456e+20,840.015396,28.983019097395633,3.419623213279619e-12,0.13683233290718272,7.819613349669176,81.04687288532013
F583-1,10.29,84.7,6.0,31.66,22.09,0.0,3.1754939999999997e+20,1226.8209259999999,35.0260035687773,3.863401807718737e-12,0.14544022661284683,7.3877926037841855,95.20240839007417
F583-1,15.49,86.9,5.6,39.34,17.78,0.0,4.780214e+20,1693.0546640000002,41.14674548491047,3.5417967982186567e-12,0.1392552007556032,7.692661196320878,114.12316117687453
F583-1,16.26,85.8,8.6,39.55,17.09,0.0,5.0178360000000007e+20,1698.5538259999998,41.21351508910639,3.3850325638382757e-12,0.13613852116785943,7.856800920736845,115.5214233985969
UGC07690,0.59,45.3,4.31,4.24,45.76,0.0,1.82074e+19,981.2072959999999,31.324228577891585,5.389057723782638e-11,0.5431953217654004,2.386003641481777,48.385578236748266
UGC07690,1.18,59.8,4.31,11.75,48.85,0.0,3.64148e+19,1235.77085,35.15353253941914,3.393595049265684e-11,0.43105194793238394,2.8557162459465886,59.40547864138649
UGC07690,1.77,60.7,4.31,15.81,45.2,0.0,5.46222e+19,1189.7545000000002,34.49281809304656,2.178151923576861e-11,0.34533745747942407,3.4244393966725033,63.82979071067361
UGC07690,2.36,58.8,4.31,19.15,42.05,0.0,7.28296e+19,1180.09565,34.3525202859994,1.6203516839307093e-11,0.2978545547227948,3.8821279102903303,67.68517016065786
UGC07690,2.95,57.9,4.31,20.97,38.14,0.0,9.1037e+19,1108.884316,33.29991465454528,1.2180589386732864e-11,0.2582460900241808,4.393772096459197,69.80103842953943
UGC07690,3.54,56.9,4.31,21.99,34.5,0.0,1.092444e+20,1031.0751,32.110358141883125,9.438242143304369e-12,0.22732393275209364,4.9179362507353215,71.2092803749662
UGC07690,4.13,55.9,4.31,22.39,31.16,0.0,1.274518e+20,947.9470760000002,30.788749178880263,7.437690766234764e-12,0.20179883847694022,5.472235077346427,72.02353254843295
UGC06446,0.58,31.3,6.3,0.0,21.35,0.0,1.7898799999999998e+19,209.67835000000002,14.480274513972448,1.1714659641987175e-11,0.25325873936444393,4.469613433757068,30.61341486877961
UGC06446,1.16,54.8,5.8,2.75,29.36,0.0,3.5797599999999996e+19,404.08691600000003,20.10191324227622,1.1288100766531837e-11,0.2486051047581939,4.543139332729946,42.84650699790056
UGC06446,1.74,61.1,4.1,6.18,30.8,0.0,5.36964e+19,474.56680000000006,21.784554161148215,8.83796306642531e-12,0.21997619942579816,5.064262928935737,49.0237804799228
UGC06446,2.33,63.9,4.1,7.45,31.81,0.0,7.19038e+19,520.965506,22.824668803730756,7.245312570406569e-12,0.19917194583591227,5.537374118483986,53.710156484107486
UGC06446,2.91,67.2,4.1,14.25,31.67,0.0,8.98026e+19,664.437394,25.776683145819984,7.398865890297165e-12,0.20127145260168705,5.4851757899923355,60.3701574251252
UGC06446,3.49,70.4,3.6,16.89,31.97,0.0,1.077014e+20,755.429314,27.485074385928083,7.014108581689747e-12,0.19596830918991634,5.619186136882825,65.15288119971137
UGC06446,4.07,73.7,3.6,15.31,32.15,0.0,1.2560020000000002e+20,709.86245,26.643243984169796,5.651762099104937e-12,0.1759104094887675,6.199363556493014,66.33773739473517
UGC06446,4.65,78.0,4.1,18.83,31.31,0.0,1.4349900000000002e+20,805.5143059999999,28.38158392338243,5.6133792291235475e-12,0.17531206077995265,6.218715972980262,70.77615898864752
UGC06446,5.23,80.8,4.1,23.23,29.91,0.0,1.613978e+20,951.152626,30.840762409512514,5.89321927560351e-12,0.17962877308646244,6.08199787566703,76.05858433317779
UGC06446,5.81,80.5,3.6,26.13,28.44,0.0,1.792966e+20,1054.840356,32.47830592872725,5.883214494864932e-12,0.17947623253124736,6.0867167239701,80.12811264458793
UGC06446,6.4,81.3,3.6,28.95,27.55,0.0,1.97504e+20,1187.24365,34.45640216273313,6.011238506561893e-12,0.18141850471002388,6.027226790321188,84.59188338084637
UGC06446,6.98,82.1,4.6,31.41,26.52,0.0,2.154028e+20,1310.1108840000002,36.195453913440566,6.082144168970876e-12,0.18248533046662477,5.995091211447682,88.62411774844561
UGC06446,7.62,82.8,4.6,34.05,25.42,0.0,2.351532e+20,1456.643644,38.16600115285855,6.1944453403143135e-12,0.1841623362756736,5.945330124503644,93.0603424523033
UGC06446,8.28,84.9,5.5,34.49,24.36,0.0,2.5552079999999997e+20,1462.528516,38.24301917997584,5.7237160966934985e-12,0.17702664766990778,6.163611588170029,94.94449804620967
UGC06446,8.9,84.3,5.5,32.03,23.44,0.0,2.74654e+20,1278.660356,35.75836064474992,4.655531526939348e-12,0.1596556305057291,6.77677993560991,93.08705519566415
UGC06446,9.52,83.2,7.0,32.29,22.66,0.0,2.937872e+20,1278.842876,35.76091268410246,4.352956411987996e-12,0.15438025801127742,6.990372083650571,94.54939206449615
UGC06446,10.22,80.1,10.8,33.08,21.62,0.0,3.153892e+20,1309.301624,36.18427315837641,4.1513838267131514e-12,0.1507634432829473,7.1454665380062625,96.72420039705294
UGC05918,0.56,16.9,3.93,3.56,6.92,0.0,1.7281600000000002e+19,34.701344000000006,5.890784667597349,2.0079937042866405e-12,0.10485297968058217,10.045899545839788,18.670999328628085
UGC05918,1.11,27.4,3.93,3.93,11.04,0.0,3.4254600000000004e+19,71.510436,8.456384333744534,2.0876155611217174e-12,0.10691160907049685,9.86242878558374,26.556855658681503
UGC05918,1.67,33.5,3.93,3.56,13.76,0.0,5.15362e+19,99.76889599999998,9.988438116142081,1.9358993484191685e-12,0.10295347027123869,10.221703660085305,31.934434227113993
UGC05918,2.23,36.4,3.93,8.55,16.36,0.0,6.88178e+19,196.221316,14.007901912849048,2.8513163164181368e-12,0.1249459843525173,8.5138679531529,40.87300299730727
UGC05918,2.79,39.8,3.93,12.27,16.13,0.0,8.60994e+19,270.234274,16.438803910260624,3.138631326118416e-12,0.1310900580381195,8.139264603874931,46.89891535123216
UGC05918,3.34,41.2,3.93,12.47,16.4,0.0,1.030724e+20,279.2225,16.709952124407778,2.708993872268425e-12,0.12178775210055019,8.721152773323196,49.347158785985194
UGC05918,3.9,42.6,3.93,13.27,17.86,0.0,1.20354e+20,322.823516,17.967290168525693,2.6822832311348193e-12,0.12118585198987165,8.761884686516195,53.18404291973032
UGC05918,4.46,44.5,3.93,15.66,16.94,0.0,1.376356e+20,377.23885600000006,19.422637719939072,2.7408523376219535e-12,0.12250178658841684,8.673352181440354,57.2007469759938
F568-V1,0.39,17.4,30.4,-1.11,12.25,0.0,1.20354e+19,70.26085,8.382174538865199,5.837849178257474e-12,0.1787829251048295,6.10826596118509,20.716465877628153
F568-V1,1.18,46.3,37.1,-2.76,28.99,0.0,3.64148e+19,394.21084599999995,19.854743664928034,1.0825566692663421e-11,0.24345848949514431,4.62774459372236,42.71190830861128
F568-V1,1.95,69.1,13.1,-2.63,34.78,0.0,6.0177e+19,563.3551640000001,23.735104044431743,9.361635907406486e-12,0.22639950683201382,4.935821280099117,52.73158831976264
F568-V1,2.74,85.2,6.2,-0.03,37.08,0.0,8.45564e+19,632.467044,25.14889747086341,7.479824637756574e-12,0.20236961770215223,5.458305860096383,58.755413134306494
F568-V1,3.53,93.2,6.2,3.84,41.2,0.0,1.089358e+20,795.5680000000001,28.205815003293207,7.303090444096432e-12,0.1999645189849683,5.517539798045343,66.25389122196023
F568-V1,4.3,100.0,12.4,7.34,44.37,0.0,1.32698e+20,959.4761739999999,30.975412410491,7.230524755459765e-12,0.19896858523231614,5.542488821216505,72.92383676561856
F568-V1,5.09,108.0,6.2,9.92,45.35,0.0,1.570774e+20,1044.45275,32.31799421375033,6.649287230371778e-12,0.19080385724106214,5.756874876215029,77.54214206396865
F568-V1,5.87,112.0,6.2,12.15,44.94,0.0,1.811482e+20,1076.640156,32.81219523287035,5.943421772890923e-12,0.18039225132783385,6.058499898797683,80.76400359174575
F568-V1,6.4,113.0,24.9,13.65,45.12,0.0,1.97504e+20,1122.797124,33.50816503480905,5.684933591218407e-12,0.17642588356966085,6.182797082498928,83.3188260989399
F568-V1,7.44,113.0,15.5,17.06,45.76,0.0,2.295984e+20,1254.2732959999998,35.41572102894419,5.462900856451962e-12,0.17294629499155167,6.296546803539466,88.86838871440007
F568-V1,8.21,112.0,13.1,19.87,46.01,0.0,2.5336060000000003e+20,1368.600146,36.99459617295477,5.401787594440492e-12,0.17197620248510795,6.329082295416417,93.06977465081196
F568-V1,9.0,111.0,26.4,22.99,44.52,0.0,2.7774e+20,1440.2740840000001,37.95094312398574,5.1856919565060855e-12,0.16850118549509796,6.448711472235896,96.3738139156838
F568-V1,9.72,111.0,19.4,26.1,43.69,0.0,2.999592e+20,1559.265406,39.48753481796502,5.198258316464371e-12,0.16870522435152718,6.441550816024561,100.22019431441034
F568-V1,11.79,113.0,12.5,34.23,40.77,0.0,3.638394e+20,1936.301634,44.00342752559168,5.321858034066678e-12,0.17069910567917085,6.3724795286542655,111.08124289890172
F568-V1,17.63,118.0,14.6,36.03,33.12,0.0,5.440618e+20,1802.750724,42.458812088893865,3.3135035836002453e-12,0.13469247261017397,7.935540844807403,119.60686436533699
NGC5005,0.49,211.0,40.1,64.37,73.17,233.76,1.51214e+19,31742.38669,178.16393206819387,2.0991698314970838e-09,3.3901849479600212,1.034877914039252,181.24429625335665
NGC5005,0.98,233.0,17.4,75.6,130.38,272.92,3.02428e+19,47798.12456800001,218.62782203553144,1.5804794717420345e-09,2.9416705514959296,1.0557181515940128,224.63603388278858
NGC5005,1.47,227.0,14.4,68.11,176.13,246.78,4.53642e+19,46923.158938,216.61754069788532,1.0343654013076392e-09,2.37977882483983,1.102014653189822,227.39834811104274
NGC5005,1.97,234.0,10.8,61.94,213.49,213.16,6.07942e+19,45703.539822,213.7838623984514,7.517746729457744e-10,2.0288196773446083,1.15139805700302,229.3969636878635
NGC5005,2.46,245.0,7.67,60.52,244.17,190.74,7.59156e+19,47823.00919,218.68472555256344,6.299496966367913e-10,1.8571737595218043,1.1849930877590478,238.05447974358182
NGC5005,2.95,244.0,23.3,69.43,261.9,174.18,9.1037e+19,50328.45480399999,224.34004280110136,5.528351637685776e-10,1.7397924135920855,1.212939895163714,247.07365439017465
NGC5005,3.44,261.0,23.3,75.4,273.58,161.3,1.061584e+20,52082.464944,228.21582974018256,4.906108696438529e-10,1.6389593650257128,1.2409750243008002,254.23028576376566
NGC5005,3.93,259.0,22.7,73.37,276.37,150.91,1.212798e+20,50994.0912,225.81871313068808,4.204664849381348e-10,1.5172784701874504,1.2809147634584783,255.57598531009927
NGC5005,4.42,258.0,22.7,68.82,276.54,142.3,1.364012e+20,49229.07673600002,221.87626447188987,3.609138096732288e-10,1.4057281868017817,1.3248339905921673,255.38276015683388
NGC5005,4.92,258.0,22.5,65.78,278.71,134.88,1.518312e+20,48428.07250999999,220.06379191043672,3.189599536195459e-10,1.321501568600523,1.363762476312486,256.99102725441253
NGC5005,5.74,261.0,22.4,61.84,282.13,124.87,1.771364e+20,47611.518348,218.2006378267488,2.6878449798008757e-10,1.2131142713700027,1.4230217590589789,260.2925788243679
NGC5005,6.56,263.0,22.4,59.41,284.24,116.81,2.024416e+20,46970.546802000004,216.72689450550433,2.3202023102959079e-10,1.1271002099097285,1.4792272367578432,263.59080438233696
NGC5005,7.37,264.0,22.3,58.09,281.24,110.2,2.274382e+20,45344.83779600001,212.94327365756357,1.9937212744385072e-10,1.044796778354402,1.542646377415361,264.48260767106507
NGC5005,8.19,265.0,22.2,58.09,279.02,104.54,2.527434e+20,44213.603220000005,210.27030988705943,1.7493474891925966e-10,0.9786730883740012,1.602074838310675,266.14563913356506
NGC5005,9.01,265.0,22.2,58.19,277.3,99.67,2.780486e+20,43327.599594,208.15282749460792,1.5582743302429864e-10,0.9236800453380724,1.6585265304336456,268.06710620039723
NGC5005,9.83,264.0,22.0,57.28,272.35,95.42,3.0335380000000003e+20,41589.567894,203.93520513633737,1.3709921515405444e-10,0.8663972946484855,1.7255172452360354,267.8871341125063
NGC5005,10.65,264.0,21.9,55.06,264.11,91.67,3.28659e+20,38984.04486000001,197.44377645294372,1.1861547944830357e-10,0.8058798325626443,1.8073206002932203,265.4367483191298
NGC5005,11.47,265.0,22.0,51.82,254.75,88.34,3.5396420000000003e+20,36128.010726,190.0736981436411,1.0206684948929863e-10,0.7475529471609381,1.8994213617433922,261.9586137737387
F574-2,2.17,12.6,10.0,-8.64,21.61,0.0,6.69662e+19,289.46596600000004,17.013699362572503,4.322568191117309e-12,0.15384044583947332,7.013056155392746,45.05597712438392
F574-2,4.32,23.0,10.0,-7.74,27.24,0.0,1.3331520000000002e+20,401.23569599999996,20.030868578271885,3.0096770360769057e-12,0.12836882042770176,8.300748129545655,57.710973419956694
F574-2,6.49,30.0,8.0,15.6,34.0,0.0,2.002814e+20,775.12,27.84097699435133,3.870154692347867e-12,0.1455672794435322,7.381802008830885,75.64246408654992
F574-2,8.65,36.0,8.0,23.65,34.44,0.0,2.66939e+20,1104.9347559999999,33.240558900235115,4.139278097243189e-12,0.15054346435430704,7.155140444210425,88.91548437066164
F574-2,10.83,40.0,8.0,28.17,36.32,0.0,3.3421380000000003e+20,1400.3544040000002,37.42130949071665,4.189995757206914e-12,0.151462944286658,7.11489201940625,99.81668384273242
NGC3769,1.74,87.5,9.4,11.85,126.23,0.0,5.36964e+19,7470.068434000001,86.42955764089042,1.391167458898548e-10,0.8727488966381457,1.7176271651172588,113.27308801089224
NGC3769,3.5,106.0,7.1,22.09,136.2,0.0,1.0801e+20,9021.1705,94.97984259831135,8.352162299787057e-11,0.6762372123907587,2.034699254428422,135.48198732828536
NGC3769,5.24,116.0,5.3,28.99,123.81,0.0,1.617064e+20,7891.721506000001,88.83536179922949,4.880277778739742e-11,0.5169182606171365,2.477427730909088,139.82549732997927
NGC3769,6.98,125.0,5.7,34.81,109.91,0.0,2.154028e+20,6768.631826,82.27169516911633,3.142313761009606e-11,0.41478627445560634,2.945346972522824,141.1947918898949
NGC3769,8.72,126.0,4.4,36.96,98.62,0.0,2.6909920000000003e+20,5839.957624000001,76.41961544001644,2.1701876571911022e-11,0.34470552767514795,3.4296956099389644,141.52482829970995
NGC3769,10.47,123.0,4.4,36.75,89.83,0.0,3.2310420000000003e+20,5062.499794,71.15124590616809,1.5668319365703077e-11,0.2928942263585142,3.9385748429807164,141.20564553601764
NGC3769,12.31,118.0,4.6,34.7,83.14,0.0,3.7988660000000003e+20,4383.729416,66.20973807530127,1.1539573693833893e-11,0.25135902650591896,4.49929770324092,140.4411040010668
NGC3769,14.52,115.0,6.4,34.16,76.18,0.0,4.480872e+20,3836.466104,61.939212975303455,8.561873903115285e-12,0.2165130195779566,5.136688564331678,140.38066663135243
NGC3769,17.07,122.0,15.2,34.92,70.2,0.0,5.2678020000000003e+20,3486.3048,59.044938817819094,6.6181394061508e-12,0.19035643324496992,5.769156349552091,141.82044095755003
NGC3769,31.82,121.0,10.2,33.73,50.64,0.0,9.819652000000001e+20,2317.341316,48.138771442570075,2.359901670649836e-12,0.11367018245122976,9.306852326092365,146.8575957081027
NGC3769,34.61,118.0,10.4,32.54,48.51,0.0,1.0680646e+21,2141.3328460000002,46.27453777186759,2.004872033021224e-12,0.10477144460270373,10.05331475210344,146.7225036927037
NGC3769,37.16,113.0,10.5,31.57,46.75,0.0,1.1467575999999999e+21,2002.02365,44.74397892454358,1.7458124105739525e-12,0.09776837377929631,10.736402519737124,146.61013525821917
UGC07577,0.19,3.74,3.17,-1.81,3.43,0.0,5.8634e+18,8.687954000000001,2.9475335451865514,1.481726302145513e-12,0.09007071251096814,11.609892903183466,10.043217387261137
UGC07577,0.38,5.4,3.17,-1.88,6.16,0.0,1.17268e+19,20.989376,4.58141637487797,1.7898639014906027e-12,0.09899416750768897,10.609853394498392,14.922942142955696
UGC07577,0.57,7.31,3.17,1.42,8.66,0.0,1.7590199999999998e+19,36.514376,6.042712635894578,2.0758363179497676e-12,0.10660956128730327,9.888904163595285,19.002293673593293
UGC07577,0.75,8.85,3.17,4.71,10.45,0.0,2.3145e+19,72.41725,8.509832548293767,3.1288507236984224e-12,0.130885647259054,8.151161156763909,24.295774844191758
UGC07577,0.94,10.7,3.17,5.82,11.68,0.0,2.90084e+19,96.626704,9.829888300484395,3.330990471725431e-12,0.13504742209843493,7.916056818072962,27.65687037622149
UGC07577,1.13,12.4,3.17,6.52,12.49,0.0,3.4871799999999996e+19,114.27044599999999,10.68973554396927,3.2768726019305e-12,0.13394588678968666,7.976860261730827,30.191379229635373
UGC07577,1.32,14.1,3.17,7.99,13.06,0.0,4.07352e+19,142.29935600000002,11.92892937358588,3.4932774602800532e-12,0.13829807784778392,7.742279653722865,33.192188971152035
UGC07577,1.51,15.9,3.17,8.69,12.91,0.0,4.65986e+19,152.183426,12.33626466966399,3.265836870635598e-12,0.13372014754930747,7.989444667026496,34.869199320683016
UGC07577,1.69,17.8,3.17,9.12,11.87,0.0,5.21534e+19,147.98697399999998,12.164989683513914,2.8375326249103594e-12,0.12464361465340529,8.533258156844889,35.53605286173877
UGC09037,2.43,62.2,5.69,10.89,136.53,0.0,7.49898e+19,8693.194914000002,93.23730430466124,1.1592503132426013e-10,0.796687887109794,1.8208954811190823,125.81494082735162
UGC09037,3.65,88.2,3.85,14.29,148.1,0.0,1.12639e+20,10293.6647,101.45769906714817,9.138632889141417e-11,0.7073595462358268,1.9721690525182618,142.48104069784048
UGC09037,4.86,107.0,4.42,16.72,150.72,0.0,1.499796e+20,10729.156864,103.58164347025973,7.153744151871321e-11,0.6258443057581379,2.149657869313408,151.8684183225583
UGC09037,6.08,120.0,3.93,25.95,151.05,0.0,1.876288e+20,11168.809650000003,105.68258915261303,5.952609434159362e-11,0.5708911326302835,2.298965285194959,160.23952590512886
UGC09037,7.29,124.0,5.15,32.85,157.64,0.0,2.249694e+20,12510.292515999998,111.84941893456576,5.56088628764623e-11,0.5517871855967035,2.3580435101238306,171.75509912984978
UGC09037,8.51,128.0,4.29,38.2,155.32,0.0,2.626186e+20,12556.419103999999,112.05542871275804,4.781237545246224e-11,0.51164621278007,2.4969278333420113,177.0662936526457
UGC09037,9.73,133.0,5.36,40.33,153.04,0.0,3.002678e+20,12400.280036,111.35654464826035,4.1297401972505875e-11,0.4755114388079423,2.642476252629908,181.01780443119605
UGC09037,10.96,138.0,6.78,39.17,152.74,0.0,3.382256e+20,12265.862396000002,110.75135392400402,3.6265328218798344e-11,0.44560023316256697,2.7811750407639932,184.69843082495538
UGC09037,12.19,143.0,6.42,46.36,150.89,0.0,3.761834e+20,12622.433965999997,112.34960598951825,3.35539366330359e-11,0.42861892549854547,2.8686841217950905,190.28866465628272
UGC09037,13.41,146.0,5.4,53.75,145.59,0.0,4.138326e+20,12639.428626,112.42521347989516,3.05423705768951e-11,0.40893188490686816,2.9793780887700394,194.05575668574537
UGC09037,14.55,148.0,4.5,56.66,141.61,0.0,4.4901300000000003e+20,12434.915966000002,111.5119543636466,2.7693888519931498e-11,0.38939607804536014,3.100447243416846,196.3512183025734
UGC09037,15.78,154.0,4.46,60.84,137.81,0.0,4.869708e+20,12437.639806000001,111.52416691461991,2.5540832850758202e-11,0.3739530938609103,3.205222542702484,199.66322516729252
UGC09037,17.0,158.0,4.02,62.11,133.01,0.0,5.2462e+20,11995.815745999998,109.52541141671186,2.286572327780107e-11,0.3538279000138608,3.3556570704290656,200.63360616713544
UGC09037,18.23,159.0,5.07,60.94,128.36,0.0,5.6257780000000003e+20,11292.776816000001,106.26747769661235,2.007327131642948e-11,0.33151919606449026,3.5439927079331404,200.05378948727872
UGC09037,19.46,160.0,7.33,60.06,123.99,0.0,6.005356e+20,10679.022846,103.33935768137907,1.7782497567171702e-11,0.3120297349531611,3.7307831526455426,199.60240108919945
UGC09037,20.69,158.0,7.82,64.05,120.09,0.0,6.384934e+20,10736.342226,103.6163221987733,1.6815118568179405e-11,0.3034237491196466,3.820967526580326,202.54188455674824
UGC09037,21.92,155.0,8.07,63.17,117.0,0.0,6.764512e+20,10287.388900000002,101.42676619117856,1.5207880331944125e-11,0.28855854964382055,3.9895144406045806,202.5874788151165
UGC09037,23.14,156.0,7.93,61.23,113.92,0.0,7.141004e+20,9718.885444,98.58440771237609,1.3609970592370483e-11,0.27297834512702673,4.186014235657603,201.70124645948388
UGC09037,24.28,154.0,9.09,62.4,110.72,0.0,7.492808e+20,9532.862464,97.63637879397207,1.2722683490621937e-11,0.26393012580971786,4.31085029449366,202.71838338024986
UGC09037,25.51,150.0,13.4,60.16,107.64,0.0,7.872386000000001e+20,8948.955616,94.59891974013233,1.1367526460211678e-11,0.24947819321015552,4.529134686712124,201.32318617157054
UGC09037,26.73,141.0,20.1,64.54,105.08,0.0,8.248878e+20,9244.642544,96.14906418681359,1.1207151498664421e-11,0.247712102001253,4.557566063628122,205.26341400480294
UGC09037,27.96,152.0,16.0,66.58,102.79,0.0,8.628456e+20,9293.157086,96.40102222487062,1.0770359246196536e-11,0.24283690996271493,4.638206684590261,207.61402485678212
NGC1705,0.22,50.2,7.5,5.62,33.24,0.0,6.7892e+18,539.8372960000002,23.23439898082152,7.95141247864255e-11,0.6598143319864428,2.070167525727955,33.42983157833718
NGC1705,0.66,62.2,7.51,13.36,44.88,0.0,2.03676e+19,1105.0282240000001,33.24196480354313,5.425421866101061e-11,0.5450249200959624,2.379973949901532,51.2829249070873
NGC1705,1.11,72.4,5.35,17.38,43.65,0.0,3.4254600000000004e+19,1178.5127499999999,34.329473488534596,3.440451063506798e-11,0.4340175545896698,2.8401093560647124,57.85417087398758
NGC1705,1.55,73.2,3.31,17.38,39.37,0.0,4.7833e+19,1015.0629739999999,31.860052950364032,2.1220976606108752e-11,0.34086490293757565,3.462064149331373,59.280799012826094
NGC1705,2.0,72.9,3.21,17.17,35.3,0.0,6.172e+19,868.0102999999999,29.46201452718398,1.4063679520414776e-11,0.2774911161846273,4.126813609502376,59.85078712287952
NGC1705,2.45,72.6,2.73,16.22,31.81,0.0,7.5607e+19,728.551406,26.991691425325683,9.636031134683297e-12,0.2296934973806437,4.872752133580655,59.58229953610121
NGC1705,2.89,71.5,3.41,15.26,28.94,0.0,8.91854e+19,618.128456,24.862189284131837,6.93082562841003e-12,0.19480140708275748,5.649656338821711,59.09495198108276
NGC1705,3.34,71.1,4.38,14.31,26.66,0.0,1.030724e+20,531.723676,23.059134328937848,5.158739643202254e-12,0.16806272779225573,6.46415792236577,58.62717640075164
NGC1705,3.78,71.4,4.6,13.46,24.88,0.0,1.166508e+20,465.918224,21.58513896179499,3.9941279785479405e-12,0.14788039139746448,7.274540632748167,58.21804747692817
NGC1705,4.22,71.5,5.68,13.36,23.42,0.0,1.302292e+20,430.79794400000003,20.755672574021784,3.3079980833791503e-12,0.13458052800189757,7.941707102769355,58.49163266419596
NGC1705,4.66,71.5,6.2,13.36,22.2,0.0,1.438076e+20,405.196,20.12948086762299,2.8176257722123173e-12,0.12420562334325794,8.561513070254048,58.898988531337785
NGC1705,5.11,71.3,6.43,13.46,21.14,0.0,1.576946e+20,386.74541600000003,19.665843892393738,2.4524962554202877e-12,0.11587874411138804,9.13936477399114,59.45256454933589
NGC1705,5.56,71.8,9.68,13.46,20.22,0.0,1.715816e+20,369.24186399999996,19.215667149490283,2.151989863714991e-12,0.1085474721097454,9.721602928714043,59.913460811959716
NGC1705,6.0,71.5,10.5,14.31,19.44,0.0,1.8516e+20,378.616356,19.45806660488138,2.0448064160725858e-12,0.10580975354288182,9.959740409289234,61.40782214401548
NGC0300,0.91,33.1,3.9,0.0,31.52,0.0,2.80826e+19,457.014784,21.377904106810846,1.6273948423579013e-11,0.2985011927705834,3.8749086024525967,42.08195002574875
NGC0300,1.36,46.7,2.7,0.0,37.5,0.0,4.19696e+19,646.875,25.433737436719756,1.5412941748313064e-11,0.29049748160574373,3.966544777737611,50.654305375742915
NGC0300,1.82,53.9,4.7,0.0,42.04,0.0,5.61652e+19,812.986336,28.51291524905863,1.4474912152008717e-11,0.28151890951519076,4.075588235105287,57.56211902200052
NGC0300,2.27,58.8,2.5,2.86,46.16,0.0,7.00522e+19,988.322576,31.437598127083437,1.4108373127467805e-11,0.27793169225265874,4.12113758392831,63.82016384340018
NGC0300,2.72,65.6,2.6,7.4,48.37,0.0,8.39392e+19,1131.002174,33.63037576358611,1.3474064251267585e-11,0.2716119729473816,4.2043293735413965,68.95727417529915
NGC0300,3.17,70.8,2.7,8.38,49.78,0.0,9.78262e+19,1210.1266640000001,34.78687488119621,1.2370169382026492e-11,0.26024801543019616,4.36415136825573,72.67169969429875
NGC0300,3.63,82.1,4.9,8.42,50.48,0.0,1.120218e+20,1243.0823839999998,35.257373469956605,1.1096789946242604e-11,0.24648942166610224,4.5774892483939364,75.43338947460799
NGC0300,4.08,84.1,6.6,9.19,50.65,0.0,1.259088e+20,1264.5504499999997,35.56051813458291,1.0043384179660195e-11,0.2344982689014097,4.78394744062914,77.77880745308407
NGC0300,4.54,83.4,6.2,12.0,50.39,0.0,1.401044e+20,1312.009966,36.22167812236203,9.36451650340746e-12,0.22643433596657844,4.935144776070375,80.4671307420438
NGC0300,4.99,81.5,2.7,12.98,49.84,0.0,1.539914e+20,1311.132176,36.20955917986299,8.514320773757498e-12,0.21591091964367162,5.1495183312031685,82.16872382447168
NGC0300,5.45,80.8,4.0,13.57,49.05,0.0,1.68187e+20,1290.86005,35.92854088325881,7.675147603560323e-12,0.2049948598064194,5.395242048702032,83.45359441479802
NGC0300,5.9,82.8,12.4,15.44,48.12,0.0,1.82074e+20,1303.539424,36.10456237098021,7.159393565253688e-12,0.19798747717339174,5.567312685403798,85.189269108023
NGC0300,6.36,88.2,11.7,20.16,47.07,0.0,1.962696e+20,1425.594654,37.75704773946183,7.2634511610560165e-12,0.1994211027973081,5.531121862661673,88.7982981708152
NGC0300,6.81,88.5,8.5,24.2,45.98,0.0,2.101566e+20,1558.1537839999999,39.47345670194086,7.414251010912816e-12,0.20148060475693677,5.480035592839983,92.40529311375134
NGC0300,7.26,88.4,8.9,27.05,44.86,0.0,2.240436e+20,1657.415516,40.71136838771205,7.397736494146675e-12,0.2012560905257684,5.485553756386514,95.35115054202068
NGC0300,7.71,88.2,10.8,28.23,43.73,0.0,2.379306e+20,1676.596834,40.94626764431649,7.04657927143461e-12,0.1964213873471005,5.607453223432318,96.96101443987534
NGC0300,8.17,89.5,3.1,27.84,42.59,0.0,2.521262e+20,1609.463326,40.11811717914987,6.383562382648055e-12,0.18695244815087994,5.864524060369187,97.15315949370262
NGC0300,8.62,89.7,9.5,26.95,41.5,0.0,2.6601319999999997e+20,1518.5375,38.96841669865482,5.7085043148234754e-12,0.17679125144364544,6.171113426638113,96.80427240108503
NGC0300,9.07,93.7,7.3,26.46,40.45,0.0,2.799002e+20,1452.7847500000003,38.11541354885186,5.19036695936623e-12,0.1685771219438075,6.446044485209993,96.77145821953226
NGC0300,9.53,97.0,5.7,26.26,39.41,0.0,2.9409579999999997e+20,1404.035726,37.47046471555964,4.774076086771728e-12,0.16167552182792128,6.698695313736535,96.98044925692433
NGC0300,9.96,96.2,1.5,25.18,38.5,0.0,3.073656e+20,1315.8674,36.27488662973325,4.281114737628414e-12,0.1531010033798784,7.044389270128109,96.27815013527926
NGC0300,10.45,94.8,2.1,24.1,37.5,0.0,3.2248699999999997e+20,1227.685,35.03833614771112,3.806928651387496e-12,0.1443733294206327,7.438514006886917,95.56229417790765
NGC0300,10.93,92.5,13.9,23.02,36.62,0.0,3.3729979999999997e+20,1146.791624,33.8643119522603,3.3999178890707913e-12,0.13643752024953226,7.840728441171888,94.82447839241983
NGC0300,11.32,92.8,10.6,22.03,35.97,0.0,3.493352e+20,1080.487714,32.870772944973474,3.0929826539094837e-12,0.13013327074990674,8.195271304766525,94.10042485396642
NGC0300,11.8,93.5,12.1,21.74,35.19,0.0,3.64148e+20,1042.2622059999999,32.28408595577703,2.862193959598844e-12,0.12518408912717727,8.498664905181396,94.11608381211546
UGC12632,0.71,24.1,7.55,0.75,14.22,0.0,2.19106e+19,93.57836400000001,9.673591060200964,4.270917455478171e-12,0.1529185573341423,7.052166932441788,25.68910750090009
UGC12632,1.42,33.6,5.02,2.55,19.97,0.0,4.38212e+19,189.95091399999998,13.782268100715498,4.334680793771052e-12,0.15405583915843632,7.003985765169659,36.47483375886676
UGC12632,2.14,44.8,3.38,7.39,23.97,0.0,6.60404e+19,318.91011399999996,17.858054597295865,4.829015481432577e-12,0.1626031303226987,6.6634873974146105,46.09830284887998
UGC12632,2.85,54.4,2.9,10.7,26.52,0.0,8.7951e+19,438.012784,20.92875495580184,4.980191060931656e-12,0.1651287165646935,6.569636341551432,53.64312354655085
UGC12632,3.55,57.4,2.89,12.26,27.06,0.0,1.09553e+20,487.13965599999995,22.071240472615035,4.446611740436136e-12,0.1560321915352707,6.92193129794446,58.068470199724544
UGC12632,4.26,61.4,3.44,12.02,28.45,0.0,1.314636e+20,516.8055499999999,22.73335764905835,3.931168399465706e-12,0.14671023990412027,7.328378274188308,61.54142153541742
UGC12632,4.97,63.8,3.64,14.16,29.24,0.0,1.533742e+20,593.795296,24.367915298605254,3.871546166173972e-12,0.1455934456916792,7.380569559771087,66.200811825784
UGC12632,5.69,65.5,3.82,15.95,29.3,0.0,1.755934e+20,649.3079,25.48152075524536,3.697792172143144e-12,0.14228884451003646,7.539811242290016,69.96898601614663
UGC12632,6.4,67.6,3.54,18.56,30.76,0.0,1.97504e+20,779.7152960000001,27.92338260311598,3.947845593000648e-12,0.1470211049423556,7.313991902197556,75.51709317077538
UGC12632,7.11,69.2,2.91,22.61,29.42,0.0,2.194146e+20,909.3588440000001,30.155577328248917,4.144477368415776e-12,0.1506379821230352,7.1509804139282505,80.63998563167304
UGC12632,7.82,70.3,2.79,26.3,28.8,0.0,2.413252e+20,1073.2324,32.76022588444714,4.447245459653613e-12,0.15604330978454614,6.921475580085571,86.18788690040284
UGC12632,8.52,71.4,2.93,28.44,27.59,0.0,2.629272e+20,1158.9893260000001,34.0439322934352,4.408023688686449e-12,0.15535368638854674,6.94986575732095,89.74865029552191
UGC12632,9.25,73.2,3.0,29.27,27.31,0.0,2.85455e+20,1199.8175059999999,34.63838197722289,4.20317565290501e-12,0.15170097536623592,7.104552330088905,92.32641148627924
UGC12632,9.95,73.0,2.81,30.7,26.87,0.0,3.07057e+20,1274.608574,35.7016606616555,4.15104874339292e-12,0.15075735864506457,7.145733738801439,95.43591300447326
UGC12632,10.66,73.1,2.79,31.41,26.73,0.0,3.289676e+20,1315.254834,36.26644225727139,3.998128794446628e-12,0.14795443686372373,7.271162566330732,97.79279990963722
NGC6015,0.34,35.5,2.1,-2.27,41.97,0.0,1.04924e+19,815.434114,28.555807010133684,7.771664385650568e-11,0.6523138836596682,2.0869821608682404,41.252835651399764
NGC6015,0.67,62.4,4.2,-3.73,62.26,0.0,2.06762e+19,1797.014396,42.39120658815929,8.69122177189232e-11,0.6898267305897765,2.006674135507833,60.05016494222502
NGC6015,1.0,90.7,3.8,-5.02,80.4,0.0,3.086e+19,2998.714000000001,54.76051497201246,9.71715489306546e-11,0.7294057220892397,1.9312306646296933,76.09998969286637
NGC6015,1.32,104.0,2.0,-6.13,86.74,0.0,4.07352e+19,3498.5375959999997,59.148436970050184,8.588487588130166e-11,0.6857375783255031,2.014985692942515,83.9613196785371
NGC6015,1.65,105.0,2.4,-7.07,92.13,0.0,5.0919e+19,3954.4358739999993,62.88430546646754,7.766130273571749e-11,0.652081589723107,2.087509316870633,90.85659981499673
NGC6015,1.98,108.0,2.0,-7.85,97.94,0.0,6.11028e+19,4474.054556,66.88837384777716,7.322175998481246e-11,0.6331690603009242,2.131771885104135,97.6609631065702
NGC6015,2.31,116.0,2.3,-8.46,104.95,0.0,7.12866e+19,5138.24275,71.68153702314146,7.207866204868796e-11,0.6282072750006578,2.143840773724377,104.95510617756369
NGC6015,2.63,130.0,3.3,-8.8,112.27,0.0,8.11618e+19,5875.534333999999,76.65203411521445,7.239285395346087e-11,0.6295749683599986,2.140494423008916,112.14521155236368
NGC6015,2.96,141.0,2.2,-8.85,120.94,0.0,9.13456e+19,6806.504956000001,82.50154517340873,7.451376920180064e-11,0.6387308158050145,2.118473872309204,120.08081824766649
NGC6015,3.28,146.0,1.6,-8.55,129.34,0.0,1.012208e+20,7768.366876000001,88.13833942161607,7.674674450310609e-11,0.6482306838081795,2.096305351274037,127.61218222732019
NGC6015,3.61,150.0,1.4,-7.82,137.29,0.0,1.114046e+20,8731.482686000001,93.44240304058967,7.837632095981674e-11,0.6550765301797783,2.08074242370449,134.78859909725833
NGC6015,3.94,152.0,1.1,-6.39,143.65,0.0,1.215884e+20,9533.080450000001,97.63749510305968,7.840452255313831e-11,0.6551943753408628,2.0804774691547787,140.83095926629522
NGC6015,4.27,155.0,1.3,-3.64,148.22,0.0,1.3177219999999998e+20,10119.067063999999,100.5935736714826,7.679212355868688e-11,0.6484222994225929,2.095865116695733,145.6303528559287
NGC6015,4.6,152.0,1.8,4.74,149.97,0.0,1.4195599999999998e+20,10368.328014,101.82498717898275,7.303902627574745e-11,0.6323784919798345,2.133681736734935,148.73705699639552
NGC6015,4.94,150.0,2.4,8.31,149.81,0.0,1.524484e+20,10392.852706000001,101.94534175723774,6.817292084403641e-11,0.6109498380371151,2.187394137945142,150.7755453833005
NGC6015,5.3,147.0,5.5,11.17,147.82,0.0,1.63558e+20,10176.115004,100.87673172739093,6.221716457770332e-11,0.5836529847104973,2.2617106731746457,151.7083646869857
NGC6015,5.63,145.0,3.8,13.71,145.9,0.0,1.737418e+20,9979.896700000001,99.89943293132349,5.7440965271454536e-11,0.5608031804232011,2.329647247992852,152.47832266393786
NGC6015,5.96,152.0,4.1,15.93,145.72,0.0,1.839256e+20,10021.551364,100.10769882481567,5.448698475905475e-11,0.5461928250833389,2.3761466010352694,154.31356133104106
NGC6015,6.27,149.0,1.4,18.03,145.22,0.0,1.934922e+20,10025.951164,100.12967174619119,5.1815789804446885e-11,0.5326361815277025,2.421632013980818,155.81772784041823
NGC6015,8.24,149.0,4.0,27.98,136.77,0.0,2.542864e+20,9387.655534000001,96.88991451126377,3.691764692881727e-11,0.4495899651563536,2.761589150327208,161.01194884139366
NGC6015,10.3,146.0,4.0,36.61,123.8,0.0,3.17858e+20,8390.4545,91.59942412482734,2.6396864323062497e-11,0.38016818842728817,3.162019354530045,162.8827170767473
NGC6015,11.13,149.0,3.2,39.92,119.88,0.0,3.434718e+20,8204.365024,90.57794998784196,2.3886575328746053e-11,0.36164007233794804,3.2952514766139775,164.4245904967261
NGC6015,11.95,152.0,2.8,43.13,116.47,0.0,3.68777e+20,8100.216914,90.00120506971004,2.1965081645547308e-11,0.3467895595833336,3.4124345247048837,166.25720993368094
NGC6015,12.72,153.0,2.4,45.67,112.55,0.0,3.925392e+20,7912.80005,88.95392093662876,2.01579868965953e-11,0.332218017676934,3.5377055823025745,167.3115564105752
NGC6015,13.58,156.0,2.2,47.33,108.33,0.0,4.190788e+20,7638.407794,87.39798506830692,1.822666236994093e-11,0.31590258347686617,3.6918143668164727,167.9273165196542
NGC6015,14.43,158.0,2.8,48.11,104.74,0.0,4.453098e+20,7360.987196,85.7961956965459,1.65300363836592e-11,0.30084064280218753,3.849051276709174,168.32354904945322
NGC6015,15.29,158.0,3.1,48.44,101.4,0.0,4.7184939999999997e+20,7076.135200000001,84.1197669992018,1.4996596795502974e-11,0.2865470625138027,4.013674439976177,168.52686131906603
NGC6015,16.02,159.0,3.8,48.44,98.71,0.0,4.943772e+20,6828.519085999998,82.63485394190516,1.3812366520947972e-11,0.2750006056402925,4.159243512223645,168.52736782653682
NGC6015,16.88,161.0,3.6,48.11,95.6,0.0,5.209168e+20,6518.6777,80.73832856828285,1.2513855763530759e-11,0.26175511417322267,4.342152764688116,168.24117925515668
NGC6015,17.73,163.0,4.0,47.66,92.8,0.0,5.471478e+20,6232.9220000000005,78.94885686316174,1.1391660534868275e-11,0.24974288285195612,4.5249084141973865,167.93868286620565
NGC6015,18.59,162.0,4.8,47.0,90.22,0.0,5.736874e+20,5953.238264,77.15723079530524,1.0377146620267413e-11,0.23836285563086215,4.715129313785974,167.54189998486564
NGC6015,19.32,164.0,5.7,46.67,88.2,0.0,5.962152e+20,5756.5393,75.8718610553346,9.655136769408093e-12,0.22992109455632212,4.8684614263463235,167.40815252339613
NGC6015,20.18,165.0,7.0,46.56,85.97,0.0,6.227547999999999e+20,5567.620414000001,74.61648888818074,8.940309113635094e-12,0.2212462256926346,5.038273276859649,167.48490423782812
NGC6015,21.04,166.0,6.3,46.12,83.92,0.0,6.492944e+20,5366.634944,73.2573200711028,8.265333790034229e-12,0.2127305200035894,5.218497130463683,167.34924276945543
NGC6015,21.89,163.0,7.0,45.56,82.02,0.0,6.755254e+20,5170.262584,71.90453799309192,7.653690866398211e-12,0.2047081161828355,5.4020512713493956,167.1227799107812
NGC6015,22.63,159.0,8.5,45.34,80.48,0.0,6.983618e+20,5035.149584000001,70.95878792651408,7.209944163612615e-12,0.1986852164999155,5.549633317549365,167.16229805255497
NGC6015,23.48,155.0,9.1,45.12,78.82,0.0,7.245928e+20,4893.606903999999,69.95432012392087,6.753595818230599e-12,0.19229462106547043,5.716368155134066,167.2532770075666
NGC6015,24.34,154.0,8.0,44.68,77.25,0.0,7.511323999999999e+20,4741.38115,68.857687660856,6.312310785688383e-12,0.18590616403947238,5.894541054508822,167.17734847684733
NGC6015,25.19,149.0,5.4,44.57,75.79,0.0,7.773634000000001e+20,4628.781986,68.03515257570898,5.9544634928786204e-12,0.18055974040639058,6.053371648569413,167.3909724013252
NGC6015,25.93,153.0,3.1,46.56,74.58,0.0,8.001998e+20,4726.434744,68.74907085917599,5.906568264575923e-12,0.17983210050895138,6.07572041407836,169.45942304849862
NGC6015,26.78,156.0,3.0,42.58,73.28,0.0,8.264308000000001e+20,4283.237264,65.44644577056879,5.182814173915107e-12,0.16845442441907502,6.450354981199931,166.2179317086564
NGC6015,27.64,151.0,9.4,40.7,72.03,0.0,8.529704e+20,4043.1176140000002,63.58551418365664,4.740044454063118e-12,0.16109824548451226,6.720811297374657,164.8424415518821
NGC6015,28.37,158.0,7.7,39.26,71.03,0.0,8.754982e+20,3862.167614,62.146340310592706,4.411394122797739e-12,0.15541306779725164,6.9474112305386795,163.8049652963132
NGC6015,29.23,152.0,3.4,38.26,69.88,0.0,9.020378e+20,3710.106223999999,60.910641303470115,4.113027440756917e-12,0.15006534351412404,7.1762645292304095,163.17078076349384
UGC02259,1.02,56.1,3.4,4.05,24.58,0.0,3.14772e+19,294.32364399999994,17.155863254292974,9.350375636968977e-12,0.22626330805504133,4.93846874653223,38.12490153770207
UGC02259,2.04,71.1,3.0,7.98,36.06,0.0,6.29544e+19,661.8292560000001,25.7260423695523,1.0512835576226603e-11,0.23991618073698767,4.6880962320239306,55.70205778332432
UGC02259,3.05,80.7,1.5,14.47,40.35,0.0,9.4123e+19,958.3172500000001,30.956699597986862,1.0181541706065467e-11,0.23610564763526676,4.755049336620768,67.50441321783887
UGC02259,4.07,82.8,1.5,19.07,42.21,0.0,1.2560020000000002e+20,1183.2395860000001,34.39824975198593,9.420682339677803e-12,0.227112366765998,4.92201655193863,76.31464359610816
UGC02259,5.09,83.7,1.5,21.9,39.32,0.0,1.570774e+20,1190.798704,34.50795131560261,7.58096775220369e-12,0.20373325686475807,5.425344843638347,80.37719582417407
UGC02259,6.11,86.0,1.5,24.6,37.93,0.0,1.885546e+20,1266.955054,35.59431210179514,6.719300690622239e-12,0.19180575837521435,5.72958183186836,85.20048508777515
UGC02259,7.13,88.3,2.3,26.68,36.09,0.0,2.200318e+20,1310.966926,36.20727725195586,5.958079359438045e-12,0.18061455481933755,6.051695389410684,89.07060402705315
UGC02259,8.14,90.0,3.0,25.72,33.53,0.0,2.5120040000000003e+20,1178.678414,34.33188625753033,4.6921836669049876e-12,0.16028286804222727,6.7523211574252,89.21219195072261
NGC7814,0.63,265.0,15.0,-0.69,39.69,345.22,1.94418e+19,55546.46257000001,235.68297047092736,2.8570637785595997e-09,3.9551191453501287,1.0195305202035279,237.9733469938554
NGC7814,1.72,250.0,15.0,-2.33,81.63,298.99,5.30792e+19,44192.32832000001,210.21971439424993,8.325733680989919e-10,2.1350638170538767,1.1340916443261642,223.87083394455502
NGC7814,2.79,233.0,7.29,-3.94,104.82,255.24,8.60994e+19,35037.481,187.18301472088754,4.0694222027098913e-10,1.4926774720024203,1.2899398158477409,212.59407750195848
NGC7814,3.91,230.0,6.45,-5.06,118.95,225.3,1.206626e+20,29883.832150000006,172.86940779096804,2.4766441424268996e-10,1.1644783213902041,1.4536688718440172,208.42551803430035
NGC7814,5.03,228.0,5.37,-3.48,122.96,203.41,1.552258e+20,25999.713662000002,161.24426706708056,1.674960841689977e-10,0.9576392378913434,1.6228441218558864,205.4105218490837
NGC7814,6.14,228.0,5.16,1.4,120.03,186.27,1.894804e+20,22589.668348000003,150.29859729219032,1.192190239623729e-10,0.8079274877789405,1.8043408704800656,201.88972695728305
NGC7814,7.26,227.0,5.94,-1.38,115.88,172.25,2.240436e+20,19827.093374,140.80871199609774,8.849658447730708e-11,0.6960859339932421,1.9941482924333702,198.84205892033782
NGC7814,8.37,226.0,3.0,5.96,113.5,160.83,2.5829819999999997e+20,17859.849494000002,133.6407478802779,6.914430489256217e-11,0.615287101254727,2.176210833105504,197.14664071821426
NGC7814,9.5,223.0,3.92,11.22,109.97,151.12,2.9317e+20,16193.989838000001,127.25560827719933,5.52375408056759e-11,0.5499418507850192,2.3639732027173306,195.65826847365477
NGC7814,10.65,219.0,2.9,16.09,105.99,142.79,3.28659e+20,14805.405632,121.67746558833316,4.50479239333169e-11,0.4966346235701312,2.554769808309303,194.48496936371745
NGC7814,11.74,216.0,2.55,18.57,102.02,136.04,3.622964e+20,13645.72742,116.8149280700031,3.766454047017856e-11,0.4541150965657354,2.7397984001909994,193.3559984969653
NGC7814,12.82,214.0,2.55,19.07,97.84,130.19,3.956252e+20,12563.831682,112.08849932977067,3.1756904469179414e-11,0.4169833216035145,2.9328257792295482,191.95710313210745
NGC7814,14.01,214.0,3.07,17.78,93.27,124.54,4.3234859999999997e+20,11452.50047,107.01635608634786,2.6489042568890012e-11,0.3808313864632798,3.1574934929273617,190.16097315635656
NGC7814,15.09,214.0,3.61,20.16,89.43,120.01,4.6567739999999997e+20,10710.483100000001,103.49146389920283,2.299979148655272e-11,0.3548636805366231,3.347493602972147,189.34960697606766
NGC7814,16.18,214.0,4.46,23.24,85.93,115.89,4.993148e+20,10114.74782,100.57210259311476,2.025725618387438e-11,0.33303502742646685,3.530388909654167,188.96823417621457
NGC7814,17.36,214.0,5.07,23.44,82.48,111.88,5.357296e+20,9436.672608,97.14253758266767,1.7614618658367956e-11,0.31055335539536855,3.7458965342017057,188.01276344095197
NGC7814,18.44,214.0,4.78,23.34,79.67,108.55,5.6905840000000007e+20,8884.744844,94.2589244793298,1.5613063341126324e-11,0.29237730861465017,3.9445681968037847,187.2070563530093
NGC7814,19.53,214.0,4.87,22.64,77.35,105.49,6.026958e+20,8383.704396,91.56257093376091,1.3910341495659997e-11,0.2759742102423112,4.14649570340511,186.44836887629916
F579-V1,0.42,35.7,9.1,-1.7,15.39,0.0,1.29612e+19,111.84196600000001,10.575536203900018,8.628982347313519e-12,0.21735988392368502,5.118764029139196,23.926818269653175
F579-V1,1.47,83.3,9.3,-4.3,40.7,0.0,4.53642e+19,780.4754000000001,27.936989816370698,1.720465477182448e-11,0.3069181589845923,3.7837340191774818,54.3425369495311
F579-V1,2.11,94.2,10.4,-3.8,48.7,0.0,6.51146e+19,1105.4174,33.2478179735152,1.6976490679509666e-11,0.3048762282041931,3.80538666738836,64.85784945447317
F579-V1,2.84,97.6,9.1,-0.8,53.6,0.0,8.76424e+19,1322.2016,36.36209014894496,1.5086323514645882e-11,0.2874030095249435,4.0033520290949705,72.75464561272096
F579-V1,3.9,101.0,9.1,5.9,57.61,0.0,1.20354e+20,1561.509566,39.515940656904526,1.2974305515396247e-11,0.2665272776680005,4.274145537621079,81.69528225957438
F579-V1,4.74,105.0,16.7,10.47,63.1,0.0,1.462764e+20,1941.1615000000002,44.0586143676807,1.3270503649255792e-11,0.26955246399470717,4.23228848667984,90.63970138540931
F579-V1,5.69,106.0,9.1,13.24,67.96,0.0,1.755934e+20,2299.8359359999995,47.95660471718155,1.309750785621783e-11,0.2677897421184202,4.256562171982145,98.94136974462576
F579-V1,6.32,108.0,11.5,14.88,69.85,0.0,1.950352e+20,2465.76475,49.65646735320586,1.2642665272730251e-11,0.2630988338089604,4.322752681285651,103.24190614514119
F579-V1,7.37,110.0,23.0,17.96,72.36,0.0,2.274382e+20,2731.1076160000002,52.26000015308075,1.200813063065044e-11,0.2564113853370355,4.421327066931367,109.8868510119532
F579-V1,8.21,112.0,19.7,20.83,72.55,0.0,2.5336060000000003e+20,2855.10005,53.43313625457521,1.1268918884783188e-11,0.24839378748642904,4.546543810433502,113.9334782252165
F579-V1,9.16,113.0,9.1,23.19,73.73,0.0,2.826776e+20,3038.3880340000005,55.121575031923754,1.0748598523547676e-11,0.24259146882355348,4.642352654557127,118.76560425988038
F579-V1,10.85,114.0,9.1,26.37,73.37,0.0,3.3483099999999997e+20,3171.629074000001,56.317218272922545,9.472328052062089e-12,0.22773404935079483,4.910048350152436,124.7912340755119
F579-V1,12.21,114.0,9.1,28.32,69.96,0.0,3.768006e+20,3053.447136,55.25800517572092,8.103615376408634e-12,0.2106391109834277,5.264996713879262,126.79270143444394
F579-V1,15.16,114.0,11.2,33.04,63.57,0.0,4.678376e+20,2950.568254,54.31913340619491,6.306821542347172e-12,0.18582531360610394,5.896874694097208,131.90576662989065
NGC5585,0.09,11.2,2.02,0.32,12.72,0.0,2.7774e+18,74.52966400000001,8.633056469177067,2.683432850867718e-11,0.38330542794418043,3.1407497447336303,15.299641276287598
NGC5585,0.26,26.5,1.03,0.96,26.94,0.0,8.0236e+18,334.7728560000001,18.296799064317238,4.1723522608305524e-11,0.47795838725184925,2.6319113878799167,29.683202186750066
NGC5585,0.43,33.7,1.03,1.6,35.34,0.0,1.32698e+19,577.061176,24.02209766027938,4.3486802815415453e-11,0.48795339363851764,2.589878382885946,38.658999797267676
NGC5585,0.6,32.7,1.12,2.25,40.03,0.0,1.8516e+19,742.166914,27.242740574325484,4.0082464571181686e-11,0.46846463596141763,2.6735295195477082,44.54441775363806
NGC5585,0.77,33.7,1.03,2.89,43.26,0.0,2.37622e+19,869.2087959999999,29.482347192854235,3.657947479610474e-11,0.44752606632438413,2.7716766571935225,49.083253051325826
NGC5585,0.94,35.7,2.24,3.55,45.85,0.0,2.90084e+19,979.6248500000002,31.298959247872766,3.37703854745522e-11,0.42999916495296253,2.8613092334647034,52.94345690107963
NGC5585,1.11,37.8,3.35,4.2,48.05,0.0,3.4254600000000004e+19,1079.6891500000002,32.858623677810975,3.151953752196785e-11,0.41542202797222394,2.941709936126307,56.357184994308994
NGC5585,1.28,41.8,3.35,4.86,48.94,0.0,3.95008e+19,1125.376456,33.54663106781365,2.8489966177900196e-11,0.39495313917911096,3.064773458571605,58.728390862087956
NGC5585,1.46,43.9,2.14,5.23,50.17,0.0,4.50556e+19,1185.1861940000003,34.42653328466287,2.630496972629374e-11,0.37950587755812204,3.1665551382861694,61.26138614524266
NGC5585,1.63,44.9,1.25,5.36,51.3,0.0,5.03018e+19,1239.3069999999998,35.203792409341354,2.4637428481684548e-11,0.36728000994678633,3.2532563647951926,63.49632576523806
NGC5585,2.05,53.2,1.6,5.65,53.95,0.0,6.326299999999999e+19,1370.7996500000002,37.02431160737496,2.1668268182033744e-11,0.3444385119069008,3.431922425376211,68.58919783415506
NGC5585,2.74,64.3,0.9,9.45,56.61,0.0,8.45564e+19,1563.460866,39.54062298447003,1.8490154098329635e-11,0.3181777955213643,3.669367063195483,75.7424042811917
NGC5585,3.42,73.1,2.4,11.66,56.83,0.0,1.055412e+20,1621.5940939999998,40.26902151778709,1.5364559944362954e-11,0.2900411819775369,3.971922531097994,80.25488220821234
NGC5585,4.11,76.2,4.4,15.23,58.16,0.0,1.2683460000000002e+20,1787.9422759999998,42.284066455344615,1.4096644574903054e-11,0.27781614334478166,4.122624469771379,85.85461302443994
NGC5585,4.79,78.4,3.8,19.76,56.9,0.0,1.478194e+20,1879.7581999999998,43.35617833711822,1.2716586591475811e-11,0.263866878610773,4.31175321282443,90.02807039020144
NGC5585,5.48,83.1,3.1,23.04,53.88,0.0,1.691128e+20,1866.2466240000003,43.20007666659864,1.1035513716288773e-11,0.24580792497946657,4.588680480351418,92.53977228776033
NGC5585,6.16,88.0,3.0,26.02,50.76,0.0,1.900976e+20,1862.2660959999998,43.15398123000936,9.796368265564634e-12,0.23159658680210932,4.83713541070414,94.91065944937563
NGC5585,6.85,89.9,2.4,27.47,47.3,0.0,2.11391e+20,1783.7542999999998,42.23451550568563,8.438175229787456e-12,0.2149432806327788,5.170288305271544,96.0339731385088
NGC5585,7.53,90.6,2.8,29.11,43.89,0.0,2.323758e+20,1733.504866,41.63537997905147,7.459919948634929e-12,0.20210017370385433,5.46487149665564,97.33129677301775
NGC5585,8.21,91.6,2.6,31.03,41.41,0.0,2.5336060000000003e+20,1751.663426,41.85287834785082,6.913716757854219e-12,0.19456082309114445,5.655984069724896,99.53582487213201
NGC5585,8.9,92.3,1.4,32.1,39.37,0.0,2.74654e+20,1743.408574,41.75414439310187,6.347654044725364e-12,0.18642589115132388,5.8795882928003245,101.24487464192006
NGC5585,9.57,90.9,1.0,32.38,37.7,0.0,2.953302e+20,1702.2578000000003,41.25842701800446,5.763913748069111e-12,0.17764718902940452,6.14393109875124,102.26707503156562
NGC5585,10.31,89.6,2.7,32.77,36.11,0.0,3.1816660000000003e+20,1673.6816660000004,40.91065467576876,5.260393975986167e-12,0.16971051020600178,6.4065227341923,103.54940677294992
NGC5585,10.96,89.4,2.7,32.48,34.88,0.0,3.382256e+20,1614.5930239999998,40.181998755661716,4.7737161941615304e-12,0.1616694277773531,6.698927955735977,104.00020358446365
UGC00128,1.25,34.1,18.8,1.71,29.4,0.0,3.8575e+19,400.5297,20.013238118805262,1.0383141931302655e-11,0.23843170177729386,4.713923664017817,43.45188639140948
UGC00128,3.75,78.4,6.54,4.27,49.15,0.0,1.15725e+20,1129.46525,33.60751776016789,9.759907107366602e-12,0.23116519470763616,4.845157377771655,73.9759210079483
UGC00128,6.25,96.9,2.44,7.23,50.52,0.0,1.92875e+20,1226.3172840000002,35.018813286574975,6.358093500972131e-12,0.18657912771680257,5.875195561458253,84.88141059087283
UGC00128,8.76,108.0,1.26,11.57,51.47,0.0,2.703336e+20,1352.478914,36.776064416954675,5.002999678915235e-12,0.1655064184700604,6.555847656434983,94.16286804640474
UGC00128,11.25,113.0,1.0,13.37,53.63,0.0,3.47175e+20,1501.7982740000002,38.75304212574802,4.325767333477354e-12,0.1538973641386401,7.010656805849707,102.60892890305135
UGC00128,13.74,114.0,0.86,16.66,57.25,0.0,4.240164e+20,1785.2343500000002,42.252033678865686,4.210295521588316e-12,0.1518294061173281,7.098986994775222,112.57599847781053
UGC00128,16.22,121.0,0.68,23.15,57.75,0.0,5.0054919999999993e+20,2070.05125,45.49781588164425,4.135560000895017e-12,0.15047583651636545,7.158120175769992,121.72787526899043
UGC00128,18.71,126.0,0.55,30.33,55.23,0.0,5.7739060000000003e+20,2323.071234,48.198249283558006,4.023396352486513e-12,0.14842122514154585,7.249944718150714,129.77726311964727
UGC00128,21.3,128.0,0.63,35.52,52.6,0.0,6.57318e+20,2534.38,50.342626073735964,3.855637606151056e-12,0.14529400895171884,7.394699818235375,136.8976965669597
UGC00128,23.79,129.0,0.61,39.51,50.52,0.0,7.341594e+20,2735.084484,52.298035182977955,3.725464094037344e-12,0.14282025173673948,7.5137057753340235,143.35487464142014
UGC00128,26.28,129.0,0.65,42.0,47.75,0.0,8.110008e+20,2812.82875,53.03610798314673,3.468342756258687e-12,0.1378036142145007,7.768183722348491,147.8193847555315
UGC00128,28.77,131.0,0.73,44.9,45.88,0.0,8.878422e+20,2984.2982239999997,54.628730755894374,3.3612935091393487e-12,0.13566031515277485,7.882654036232553,153.37597739129566
UGC00128,31.25,131.0,0.83,45.1,43.92,0.0,9.64375e+20,2921.3345440000003,54.04937135619618,3.0292516334413482e-12,0.12878559197615846,8.27557292534823,155.4854239413165
UGC00128,33.74,131.0,0.75,43.0,42.1,0.0,1.0412164000000001e+21,2664.3086000000003,51.61694101746054,2.558842330950608e-12,0.11836447238045893,8.958342437551623,154.49203474002715
UGC00128,36.23,127.0,1.24,42.3,40.43,0.0,1.1180578e+21,2541.1990539999997,50.41030702148123,2.272869125370799e-12,0.11155442906486482,9.473528222245713,155.15837378760165
UGC00128,38.82,126.0,1.4,42.4,38.83,0.0,1.1979852e+21,2491.333694,49.913261704681254,2.0796030652131596e-12,0.1067062426260974,9.880413434136903,156.89297912626785
UGC00128,41.31,130.0,1.62,41.7,37.43,0.0,1.2748266e+21,2383.3522540000004,48.81958883481097,1.869550144309822e-12,0.10117382335462381,10.392409253717778,157.38097731091494
UGC00128,43.8,132.0,2.01,40.21,36.18,0.0,1.351668e+21,2218.9806040000003,47.10605697784522,1.6416609729608163e-12,0.094807204295243,11.055621053115221,156.6276114931104
UGC00128,46.28,134.0,2.1,38.81,35.02,0.0,1.4282008e+21,2070.3602840000003,45.501211895948444,1.449628290363652e-12,0.0890897891699156,11.73205406280285,155.85114302233353
UGC00128,48.77,129.0,2.66,37.11,33.97,0.0,1.5050422000000002e+21,1907.974114,43.68036302504822,1.267721339640842e-12,0.08331275646504904,12.509905727540051,154.4945833896022
UGC00128,51.26,132.0,4.67,35.72,33.04,0.0,1.5818836e+21,1778.0735359999999,42.16720925079107,1.1240229913250255e-12,0.07844896180801023,13.253678030224414,153.51226061851423
UGC00128,53.75,125.0,5.95,34.72,32.1,0.0,1.658725e+21,1679.467,40.98130061381654,1.012504785301964e-12,0.0744557333303643,13.937003222239007,152.99260436584535
NGC4051,1.74,121.0,14.8,0.0,169.0,0.0,5.36964e+19,13138.060000000001,114.62137671481703,2.4467301346086517e-10,1.157424413470262,1.4583522999254792,138.41936287080267
NGC4051,3.5,116.0,7.8,0.0,138.74,0.0,1.0801e+20,8854.442296000001,94.09804618587998,8.197798626053145e-11,0.6699590008089534,2.0480453324301973,134.66365216937837
NGC4051,5.24,140.0,7.0,9.08,151.11,0.0,1.617064e+20,10586.193166000003,102.88922764799045,6.546551754290495e-11,0.5986953788992293,2.2198942663968753,153.29784575189956
NGC4051,6.98,160.0,6.6,18.43,181.17,0.0,2.154028e+20,15438.046594,124.24993599193522,7.167059385486168e-11,0.6264264756609599,2.1482204919193255,182.11075764060766
NGC4051,8.72,161.0,5.2,29.1,195.63,0.0,2.6909920000000003e+20,18451.514574,135.8363521815865,6.85677050470607e-11,0.6127162664535247,2.1828198308745645,200.68964079343567
NGC4051,10.47,154.0,7.4,34.92,181.53,0.0,3.2310420000000003e+20,16377.851214,127.9759790507578,5.068906938999864e-11,0.5268133382509848,2.441904923138778,199.98288804270481
NGC4051,12.19,153.0,9.8,38.79,169.17,0.0,3.761834e+20,14669.168994,121.11634486723912,3.89947270241058e-11,0.4620644384115646,2.702569353629121,199.10913230284274
DDO161,0.6,16.0,3.53,6.82,12.59,0.0,1.8516e+19,119.42612600000001,10.928226114058951,6.449887988766472e-12,0.18792116212608467,5.837031346639074,26.402538534574052
DDO161,0.73,16.6,4.83,8.12,14.22,0.0,2.25278e+19,158.950264,12.607547897985556,7.0557384209731974e-12,0.19654900023322866,5.6041583544214975,29.84597878999955
DDO161,0.85,18.6,2.5,9.3,15.27,0.0,2.6231e+19,193.749534,13.919394167850841,7.386280889024438e-12,0.2011002047671913,5.489392425123896,32.612378390894534
DDO161,0.98,20.0,7.58,10.41,17.04,0.0,3.02428e+19,241.93443599999998,15.554241736581053,7.999736664594547e-12,0.20928468500186223,5.295608168231586,35.7937141891995
DDO161,1.07,21.4,4.03,11.27,18.03,0.0,3.30202e+19,276.550114,16.6297959698849,8.375179859601096e-12,0.21413944582663424,5.187685574938092,37.87684037964736
DDO161,1.54,28.9,2.74,15.22,22.44,0.0,4.75244e+19,463.28305600000004,21.524011150340915,9.748319936706198e-12,0.231027931821178,4.847716165371653,47.39055559617318
DDO161,2.02,32.9,2.65,18.74,24.92,0.0,6.23372e+19,636.8505439999999,25.23589792339476,1.0216219913631026e-11,0.23650739232780493,4.747888247989169,54.98813702593596
DDO161,2.49,35.2,2.88,21.52,25.85,0.0,7.68414e+19,770.49275,27.757751169718343,1.0027052474317232e-11,0.23430753066334933,4.787403047053447,60.73433410421645
DDO161,2.96,37.6,3.05,23.28,26.01,0.0,9.13456e+19,853.1576460000001,29.20886245645318,9.339887701213852e-12,0.22613637728036218,4.94093894236213,64.9261105957796
DDO161,3.43,40.6,3.68,24.59,25.36,0.0,1.058498e+20,900.507716,30.008460740264567,8.507410651697027e-12,0.21582328648490604,5.1513916416375904,68.10923521397488
DDO161,3.9,42.7,3.25,25.62,25.01,0.0,1.20354e+20,944.114446,30.726445385042506,7.844479169782475e-12,0.20724385411938706,5.342491531126508,71.0205845665128
DDO161,4.37,45.5,2.99,26.35,24.48,0.0,1.348582e+20,969.9868840000001,31.14461243939311,7.192642968688593e-12,0.19844668786254296,5.555663141394234,73.40926630252237
DDO161,4.86,48.9,1.96,27.08,23.7,0.0,1.499796e+20,991.7037999999999,31.491328965288204,6.612257933745655e-12,0.19027183054245198,5.7714851471811555,75.65450252366419
DDO161,5.34,51.5,1.53,27.81,22.69,0.0,1.647924e+20,1010.220706,31.783969324173466,6.130262718426334e-12,0.18320576967838745,5.9736019932044435,77.68305106609807
DDO161,5.81,53.0,1.86,28.4,21.59,0.0,1.792966e+20,1020.978926,31.95276085098125,5.694357427859759e-12,0.17657205240602214,6.178117109022496,79.42120227415354
DDO161,6.28,55.0,1.48,28.98,20.86,0.0,1.938008e+20,1040.0046160000002,32.24910256115665,5.3663587353612585e-12,0.17141130208068767,6.348198315161906,81.2536494629737
DDO161,6.75,57.6,0.99,29.57,20.11,0.0,2.08305e+20,1060.414466,32.56400568111976,5.090681769520655e-12,0.166950443765408,6.503707467563139,83.04592392908984
DDO161,7.22,59.7,1.19,30.3,19.38,0.0,2.228092e+20,1090.858824,33.02815199189927,4.895932591652408e-12,0.16372587423306106,6.62140783575849,84.98835899662899
DDO161,7.69,60.5,1.26,31.18,18.7,0.0,2.373134e+20,1133.0498,33.66080510029432,4.774487239237228e-12,0.16168248357895568,6.698429568548563,87.11862190690367
DDO161,8.16,61.8,1.33,32.06,18.06,0.0,2.518176e+20,1177.8788560000003,34.320239742752385,4.677508069332724e-12,0.1600320158611754,6.762079943106594,89.246349995767
DDO161,8.64,62.9,1.35,32.64,17.47,0.0,2.6663040000000003e+20,1205.762014,34.724084062794226,4.522222574770167e-12,0.15735319663280617,6.868237227977826,91.00252497945495
DDO161,9.11,63.0,2.09,33.23,16.94,0.0,2.8113459999999997e+20,1236.2361559999997,35.16015011344519,4.397310597841745e-12,0.15516478874106188,6.9576863484792755,92.74342794019259
DDO161,9.58,64.5,2.38,33.38,16.44,0.0,2.956388e+20,1238.550256,35.19304272153801,4.189403610080948e-12,0.151452241230933,7.115357708043384,93.87613174193271
DDO161,10.05,65.6,1.08,33.38,15.98,0.0,3.10143e+20,1231.690184,35.095443920828245,3.971362190989317e-12,0.14745834375885342,7.2938599815022895,94.78278188936424
DDO161,10.52,67.5,3.22,32.79,15.57,0.0,3.246472e+20,1186.699554,34.44850583116777,3.6553512674681935e-12,0.1414699376151448,7.580424808046304,94.84559419835529
DDO161,10.99,66.8,2.37,32.06,15.18,0.0,3.3915140000000003e+20,1133.8425040000002,33.67257792328945,3.343175065767088e-12,0.13529419494085035,7.9025712033287885,94.65870863909252
DDO161,11.46,66.8,0.95,31.18,14.81,0.0,3.536556e+20,1073.087006,32.75800674644292,3.0342712118795803e-12,0.12889224897977397,8.269156478118521,94.19938623605628
DDO161,11.94,66.6,0.96,30.3,14.47,0.0,3.684684e+20,1014.405214,31.849728633066874,2.7530317769447802e-12,0.12277366355838792,8.655297886377225,93.70154376884213
DDO161,12.41,66.8,0.99,29.42,14.16,0.0,3.829726e+20,957.7689760000001,30.947842832740378,2.500881201422765e-12,0.11701623868728427,9.055571582078239,93.12972415540473
DDO161,12.9,66.3,0.74,28.69,13.86,0.0,3.98094e+20,911.4819160000001,30.190758784767237,2.289614804543651e-12,0.1119646212945168,9.440721124744577,92.76339029597756
DDO161,13.37,66.1,1.31,27.81,13.59,0.0,4.1259819999999997e+20,858.3526259999999,29.29765563999959,2.080359599242071e-12,0.10672565007083182,9.878710893037074,92.08375229394801
NGC5371,1.45,216.0,10.0,0.0,240.9,0.0,4.4747e+19,26695.092600000004,163.38632929348773,5.965783762039916e-10,1.8073129358750546,1.1963074448665316,178.70517065485672
NGC5371,2.88,215.0,7.0,0.0,232.56,0.0,8.88768e+19,24878.710656,157.72986608756122,2.7992356448476983e-10,1.237996261137788,1.4083805820774158,187.18625215285678
NGC5371,4.33,215.0,5.0,0.0,235.54,0.0,1.336238e+20,25520.382136,159.75100042253257,1.9098680127342588e-10,1.0225893862248592,1.561676285156066,199.63610788109375
NGC5371,5.78,214.0,4.0,0.0,243.76,0.0,1.783708e+20,27332.711296,165.32607566866153,1.532353462338006e-10,0.915965424072565,1.6670282570092085,213.45819747928817
NGC5371,7.22,215.0,4.0,0.0,245.32,0.0,2.228092e+20,27683.675104,166.3841191460291,1.2424834838058754e-10,0.8247929031077135,1.7803914207696676,222.008508058895
NGC5371,8.66,221.0,3.0,0.0,253.0,0.0,2.672476e+20,29444.140000000003,171.5929485730693,1.1017550765657018e-10,0.7766800204226619,1.8516133333147593,233.4933879406148
NGC5371,11.55,233.0,3.0,11.24,281.58,0.0,3.5643300000000003e+20,36598.493943999994,191.3073285161862,1.0267986955192137e-10,0.7497945119942462,1.8956038934730306,263.39371217911696
NGC5371,14.48,237.0,3.0,27.45,299.81,0.0,4.468528e+20,42101.079106000005,205.18547489040253,9.42168855291944e-11,0.7182307174361248,1.951654476167621,286.6474480763993
NGC5371,17.28,242.0,3.0,40.74,295.15,0.0,5.3326080000000007e+20,41731.96795,204.28403743317782,7.825808300553873e-11,0.6545822218101711,2.081854867186984,294.7539662057132
NGC5371,20.2,241.0,3.0,51.22,293.48,0.0,6.23372e+20,42243.52318400001,205.53229231437092,6.776615437331163e-11,0.609124437881405,2.1921498951195204,304.30927510886795
NGC5371,23.12,240.0,3.0,57.81,284.89,0.0,7.134832e+20,40676.65966600001,201.68455485237337,5.701137695463608e-11,0.5587021831464739,2.3361804278638925,308.2661450477328
NGC5371,26.04,234.0,3.0,56.95,267.33,0.0,8.035944e+20,36117.353793999995,190.04566239196305,4.4944755456235125e-11,0.49606560281811046,2.5570326493368802,303.8967799416592
NGC5371,28.84,226.0,3.0,55.22,249.73,0.0,8.900024e+20,31737.181933999997,178.14932482049994,3.565965882114475e-11,0.4418635679429482,2.799844700060954,298.0925705762895
NGC5371,31.76,213.0,3.0,52.84,235.27,0.0,9.801136e+20,28253.973134000007,168.08918208498727,2.882724322364265e-11,0.3972840773370961,3.0501108001314,293.56046839217953
NGC5371,34.68,207.0,3.0,50.68,223.76,0.0,1.0702248e+21,25599.989696,159.99996779999677,2.392019853772777e-11,0.36189450863915146,3.2933284329572428,290.36042076916965
NGC5371,37.48,208.0,4.0,48.19,210.28,0.0,1.1566327999999999e+21,22662.408164,150.54038715241833,1.959343377085623e-11,0.32753286179688607,3.5803744874799293,284.85067669788407
NGC5371,40.4,209.0,4.0,45.17,200.01,0.0,1.246744e+21,20442.168946,142.97611320077212,1.639644461573507e-11,0.2996225158928793,3.862464149447722,280.9931399356193
NGC5371,43.32,207.0,4.0,42.57,191.48,0.0,1.3368552000000001e+21,18677.916483999998,136.66717412751314,1.3971532955850412e-11,0.27658054812092686,4.138602307598503,278.0296175982237
NGC5371,46.24,213.0,6.0,40.95,184.17,0.0,1.4269664e+21,17279.453393999996,131.45133469843506,1.2109222329271383e-11,0.25748843625071594,4.405103249103178,275.8945020993284
NGC6503,0.76,77.0,10.0,4.04,70.72,0.0,2.34536e+19,2316.928064,48.13447895220224,9.878773680799539e-11,0.7354465605063466,1.9204598480984678,66.70507715192687
NGC6503,1.52,100.0,5.0,7.62,123.17,0.0,4.69072e+19,7036.654894000001,83.88477152618347,1.5001225598628784e-10,0.906281206980277,1.6779196772102372,108.65975201692812
NGC6503,2.28,110.0,2.0,9.72,142.64,0.0,7.036079999999999e+19,9453.716416,97.23022377841161,1.3436055894759584e-10,0.8577001857832204,1.736522318486534,128.1272396839428
NGC6503,3.04,118.0,2.0,12.42,134.42,0.0,9.38144e+19,8465.875144,92.01019043562512,9.024067887232664e-11,0.7029117127725601,1.9807529954949732,129.49443057894203
NGC6503,3.79,121.0,2.0,13.35,121.97,0.0,1.169594e+20,7021.495714,83.79436564590723,6.00336160582219e-11,0.5733196867533024,2.2917445023817864,126.85217460121356
NGC6503,4.55,121.0,2.0,14.78,111.53,0.0,1.40413e+20,5940.3612140000005,77.07373880901328,4.2306347802553887e-11,0.481285049327544,2.6177238538727146,124.70054230238165
NGC6503,5.31,117.0,2.0,17.55,103.23,0.0,1.638666e+20,5209.961634,72.18006396505893,3.1793920384019674e-11,0.41722626914873173,2.9314494102561244,123.58292341357819
NGC6503,6.07,116.0,2.0,19.2,96.65,0.0,1.873202e+20,4665.602350000001,68.3052146618397,2.490709677867096e-11,0.36928456630290646,3.238642781667462,122.92363228020172
NGC6503,6.83,116.0,2.0,20.33,91.96,0.0,2.107738e+20,4303.364035999999,65.6000307621879,2.0416977992520888e-11,0.3343453854416783,3.518729444987204,123.05435281196748
NGC6503,7.59,116.0,2.0,21.66,87.62,0.0,2.342274e+20,4000.6972240000005,63.25106500289146,1.708039804053668e-11,0.3058078270474182,3.7954718398484366,123.22553977748207
NGC6503,8.35,115.0,1.0,22.79,83.25,0.0,2.57681e+20,3707.4428500000004,60.88877441696458,1.4387722998591283e-11,0.28066976898265644,4.086264482703445,123.08367901394497
NGC6503,9.11,115.0,1.0,23.92,79.58,0.0,2.8113459999999997e+20,3485.335544,59.03673046502491,1.2397390943697433e-11,0.26053420650970627,4.359954248036015,123.27166548276095
NGC6503,9.86,116.0,1.0,24.84,76.81,0.0,3.042796e+20,3330.922606,57.71414563172533,1.0946913976487416e-11,0.24481918952605372,4.605028378726767,123.850688847388
NGC6503,10.64,117.0,1.0,25.46,74.18,0.0,3.283504e+20,3179.440904000001,56.38653122865425,9.68307303417325e-12,0.2302534822399097,4.862210494340503,124.33467307860772
NGC6503,11.38,117.0,1.0,26.38,71.5,0.0,3.511868e+20,3047.5394,55.20452336539099,8.677830146235563e-12,0.21797424188823358,5.105848181833829,124.7408253321941
NGC6503,12.12,118.0,1.0,27.2,69.18,0.0,3.740232e+20,2941.3413040000005,54.234134122340336,7.864061117064398e-12,0.20750236132416322,5.336501733440089,125.2855656787123
NGC6503,12.86,117.0,1.0,28.13,67.04,0.0,3.968596e+20,2858.7032360000003,53.46684239788245,7.2033112869135595e-12,0.19859380401830168,5.55194243859569,125.98156934765986
NGC6503,13.7,116.0,1.0,28.74,64.84,0.0,4.22782e+20,2759.9313760000005,52.535049024437015,6.528024788188713e-12,0.18905601553308926,5.805182906352953,126.57766962091847
NGC6503,14.44,115.0,1.0,28.64,63.05,0.0,4.456184e+20,2648.88875,51.46735615902569,5.944298417659594e-12,0.1804055546149439,6.058092224152967,126.67759209513444
NGC6503,15.18,117.0,1.0,28.33,61.39,0.0,4.684548e+20,2536.205666,50.360755216735974,5.413981596516888e-12,0.17217020271010292,6.322546408033638,126.6304782570249
NGC6503,15.91,116.0,1.0,28.13,59.88,0.0,4.9098260000000003e+20,2440.679524,49.40323394272889,4.9710102231728775e-12,0.16497644135406525,6.575213319950568,126.680655650085
NGC6503,16.65,115.0,2.0,28.33,58.45,0.0,5.1381899999999997e+20,2374.13405,48.7250864545154,4.620564926559741e-12,0.15905493254299924,6.800385040379399,127.06307755392736
NGC6503,17.49,115.0,2.0,28.23,56.93,0.0,5.3974139999999997e+20,2287.804354,47.83099783613133,4.238704598164974e-12,0.15234078133625328,7.076920636156083,127.24232725123483
NGC6503,18.23,115.0,2.0,27.82,55.71,0.0,5.6257780000000003e+20,2201.610286,46.9213201647183,3.9134325705706846e-12,0.14637891739278433,7.343778777305116,127.15399676857761
NGC6503,18.97,114.0,2.0,27.2,54.55,0.0,5.8541419999999997e+20,2108.66315,45.92018238204199,3.602002052563809e-12,0.14043377853265915,7.632492916113287,126.86353516611513
NGC6503,19.71,115.0,2.0,26.9,53.46,0.0,6.082506e+20,2038.2769360000002,45.147280493956664,3.351047966085031e-12,0.135453404574981,7.89389684985674,126.84615833451973
NGC6503,20.45,114.0,2.0,26.69,52.44,0.0,6.31087e+20,1977.3347560000002,44.46723238520698,3.133220548038543e-12,0.13097701431014172,8.145839067441658,126.91355603258077
NGC6503,21.29,116.0,2.0,26.49,51.35,0.0,6.570094e+20,1914.65845,43.75681032707937,2.914202521303348e-12,0.12631632093788026,8.427156919890445,127.02412056827716
NGC6503,22.03,115.0,3.0,26.18,50.44,0.0,6.798458000000001e+20,1855.7214559999998,43.07808556563302,2.729621122907576e-12,0.12225054061718718,8.690107935106052,126.98984112964374
NGC6503,22.76,118.0,4.0,25.87,49.61,0.0,7.023736e+20,1801.386866,42.44274809670081,2.5647132323880054e-12,0.11850017984634914,8.948678462532532,126.96468741529345
NGC6503,23.5,115.0,10.0,25.46,48.79,0.0,7.2521e+20,1743.2250860000001,41.75194709232134,2.403752135243585e-12,0.1147214017097303,9.226327386036388,126.8209972795808
NGC4559,0.67,43.8,10.9,-1.86,59.04,0.0,2.06762e+19,1606.8915359999999,40.08605163894294,7.771696617366827e-11,0.6523152363412282,2.086979092299964,57.909835427376024
NGC4559,1.32,64.2,7.71,-3.8,76.34,0.0,4.07352e+19,2695.225976,51.91556583530608,6.616454506176478e-11,0.6018832655092358,2.211308435679704,77.20088041461615
NGC4559,1.97,73.3,8.62,-4.48,88.63,0.0,6.07942e+19,3633.497774,60.27850175643054,5.976717802027168e-11,0.5720460333734886,2.295523583663047,91.327869959855
NGC4559,2.62,84.2,8.4,7.23,96.45,0.0,8.08532e+19,4331.470050000001,65.81390468586407,5.357202992584093e-11,0.5415875279983957,2.391336801741364,101.77427836248955
NGC4559,3.28,96.2,5.67,12.91,105.73,0.0,1.012208e+20,5308.931234000001,72.86241303992067,5.244901476771574e-11,0.5358808906399495,2.4105307800216402,113.12533822524145
NGC4559,3.93,102.0,4.79,15.03,114.11,0.0,1.212798e+20,6215.603266,78.83909731852592,5.125011144477482e-11,0.5297207804969836,2.4317253153079132,122.94161139273693
NGC4559,4.58,104.0,5.67,16.47,116.44,0.0,1.413388e+20,6508.066756,80.6725898679347,4.604586112235282e-11,0.5021054124333312,2.5332810165974387,128.4007864762661
NGC4559,5.22,106.0,5.37,19.07,115.33,0.0,1.610892e+20,6482.128994,80.51166992430352,4.0239376655914867e-11,0.469380696926248,2.6694389964402303,131.54333094664844
NGC4559,5.9,106.0,5.24,21.96,114.16,0.0,1.82074e+20,6477.194176,80.4810174885979,3.557451462592133e-11,0.4413357361650944,2.802507827953737,134.73079596520003
NGC4559,6.54,108.0,5.22,24.08,111.48,0.0,2.018244e+20,6296.629984000001,79.35130738683516,3.119855668591112e-11,0.4133013793990172,2.9538860125224544,136.38008372107376
NGC4559,7.19,111.0,4.68,26.59,108.69,0.0,2.218834e+20,6141.245505999999,78.36609921388201,2.7677805126476334e-11,0.38928298955863533,3.101183929138294,138.00410091044384
NGC4559,7.87,114.0,4.61,28.42,108.61,0.0,2.428682e+20,6233.917166,78.95515921078243,2.5667902039048344e-11,0.3748821739907712,3.198672055838735,141.20997357586893
NGC4559,8.51,116.0,4.47,29.67,108.62,0.0,2.626186e+20,6307.528924,79.41995293375588,2.4017830130843736e-11,0.36263230264274676,3.2877675688294885,144.00586458815195
NGC4559,9.16,117.0,5.22,30.73,106.75,0.0,2.826776e+20,6186.29165,78.65298246093406,2.188461926236816e-11,0.3461537978822386,3.4176779984887693,145.40547742241276
NGC4559,9.84,118.0,5.22,33.62,102.47,0.0,3.036624e+20,5960.350814,77.20330830994226,1.9628214800383577e-11,0.32782344075291475,3.5776923144602137,146.02842633793762
NGC4559,10.48,120.0,4.5,36.6,98.04,0.0,3.234128e+20,5761.007136000001,75.90129864501661,1.7813169843617817e-11,0.3122987224449835,3.7280450983935682,146.55133713199334
NGC4559,11.13,121.0,3.62,38.63,94.48,0.0,3.434718e+20,5598.453284000001,74.82281259081351,1.6299600968696704e-11,0.2987363631159965,3.8722908805471707,147.2373580203155
NGC4559,11.78,122.0,3.17,39.4,91.23,0.0,3.635308e+20,5380.899934000001,73.35461767332716,1.480177177284566e-11,0.2846796708417387,4.036411417917435,147.37545905702476
NGC4559,12.43,122.0,2.74,39.69,88.36,0.0,3.835898e+20,5166.741316,71.8800481079416,1.3469443963317065e-11,0.2715654007661863,4.204956904840286,147.3971660929673
NGC4559,13.08,122.0,3.18,40.46,85.84,0.0,4.036488e+20,5026.524176000001,70.89798428728423,1.2452716757735934e-11,0.26111490212858757,4.351466519730571,147.8943936140931
NGC4559,13.73,123.0,3.56,42.0,83.43,0.0,4.237078e+20,4965.859854,70.46885733428633,1.1720010474199433e-11,0.25331657247065775,4.468716773581566,148.9665104136668
NGC4559,14.38,124.0,4.31,43.44,80.87,0.0,4.437668e+20,4895.413774000001,69.96723357400948,1.1031500720648774e-11,0.24576322765726588,4.58941665946489,149.89027163018116
NGC4559,15.03,124.0,4.76,44.21,78.55,0.0,4.638258e+20,4792.77125,69.22984363697495,1.0333127760465249e-11,0.2378567621846468,4.724013664515065,150.4696543356665
NGC4559,15.68,123.0,5.23,45.27,76.81,0.0,4.838848e+20,4763.269906,69.01644663411759,9.843809737358976e-12,0.23215669298425184,4.826764617072456,151.62843613203574
NGC4559,16.33,123.0,5.66,46.72,75.17,0.0,5.0394379999999997e+20,4782.0016940000005,69.15201872686004,9.489156715490898e-12,0.22793625724295719,4.906169715358755,153.1708584878242
NGC4559,16.98,123.0,5.62,48.07,73.49,0.0,5.240028e+20,4795.083746,69.24654320614134,9.150874281587809e-12,0.22383649549709603,4.986184198003419,154.62590598734818
NGC4559,17.72,121.0,5.67,49.41,71.61,0.0,5.4683919999999993e+20,4800.224466,69.28365222763593,8.778127950593159e-12,0.21923028914153692,5.079668071005115,156.1523197189135
NGC4559,18.28,122.0,6.32,50.57,70.3,0.0,5.6412080000000007e+20,4830.686299999999,69.50313877804368,8.56321252469329e-12,0.21652994447521812,5.1363289574268265,157.51823363323703
NGC4559,19.02,122.0,6.35,51.53,68.7,0.0,5.869572e+20,4826.398300000001,69.47228440176701,8.222743157422722e-12,0.2121817200630299,5.230609896276179,158.88677324230147
NGC4559,19.67,121.0,5.86,52.02,67.38,0.0,6.070162000000001e+20,4794.510024,69.24240047831964,7.898487756998905e-12,0.2079560587117333,5.326025370914931,159.79887993640617
NGC4559,20.32,120.0,5.94,52.11,66.16,0.0,6.270752e+20,4728.939076,68.7672820169592,7.541263114854486e-12,0.20319903915486076,5.4382047249934145,160.36501746736784
NGC4559,20.97,119.0,6.13,51.82,65.01,0.0,6.471341999999999e+20,4629.410446000001,68.03977106075534,7.153710074355522e-12,0.19790887530403928,5.569312143227713,160.5697101351716
UGC02487,9.93,377.0,10.3,-13.26,255.96,207.88,3.0643979999999997e+20,50191.45096,224.0344860953331,1.6378894308115332e-10,0.9469823692054491,1.6337462113486263,286.3565833851046
UGC02487,10.05,377.0,19.7,-13.37,257.66,206.72,3.10143e+20,50374.80054000001,224.4433125312492,1.6242443176212268e-10,0.943029505717894,1.637857347897384,287.2398600704716
UGC02487,10.35,378.0,10.8,-13.47,261.62,204.38,3.19401e+20,50880.89694800001,225.56794308589156,1.5930099451160144e-10,0.933918216864369,1.647475738263555,289.5255485495506
UGC02487,15.07,367.0,10.7,-11.85,272.35,172.87,4.6506020000000003e+20,48007.359824,219.1058187817019,1.0322826985409629e-10,0.7517941248430816,1.8922185787043946,301.3974422146275
UGC02487,20.09,364.0,6.67,13.97,269.96,151.39,6.199774e+20,44261.93440199999,210.38520480775256,7.139281916082746e-11,0.6252113723699699,2.151223717474814,308.57304332507204
UGC02487,25.12,375.0,6.19,27.34,262.34,134.72,7.752032e+20,40754.48244,201.87739457403347,5.2572644746564514e-11,0.5365120936151521,2.4083871942907744,313.2931113485329
UGC02487,30.14,383.0,3.82,34.12,253.37,123.32,9.301204000000001e+20,37690.096878000004,194.13937487794692,4.0521739850023724e-11,0.47102466052813535,2.662138767024916,316.7590062363635
UGC02487,35.17,378.0,2.21,36.15,235.34,114.11,1.0853462e+21,32773.586042,181.034764733186,3.0196435056390305e-11,0.40660942406640177,2.9931536908496947,313.2034163670511
UGC02487,40.19,364.0,4.0,36.15,219.18,106.71,1.2402633999999998e+21,28643.19489,169.243005438925,2.309444501063242e-11,0.35559313520730046,3.3417732698796625,309.38497547126576
UGC02487,45.21,349.0,3.0,35.84,206.41,100.63,1.3951806e+21,25540.9887,159.815483292452,1.830658245964716e-11,0.31659440919760834,3.684954373282012,306.78555703945955
UGC02487,50.24,338.0,3.08,37.87,194.11,95.47,1.5504064e+21,22959.014880000006,151.52232469177605,1.4808385001506703e-11,0.2847432592265798,4.0356322408090985,304.3914267303596
UGC02487,55.26,332.0,2.19,41.62,183.23,91.03,1.7053236e+21,20987.683548,144.87126543245213,1.230715598376754e-11,0.2595843200156487,4.373920576466686,302.98260828464817
UGC02487,60.28,330.0,1.61,44.55,174.98,87.16,1.8602408000000001e+21,19563.540859999997,139.86972817589944,1.0516671207297464e-11,0.23995994371743645,4.687339702185005,302.82166664292134
UGC02487,65.31,329.0,2.2,46.17,166.27,83.74,2.0154666e+21,18074.39513,134.44104704293255,8.96784651752602e-12,0.22158669839531026,5.031356732234958,301.5604908113798
UGC02487,70.33,330.0,3.53,46.48,159.17,80.69,2.1703838e+21,16809.5343,129.65158811214,7.744959347743011e-12,0.20592504733773884,5.3732841314209745,300.53685948776166
UGC02487,75.35,332.0,13.4,44.86,152.96,77.96,2.3253009999999997e+21,15570.700272,124.78261205793058,6.696208478816292e-12,0.19147588541459953,5.738536350250549,298.91977102515006
UGC02487,80.38,333.0,15.3,42.32,147.51,75.48,2.4805267999999997e+21,14420.94043,120.08722009439639,5.813660400685854e-12,0.1784121524795199,6.1198591552200226,297.075957151396
UGC02916,0.37,183.0,47.6,-2.62,11.2,123.59,1.14182e+19,7090.831326,84.20707408525723,6.21011308787725e-10,1.8439509212454532,1.1879181909204921,91.77868772707679
UGC02916,0.74,196.0,40.7,-3.79,21.14,191.42,2.28364e+19,17075.081459999998,130.6716551513755,7.477133637526052e-10,2.0233321138894516,1.1523580751898417,140.27333319257565
UGC02916,1.11,205.0,14.1,-4.87,30.05,218.87,3.4254600000000004e+19,22474.973424,149.91655486970078,6.561154830008233e-10,1.8953514261961097,1.1768382027598674,162.63273757572904
UGC02916,1.48,211.0,7.89,-5.72,38.06,240.05,4.56728e+19,27206.098806,164.94271370994235,5.956739855231124e-10,1.8059425066250012,1.1966295893853067,180.43176783205297
UGC02916,1.84,214.0,1.48,-6.31,45.23,258.74,5.67824e+19,31776.20073,178.25880267184564,5.596135550804476e-10,1.750425840681572,1.210214148143431,196.10203389483655
UGC02916,2.21,214.0,1.5,-6.65,51.92,273.65,6.82006e+19,35731.026594,189.02652351984892,5.239107367677116e-10,1.6936678849843445,1.2252559068649498,209.23587501345725
UGC02916,2.6,213.0,2.64,-6.69,58.41,280.2,8.0236e+19,37729.689426,194.24131750479864,4.702339277381724e-10,1.6045622981447605,1.251529218345199,217.30119354418855
UGC02916,2.96,211.0,4.5,-6.41,63.99,275.3,9.13456e+19,36788.100746000004,191.8022438502741,4.027353342251844e-10,1.4849419296355724,1.292850719585656,218.08604384888025
UGC02916,3.17,210.0,8.68,-6.08,66.97,274.94,9.78262e+19,36872.37927,192.02181977577445,3.7691721921121334e-10,1.4365561059051266,1.3118971429334705,219.93810269590014
UGC02916,3.33,209.0,3.0,-5.72,69.15,273.2,1.027638e+20,36565.90114999999,191.22212515815212,3.558247276764775e-10,1.3957822335721517,1.3291496113673964,220.45759978467768
UGC02916,3.7,207.0,1.6,-4.34,74.09,268.56,1.14182e+20,35721.18438200001,189.00048778243936,3.128442695170868e-10,1.308771126845605,1.3701479947657869,221.23134757908127
UGC02916,4.07,206.0,1.73,0.84,78.64,262.81,1.2560020000000002e+20,34617.244622,186.0571004342484,2.7561456607553173e-10,1.2284307701092139,1.413930405455044,221.23827590207102
UGC02916,4.44,205.0,3.45,5.14,83.02,255.92,1.3701840000000002e+20,33324.608327999995,182.5502898600821,2.432126512059693e-10,1.15396512593136,1.4606723121094116,220.6271349961294
UGC02916,4.81,205.0,2.77,7.67,87.31,248.41,1.484366e+20,31950.888432,178.7481144851604,2.1524939558033534e-10,1.085601846970245,1.5098863171708956,219.64109193165712
UGC02916,5.18,206.0,7.48,9.9,90.63,241.01,1.598548e+20,30595.83382,174.91664820708175,1.9139765474668256e-10,1.0236886996098828,1.5607131394357359,218.52075383099486
UGC02916,5.55,207.0,5.02,12.08,91.17,233.88,1.71273e+20,29131.365117999998,170.67912912245598,1.7008731742890008e-10,0.9650183442640424,1.6154468013739391,216.93356263964654
UGC02916,5.92,208.0,7.7,14.21,91.98,227.13,1.826912e+20,27824.168458,166.8057806492329,1.5230163498843953e-10,0.9131705270563208,1.6701462245077134,215.5700115976137
UGC02916,6.28,210.0,1.95,16.44,93.75,220.9,1.938008e+20,26759.774950000003,163.58415250261868,1.3807876412274873e-10,0.8694869113664402,1.7216639702053844,214.64235458599404
UGC02916,6.34,210.0,4.78,16.75,94.14,219.93,1.956524e+20,26607.07297,163.11674644254035,1.35991549145321e-10,0.8628902538303489,1.7299266301458884,214.54203336651273
UGC02916,6.65,212.0,1.96,18.67,96.53,214.9,2.05219e+20,25878.592314,160.86824520084753,1.261023214907002e-10,0.8309236958499041,1.7719396551692228,214.13851578157085
UGC02916,7.03,214.0,0.76,20.8,99.17,209.22,2.169458e+20,25092.180758000002,158.4051159464239,1.1566105800619325e-10,0.7957802996788307,1.822253739153906,213.83245826999976
UGC02916,7.39,215.0,2.22,22.73,101.39,204.19,2.280554e+20,24424.457472000002,156.28326037039284,1.0709879034655615e-10,0.7657586054484375,1.869092709062011,213.6622928448311
UGC02916,7.77,216.0,1.76,24.56,103.08,199.24,2.397822e+20,23751.34304,154.1147074097732,9.905382067559644e-11,0.7364363537544647,1.9187126411053128,213.47599896493443
UGC02916,8.14,217.0,1.53,26.28,105.18,194.76,2.5120040000000003e+20,23228.0118,152.40738761621762,9.246805259864238e-11,0.7115336749839287,1.964214961399054,213.59964489931573
UGC02916,8.51,218.0,7.7,27.91,106.86,190.42,2.626186e+20,22711.232659999998,150.70246401436174,8.647990911534823e-11,0.6881089640665847,2.010153142101762,213.6657569487988
UGC02916,8.88,218.0,6.86,29.33,108.2,186.31,2.7403680000000003e+20,22212.830706,149.03969506812606,8.105783860415828e-11,0.66618847136649,2.056186071499579,213.71409196928352
UGC02916,9.25,218.0,8.37,30.55,109.65,182.7,2.85455e+20,21818.412249999998,147.71056918853165,7.643380655444817e-11,0.6469077404521036,2.099352161365028,214.0199311152835
UGC02916,9.52,218.0,3.93,31.16,110.49,180.08,2.937872e+20,21503.89499,146.64206419032706,7.319547955118538e-11,0.6330554229694766,2.132046106411068,214.11981595850014
UGC02916,9.62,218.0,4.05,31.36,110.78,179.14,2.968732e+20,21390.589679999997,146.25522103501126,7.205294947472524e-11,0.6280952150208594,2.14411561923506,214.15858011654888
UGC02916,9.99,217.0,20.2,32.17,111.77,175.79,3.0829140000000003e+20,20996.451119999998,144.9015221452142,6.810586062407189e-11,0.6106492750686546,2.188175185952405,214.34531330039985
UGC02916,10.4,217.0,4.2,33.08,112.69,172.23,3.20944e+20,20580.90254,143.46045636341745,6.412614830001496e-11,0.592539328172788,2.2367434166387925,214.55581619902455
UGC02916,10.71,216.0,3.16,34.0,113.45,169.76,3.3051060000000003e+20,20333.105646,142.59419920179081,6.152028299848778e-11,0.5803750919916378,2.271118869204778,214.8927637268524
UGC02916,11.12,215.0,6.72,35.01,114.16,166.6,3.431632e+20,19988.210275999998,141.3796671236709,5.824695152627088e-11,0.5647239459903828,2.317588767460307,215.2311585651396
UGC02916,12.67,212.0,1.82,39.99,115.88,156.1,3.909962e+20,18985.076924,137.78634520154745,4.8555655845248626e-11,0.5156078437498042,2.482236605831352,217.083976620286
UGC02916,12.98,211.0,16.6,41.0,116.15,154.24,4.005628e+20,18830.168046000003,137.22305945430602,4.700927806076852e-11,0.5073309926713788,2.5131970911039265,217.54062507542199
UGC02916,15.86,209.0,8.38,52.47,115.82,139.51,4.894396e+20,17876.66465,133.70364486430427,3.652476148231568e-11,0.4471912501862365,2.7733220282508313,222.66061139208688
UGC02916,19.05,215.0,13.2,66.17,112.66,127.33,5.87883e+20,17674.862970000002,132.94684264772894,3.0065273141084194e-11,0.40572538411229914,2.9984393594771994,230.21078341948726
UGC02916,22.14,215.0,13.9,76.32,108.18,118.11,6.832404000000001e+20,17625.06927,132.75944135917416,2.5796292593353668e-11,0.3758185826620814,3.1921030527772443,237.19409230032988
UGC02916,25.34,210.0,10.6,79.67,102.95,110.4,7.819924e+20,16829.26565,129.72765954105546,2.152100921952694e-11,0.3432661032840984,3.4417412963780833,240.66985389807786
UGC02916,28.53,196.0,12.8,78.35,97.69,104.04,8.804358e+20,15507.845042,124.53049844114493,1.761382833592182e-11,0.31054638845372345,3.745968196699362,241.0226012777098
UGC02916,31.72,185.0,11.5,74.49,92.71,98.67,9.788792e+20,13980.980080000001,118.24119451358736,1.4282640881530633e-11,0.2796429413531961,4.099261968517855,239.39862139233327
UGC02916,34.91,182.0,10.8,72.76,88.3,94.06,1.0773225999999998e+21,12950.337456000001,113.79954945429266,1.202085378697152e-11,0.2565471890912163,4.419273883279409,239.23019896943595
UGC02916,38.0,181.0,10.3,70.63,85.07,90.15,1.17268e+21,12056.003504,109.7998338067959,1.0280727482348126e-11,0.23725289846583486,4.734664177289138,238.9165710277567
NGC4085,0.87,42.2,7.3,0.0,94.8,0.0,2.68482e+19,4134.0383999999995,64.29648824002754,1.5397823317764322e-10,0.9181830456792298,1.6645687280161552,82.95415023407774
NGC4085,1.74,79.9,5.9,11.42,129.33,0.0,5.36964e+19,7824.490894000001,88.45615238071348,1.4571723419074654e-10,0.8932130569484659,1.6930168082463015,115.09558896635498
NGC4085,2.71,112.0,6.2,11.32,142.76,0.0,8.36306e+19,9503.134496,97.48402174715609,1.1363226493651847e-10,0.7887700916798035,1.832855748523906,131.97679602865588
NGC4085,3.58,127.0,4.9,18.54,148.78,0.0,1.104788e+20,10526.056264,102.59657043000999,9.527670706054012e-11,0.7222590171651505,1.9442162189382097,143.05568604541708
NGC4085,4.45,130.0,4.9,23.17,155.31,0.0,1.37327e+20,11632.599106000001,107.85452751739261,8.470729795306093e-11,0.6810202370384951,2.024702941059992,153.46842548905633
NGC4085,5.32,133.0,4.5,25.76,149.59,0.0,1.641752e+20,10957.074926000003,104.67604752759823,6.674013447828907e-11,0.6044955970087604,2.2043422520725975,155.41281548993004
NGC4085,6.2,136.0,7.4,25.0,139.16,0.0,1.91332e+20,9533.132576,97.63776203907994,4.982508193088454e-11,0.5223043152555843,2.457921383843803,153.07413371817057
UGC10310,1.1,33.2,5.06,3.45,21.28,0.0,3.3946000000000004e+19,220.20816400000004,14.839412522064343,6.48701360985094e-12,0.18846122415403027,5.821827111368901,35.805221118154954
UGC10310,2.21,54.6,5.06,6.51,35.54,0.0,6.82006e+19,623.402236,24.96802427105517,9.140714832420831e-12,0.22371220753554907,4.988655904885091,55.76682926023291
UGC10310,3.31,65.7,5.06,11.85,39.59,0.0,1.021466e+20,861.4118260000002,29.349818159572987,8.433093475455869e-12,0.21487854783092764,5.1716844696785005,66.74541304480482
UGC10310,4.42,69.2,5.06,18.75,38.75,0.0,1.364012e+20,1042.28125,32.2843808985088,7.641290912396664e-12,0.20454222235307445,5.405999455049629,75.06378533959266
UGC10310,5.52,70.9,5.06,26.75,39.1,0.0,1.703472e+20,1418.8151000000003,37.66716209113716,8.328960499497499e-12,0.21354775220973482,5.2005755135182685,85.89909817495162
UGC10310,6.64,72.4,5.06,30.8,37.98,0.0,2.049104e+20,1612.180984,40.15197360031011,7.867736259360188e-12,0.20755084210379807,5.335380066411362,92.74480193240511
UGC10310,7.74,73.2,5.06,30.9,35.45,0.0,2.388564e+20,1532.8931499999999,39.152179377398646,6.4176348215915485e-12,0.18745071606063593,5.850347308775312,94.69929944166752
DDO168,0.41,15.0,4.1,10.41,8.28,0.0,1.26526e+19,139.904964,11.828142880435626,1.1057408279721162e-11,0.24605164677506447,4.584671033895273,25.32623611887406
DDO168,0.82,23.4,1.3,18.08,12.66,0.0,2.53052e+19,400.61317599999995,20.01532352973591,1.5831259029764632e-11,0.294413235907656,3.921085489138624,39.63380515634775
DDO168,1.24,29.2,1.5,20.09,15.11,0.0,3.82664e+19,508.631666,22.552863809281515,1.3291860901469696e-11,0.26976928265193173,4.2293248106669195,46.38069128963743
DDO168,1.64,36.2,1.1,20.2,15.99,0.0,5.06104e+19,525.652846,22.92712031634152,1.0386261440336375e-11,0.2384675162732775,4.7132967487835185,49.77507257694963
DDO168,2.06,44.0,1.1,22.0,16.89,0.0,6.35716e+19,615.2251660000001,24.803732904544834,9.677673143353323e-12,0.2301892713715918,4.863416640399522,54.700057677455504
DDO168,2.47,52.1,1.2,22.63,17.03,0.0,7.62242e+19,645.526514,25.407213818126536,8.468786999404388e-12,0.21533281019996767,5.161904679066843,57.724746279895484
DDO168,2.89,52.9,1.7,22.95,16.99,0.0,8.91854e+19,659.486146,25.680462340074797,7.394552763120422e-12,0.20121277902003631,5.486619698477274,60.15271963524558
DDO168,3.3,54.8,2.2,22.74,17.19,0.0,1.01838e+20,653.035806,25.554565267286392,6.412496376598126e-12,0.1873756574057546,5.852478045084374,61.82133707118424
DDO168,3.71,55.0,2.5,22.74,17.16,0.0,1.144906e+20,652.5617759999999,25.545288724146374,5.699697407472753e-12,0.17665482471374824,6.175470382913764,63.481303709908204
DDO168,4.12,52.0,2.7,22.74,16.37,0.0,1.271432e+20,640.376974,25.30567078739467,5.03665924721102e-12,0.16606223860806385,6.535670773038751,64.69384107238335
NGC2841,3.44,285.0,14.4,-0.57,163.4,239.5,1.061584e+20,38667.8375,196.641393150069,3.642466116670937e-10,1.4122037600192932,1.3220620359097293,226.10015473120885
NGC2841,3.77,297.0,13.6,-0.57,171.13,229.25,1.163422e+20,37647.203024,194.02887162481773,3.2359026238114795e-10,1.331059058317674,1.359059999768976,226.19639195420433
NGC2841,4.13,303.0,8.47,-0.43,180.88,219.24,1.274518e+20,37160.71082,192.7711358580428,2.915667791274819e-10,1.2634807306403295,1.394055451137805,227.6051218377491
NGC2841,4.47,306.0,5.93,-0.1,188.37,210.91,1.379442e+20,36784.5011,191.79285987752516,2.666621800699123e-10,1.2083154146529222,1.4259233698117528,229.02375371422968
NGC2841,4.8,307.0,5.93,-0.19,194.64,203.54,1.48128e+20,36484.136252,191.00820990732308,2.463014166936703e-10,1.1612696027344247,1.4557914649061312,230.46321650131927
NGC2841,5.13,304.0,8.47,-0.28,200.57,196.88,1.583118e+20,36335.505678,190.61874429866546,2.2951861881426405e-10,1.1210076184495399,1.4835720975696935,232.1773941945382
NGC2841,5.48,308.0,8.47,-0.38,206.64,190.44,1.691128e+20,36325.186671999996,190.5916752431753,2.1479856446111708e-10,1.0844643765669026,1.5107630289334095,234.2621374511089
NGC2841,5.83,313.0,12.7,-0.48,211.29,184.57,1.799138e+20,36206.62294,190.28037980832391,2.012442788713262e-10,1.0496907607061672,1.5385703753851425,236.02211220185308
NGC2841,6.16,314.0,9.32,-0.53,215.14,179.57,1.900976e+20,36124.35897,190.06409174275925,1.9003058939197552e-10,1.0200262795372326,1.5639306642944968,237.6888569562422
NGC2841,6.51,315.0,6.78,3.83,221.84,174.68,2.008986e+20,36688.66938000001,191.54286564630908,1.8262282255824584e-10,0.9999473380915526,1.5820251940605932,240.91990224080587
NGC2841,6.86,317.0,8.47,8.02,227.72,170.15,2.116996e+20,37235.734014,192.96562910010684,1.758894868672402e-10,0.9813400968648216,1.5995098653321977,244.04697068039724
NGC2841,7.18,320.0,7.63,12.15,231.73,166.32,2.215748e+20,37573.744737999994,193.83948188643095,1.6957589372979232e-10,0.9635664288294118,1.6168926683894782,246.48065317750584
NGC2841,7.51,316.0,20.5,16.24,235.48,162.63,2.317586e+20,37937.437357999996,194.77535100212242,1.6369376307071235e-10,0.9467071769720921,1.6340312289361822,248.97983329736198
NGC2841,7.85,318.0,23.4,20.27,239.96,159.08,2.42251e+20,38539.006980000006,196.31354252827288,1.5908709140519543e-10,0.9332909919259917,1.6481452813279787,252.02754313993748
NGC2841,8.21,321.0,8.48,24.66,243.42,155.54,2.5336060000000003e+20,38993.270079999995,197.46713670887112,1.5390423799122667e-10,0.9179623999146613,1.6648128735789038,254.78716218075644
NGC2841,8.57,323.0,8.66,27.1,245.15,152.23,2.644702e+20,39039.757884000006,197.58481187581197,1.4761495958334813e-10,0.8990105519276699,1.6862614132237441,256.57598738265955
NGC2841,8.9,321.0,12.7,29.42,245.8,149.38,2.74654e+20,38922.26762400001,197.28727182461623,1.4171382038492072e-10,0.8808576010192134,1.7077300195568588,257.81529211963135
NGC2841,9.24,323.0,11.0,31.74,245.24,146.61,2.851464e+20,38560.51646200001,196.36831837646318,1.35230591941543e-10,0.860472663580821,1.7329884713012482,258.5051846212528
NGC2841,9.6,323.0,10.4,34.31,244.14,143.83,2.96256e+20,38111.22401,195.220962014841,1.2864287646494921e-10,0.8392521730037488,1.7606671882246578,259.0389577215882
NGC2841,9.93,322.0,13.6,36.63,243.64,141.42,3.0643979999999997e+20,37847.387259999996,194.54404966485095,1.2350676139326548e-10,0.8223277954986271,1.7838272895831309,259.8330276038997
NGC2841,10.27,321.0,13.6,38.95,243.6,139.06,3.169322e+20,37709.278556000005,194.18877041682921,1.189821626076492e-10,0.8071245037494861,1.8055074670920206,260.92984499959186
NGC2841,10.6,323.0,9.32,41.02,243.38,136.88,3.27116e+20,37548.821448,193.77518274536604,1.1478748042896098e-10,0.7927693750468321,1.8267832022879866,261.9037156798606
NGC2841,10.93,322.0,11.9,43.22,243.08,134.8,3.3729979999999997e+20,37407.07454400001,193.40908599132567,1.109015615900158e-10,0.7792349693561017,1.8475984070504972,262.89399259000504
NGC2841,11.27,321.0,11.0,45.42,242.44,132.75,3.477922e+20,37206.845806000005,192.8907613287894,1.0698010422890451e-10,0.7653341837107563,1.869782546869235,263.75881200845896
NGC2841,12.31,323.0,4.24,52.25,237.3,127.02,3.7988660000000003e+20,36054.932884,189.8813652889614,9.490972538647058e-11,0.7208666960193371,1.9467773365973529,264.9357020318512
NGC2841,14.35,319.0,4.24,56.77,222.06,117.64,4.42841e+20,32271.746972,179.6433883336651,7.287434309831294e-11,0.6316651687468462,2.135409218764547,262.5135920093389
NGC2841,16.4,308.0,4.24,51.89,207.98,110.04,5.0610399999999993e+20,28160.23382,167.81011238897375,5.5641199871963074e-11,0.5519475965958432,2.357529974921631,257.6598442354801
NGC2841,18.48,299.0,5.66,48.35,196.87,103.67,5.702928e+20,25110.144768000002,158.46180854704392,4.4030267904486956e-11,0.49099296233761525,2.577441691703201,254.4011281613079
NGC2841,20.57,299.0,5.66,54.45,185.72,98.26,6.347902e+20,23272.397660000002,152.552933960642,3.666155788164341e-11,0.44802790152073596,2.769215194154687,253.86271330087447
NGC2841,22.51,298.0,5.66,63.61,176.98,93.93,6.946586000000001e+20,22512.824138,150.04274103734576,3.2408472504335216e-11,0.42123930180200647,2.9089474281069596,255.90744787063036
NGC2841,24.59,296.0,5.66,66.17,168.93,89.87,7.588474e+20,21220.891328000005,145.67392123506528,2.7964636009822266e-11,0.39129490104840453,3.088142252406519,255.9943967037636
NGC2841,26.68,293.0,4.24,61.9,161.21,86.28,8.233448e+20,19210.745150000002,138.60283240251624,2.3332563890608174e-11,0.35742163330213383,3.3275380103654126,252.83291853330337
NGC2841,28.77,289.0,4.24,58.85,153.59,83.08,8.878422e+20,17489.72277,132.24871557032228,1.9699134339413015e-11,0.3284151431778195,3.572245441623883,249.95516085969885
NGC2841,30.7,289.0,4.24,57.01,147.56,80.43,9.47402e+20,16241.891810000001,127.44368093397178,1.7143611486992852e-11,0.3063731919126594,3.7894843981289674,248.08949113191727
NGC2841,32.79,288.0,4.24,57.38,141.95,77.82,1.0118994e+21,15347.111654,123.88345996944064,1.516663776458411e-11,0.28816701003764844,3.9941906092551682,247.58693270768018
NGC2841,34.88,285.0,4.24,60.43,136.82,75.46,1.0763968000000001e+21,14882.18994,121.99258149576146,1.3825932908756321e-11,0.27513562411183007,4.15747023710713,248.74135510309733
NGC2841,36.96,283.0,2.83,64.09,132.38,73.3,1.1405856e+21,14640.311124,120.99715337147398,1.2835784639048569e-11,0.2651006631519043,4.294217901395996,250.73628798139237
NGC2841,38.9,275.0,2.83,66.9,128.66,71.45,1.200454e+21,14438.519126000001,120.16038917213942,1.2027548849018787e-11,0.2566186216321194,4.418194789136039,252.57115822146883
NGC2841,40.99,272.0,2.83,68.61,124.87,69.61,1.2649514e+21,14108.843840000001,118.78065431710671,1.1153664749491561e-11,0.2471202851967728,4.567184785502649,253.84581329437123
NGC2841,43.08,271.0,2.83,68.98,121.52,67.9,1.3294487999999999e+21,13671.899784000001,116.92689931747955,1.028388591121373e-11,0.23728933989762233,4.734019905441535,254.40724384863302
NGC2841,45.16,274.0,4.24,67.76,118.47,66.31,1.3936375999999999e+21,13070.20982,114.3250183468168,9.37848535372467e-12,0.22660315667763223,4.931868644893096,253.8908387347441
NGC2841,47.1,277.0,4.24,65.19,115.75,64.93,1.453506e+21,12352.161104000003,111.1402766957146,8.498183773579197e-12,0.21570621705684323,5.1538965873890845,252.31282361541955
NGC2841,49.19,281.0,4.24,62.26,113.11,63.54,1.5180034e+21,11618.661302,107.78989424802309,7.65390993327156e-12,0.2047110457789518,5.401981606241724,250.52703375595323
NGC2841,51.27,286.0,4.24,60.55,110.59,62.24,1.5821922e+21,11074.126721999999,105.23367674846298,6.9992297535027655e-12,0.19576034785738541,5.624589747727427,249.57447711173415
NGC2841,53.36,282.0,4.24,60.55,108.3,61.01,1.6466896e+21,10773.813145999999,103.79698042814154,6.54271038451934e-12,0.18926854847438737,5.799260984395751,249.96030531019886
NGC2841,55.3,283.0,4.24,62.39,106.31,59.93,1.7065579999999998e+21,10743.48576,103.65078755127719,6.295412028187732e-12,0.18565715153821113,5.901734996050845,251.8039036420323
NGC2841,57.38,288.0,5.66,64.95,104.23,58.83,1.7707468e+21,10807.938928000001,103.96123762249083,6.1036049467942005e-12,0.18280699569444814,5.985475612136232,254.343576429604
NGC2841,59.47,287.0,5.66,67.27,102.32,57.79,1.8352441999999998e+21,10877.42349,104.29488717094429,5.9269624663573385e-12,0.18014229516174446,6.066170943671058,256.87411375427274
NGC2841,61.56,289.0,7.07,68.49,100.51,56.8,1.8997416000000001e+21,10821.990146,104.02879479259576,5.696559019395058e-12,0.1766061828565468,6.1770254528646795,258.54923821680995
NGC2841,63.64,294.0,7.07,68.73,98.76,55.86,1.9639304000000001e+21,10645.796412000002,103.178468742272,5.420658701550727e-12,0.17227633941124793,6.31897689672381,259.3656522646228
NGC3198,0.32,24.4,35.9,0.0,63.28,0.0,9.8752e+18,1842.0048640000002,42.9185841332167,1.8652836033700583e-10,1.010583119256956,1.5723435051293417,53.81695257376672
NGC3198,0.64,43.3,16.3,0.0,73.66,0.0,1.97504e+19,2495.865976,49.95864265570073,1.2637040140959173e-10,0.8318064539637697,1.770733546024791,66.47942245601347
NGC3198,0.96,45.5,16.1,0.0,78.98,0.0,2.96256e+19,2869.4065840000007,53.56684220672337,9.685564457766256e-11,0.7282191092076374,1.9333683245832685,74.48234555823467
NGC3198,1.28,58.5,15.4,0.35,82.7,0.0,3.95008e+19,3146.1959000000006,56.09096094737547,7.96489159713221e-11,0.6603733489946139,2.068930151019022,80.67998239044447
NGC3198,1.61,68.8,7.61,0.15,84.22,0.0,4.96846e+19,3262.806364,57.12098006862277,6.567037601188294e-11,0.5996313832568059,2.2173636067440836,85.05779263175472
NGC3198,1.93,76.9,10.3,-0.05,83.17,0.0,5.95598e+19,3181.9369940000006,56.40866062937499,5.342423906729036e-11,0.540839964712893,2.3938275821713977,87.27547502574103
NGC3198,2.24,82.0,8.09,-0.47,87.04,0.0,6.912640000000001e+19,3485.163236000001,59.035271118205266,5.041725355291178e-11,0.5253989436282974,2.446898714365878,92.34631254968238
NGC3198,2.57,86.9,7.6,-0.95,88.91,0.0,7.93102e+19,3637.1970260000003,60.30917862150007,4.586039407289354e-11,0.501093182784181,2.537220859521505,96.06441674499868
NGC3198,2.89,97.6,3.03,-1.43,88.98,0.0,8.91854e+19,3644.067484,60.36611204972538,4.085946224382017e-11,0.4729834300999101,2.6535080720329223,98.33393353175038
NGC3198,3.21,100.0,5.31,-1.14,93.81,0.0,9.90606e+19,4049.445006,63.635249712718185,4.087846233517665e-11,0.4730933885207989,2.653025733010117,103.6498036916969
NGC3198,3.54,107.0,7.51,-0.39,101.22,0.0,1.092444e+20,4713.076764,68.65185186140283,4.3142502169447576e-11,0.48601790384555954,2.5978803042864214,110.65265156238047
NGC3198,3.85,113.0,7.32,0.36,108.53,0.0,1.18811e+20,5418.359614000001,73.60950763318554,4.5604864987248656e-11,0.4996952146062744,2.5426888831080303,117.37632962058117
NGC3198,4.17,117.0,5.21,1.52,115.51,0.0,1.286862e+20,6139.888046000001,78.35743771972129,4.771209380648431e-11,0.5111093679165528,2.4989365629306226,123.86763390995269
NGC3198,4.5,119.0,5.67,3.07,120.51,0.0,1.3887e+20,6689.848546000001,81.79149433773662,4.81734611219126e-11,0.5135745902518118,2.4897477483268764,129.05826340863004
NGC3198,4.82,127.0,5.39,4.63,125.42,0.0,1.487452e+20,7257.318044000001,85.1898940250544,4.8790267141393465e-11,0.5168520000867695,2.4776702908375294,134.09415091187955
NGC3198,5.15,132.0,4.34,6.02,129.4,0.0,1.58929e+20,7738.646000000001,87.96957428565857,4.8692472739399367e-11,0.5163337554792642,2.479569624131642,138.52260304191458
NGC3198,5.46,134.0,2.36,7.16,133.15,0.0,1.684956e+20,8206.569950000001,90.59012059821977,4.870495104916687e-11,0.5163999110825147,2.479326951121902,142.6421047703031
NGC3198,5.78,137.0,0.89,8.31,136.45,0.0,1.783708e+20,8633.613249999999,92.91723871273832,4.840261550657394e-11,0.5147946421454797,2.4852334181315494,146.48052487659692
NGC3198,6.1,140.0,2.84,9.46,139.41,0.0,1.88246e+20,9029.659726,95.0245217088726,4.796733915196072e-11,0.5124746850070284,2.493836350214824,150.06163285386984
NGC3198,6.43,142.0,0.88,10.61,141.85,0.0,1.984298e+20,9368.426449999999,96.79063203637013,4.721279994234736e-11,0.5084280255119153,2.509034310418762,153.31569847111103
NGC3198,6.74,144.0,1.23,11.77,142.32,0.0,2.079964e+20,9455.824804,97.24106541991402,4.546148300643665e-11,0.49890907377156496,2.5457775414870927,155.1529130318209
NGC3198,7.06,146.0,1.57,12.87,140.94,0.0,2.178716e+20,9303.115355999998,96.45265862587718,4.269999098551623e-11,0.483518944803183,2.608308401643607,155.77353415941505
NGC3198,8.04,147.0,3.0,16.39,135.68,0.0,2.4811439999999997e+20,8736.800804000002,93.47085537214262,3.521279217973646e-11,0.4390862476126468,2.8139303723771834,156.79524590938658
NGC3198,9.04,148.0,3.0,20.03,130.79,0.0,2.7897439999999997e+20,8269.971986,90.93938632957669,2.964419669331667e-11,0.4028741909014574,3.015646843678625,157.92186332769617
NGC3198,10.04,152.0,2.0,23.68,128.1,0.0,3.098344e+20,8109.162999999999,90.05089116716168,2.6172571541442773e-11,0.3785496081939449,3.1731324110340298,160.41024886726512
NGC3198,11.04,155.0,2.0,27.08,126.67,0.0,3.406944e+20,8114.159294,90.07862839763936,2.3816532628654887e-11,0.3611094637628388,3.299270658957261,163.61787090901643
NGC3198,12.05,156.0,2.0,30.11,124.98,0.0,3.71863e+20,8091.812284000001,89.95450118810065,2.1760197395277295e-11,0.34516839137926253,3.425843736231758,166.4971003588489
NGC3198,14.05,157.0,2.0,34.48,118.12,0.0,4.33583e+20,7606.944224000001,87.21779763328125,1.7544378409670122e-11,0.3099335538944207,3.752284567258167,168.94797843037026
NGC3198,16.07,153.0,2.0,36.43,108.22,0.0,4.9592020000000003e+20,6714.466364000001,81.94184745293458,1.35394088887688e-11,0.2722697892970703,4.19548877757376,167.84060378096385
NGC3198,18.13,153.0,2.0,37.76,101.1,0.0,5.5949179999999997e+20,6127.574199999999,78.27882344542488,1.095203575816482e-11,0.24487645515397463,4.604077920694795,167.9637731227751
NGC3198,20.05,154.0,2.0,39.83,96.4,0.0,6.18743e+20,5861.190500000001,76.55841233985983,9.472738277443141e-12,0.22773898062403644,4.909953679031501,169.64130941188674
NGC3198,22.12,153.0,2.0,40.92,91.56,0.0,6.826232e+20,5530.733856,74.36890382411187,8.102176802663608e-12,0.2106204135669004,5.265416605398196,170.6505724731693
NGC3198,24.03,150.0,2.0,41.77,87.03,0.0,7.415658000000001e+20,5228.874514,72.31095708120588,7.051126837294814e-12,0.19648475817517497,5.605816499496453,171.20780071123423
NGC3198,26.1,149.0,2.0,43.71,82.67,0.0,8.05446e+20,5054.355394,71.09398985849649,6.275225643928954e-12,0.18535925556889637,5.910366640973898,172.83834502888556
NGC3198,28.16,148.0,2.0,45.41,79.06,0.0,8.690176e+20,4937.290556,70.26585626034881,5.6814620969701876e-12,0.17637200827293203,6.18452400106637,174.74207262082115
NGC3198,30.08,146.0,2.0,45.29,76.07,0.0,9.282688e+20,4713.040754,68.65158959558038,5.077237061075412e-12,0.16672983637681119,6.511614471971233,175.18420128749227
NGC3198,32.14,147.0,2.0,44.56,73.27,0.0,9.918404000000001e+20,4455.100334,66.74653799261802,4.491751227314394e-12,0.15682216702099916,6.889712705570364,175.19806327625477
NGC3198,34.06,148.0,2.0,44.81,70.91,0.0,1.0510916000000001e+21,4320.921026,65.73371300938355,4.1108891232695595e-12,0.15002632978637773,7.177994166004359,176.11231051915016
NGC3198,36.12,148.0,2.0,45.9,68.62,0.0,1.1146631999999999e+21,4272.814024,65.36676543932704,3.8332780915347355e-12,0.14487210374364812,7.414708604994843,177.99345749576148
NGC3198,38.19,149.0,2.0,46.75,66.59,0.0,1.1785434e+21,4225.307426,65.0023647723681,3.5851945935974878e-12,0.14010575334084882,7.649137298358897,179.77751981059654
NGC3198,40.1,150.0,2.0,47.48,64.84,0.0,1.237486e+21,4188.294176,64.71703157593062,3.3845184317236723e-12,0.13612818214713227,7.8573579522045405,181.40817663480763
NGC3198,42.17,150.0,3.0,48.93,63.1,0.0,1.3013662e+21,4225.6855,65.0052728630532,3.24711483977377e-12,0.13333630856475126,8.010940715005752,183.98835838378318
NGC3198,44.08,149.0,3.0,47.84,61.63,0.0,1.3603088e+21,4035.8637740000004,63.52844854079155,2.9668732379001003e-12,0.12745271720879423,8.356665110848608,183.64738493189495
NGC0055,1.23,28.7,3.4,13.65,27.5,0.0,3.79578e+19,534.1975,23.1127129519665,1.4073457892712433e-11,0.27758756818175867,4.125569449668998,46.94538194635926
NGC0055,1.84,37.6,2.6,18.65,32.63,0.0,5.67824e+19,837.5922740000001,28.941186464967192,1.4750913557722112e-11,0.2841901768044553,4.042421160594417,58.188493126802975
NGC0055,2.46,43.1,1.2,21.85,36.38,0.0,7.59156e+19,1086.2345240000002,32.95807221304062,1.430844943595256e-11,0.2798954829781721,4.096056420032774,66.70290770042523
NGC0055,3.07,50.1,2.8,25.04,38.7,0.0,9.47402e+19,1315.939,36.275873524975246,1.388997489977855e-11,0.2757721047055693,4.149134505107615,73.89186634208673
NGC0055,3.68,58.1,4.5,28.73,39.68,0.0,1.135648e+20,1549.6840040000002,39.366026012286284,1.3645812822282964e-11,0.2733375567542925,4.181229872440067,80.49586977210281
NGC0055,4.3,64.6,4.1,32.28,39.98,0.0,1.32698e+20,1777.262584,42.157592246237215,1.3393288399222298e-11,0.27079660392814503,4.21534734874832,86.55506410080227
NGC0055,4.91,68.5,2.7,34.59,39.99,0.0,1.515226e+20,1932.1001460000004,43.955661137104975,1.2751234112931012e-11,0.2642260990060081,4.306630752673791,91.21864889379323
NGC0055,5.52,72.3,0.8,36.37,39.87,0.0,1.703472e+20,2054.000674,45.32108421033195,1.2057730763992596e-11,0.25694039910433586,4.413341344376777,95.2103255741832
NGC0055,6.14,74.2,2.4,37.73,39.71,0.0,1.894804e+20,2148.919586,46.35644060969306,1.1341118057593292e-11,0.24918823780738672,4.533774733298928,98.70520413280138
NGC0055,6.75,78.9,2.6,38.68,39.75,0.0,2.08305e+20,2222.97115,47.148394988588954,1.0671712872950721e-11,0.24172227284481276,4.657103071879595,101.74775560848857
NGC0055,7.37,82.4,2.3,39.3,40.35,0.0,2.274382e+20,2293.4263499999997,47.88973115397496,1.0083734174821993e-11,0.23496885328434167,4.775445964125241,104.65244195491083
NGC0055,7.98,84.3,4.8,39.72,41.04,0.0,2.462628e+20,2352.447936,48.50204053439401,9.55259152417661e-12,0.2286968626927653,4.891641908893768,107.27223737868175
NGC0055,8.59,85.4,7.3,40.39,41.57,0.0,2.650874e+20,2426.261954,49.25710054398249,9.152686827061565e-12,0.2238586624357946,4.985743655094419,109.98509054754871
NGC0055,9.21,85.3,4.6,40.44,42.03,0.0,2.8422060000000003e+20,2447.993214,49.47719893041642,8.613004173518737e-12,0.2171585494507783,5.1230127109423425,111.9870543930083
NGC0055,9.82,86.8,4.0,39.94,42.44,0.0,3.030452e+20,2423.7342559999997,49.231435648374095,7.997929866567758e-12,0.2092610494420119,5.296145887532578,113.29805917307777
NGC0055,10.43,85.4,5.7,39.15,42.87,0.0,3.218698e+20,2378.127474,48.76604837384304,7.388476564126239e-12,0.20113009246776795,5.488655981351486,114.24851677193188
NGC0055,11.05,85.4,7.0,37.71,43.32,0.0,3.41003e+20,2285.2904040000003,47.80471110675182,6.701672431034333e-12,0.19155398944595428,5.736413393491888,114.49615924354883
NGC0055,11.66,86.2,4.1,36.23,43.95,0.0,3.598276e+20,2201.15005,46.916415570672065,6.117235170398268e-12,0.18301099896134218,5.9793948690483445,114.72377833289622
NGC0055,12.28,86.1,6.2,35.41,44.71,0.0,3.789608e+20,2173.4007859999997,46.61974673890882,5.735159905721118e-12,0.1772035299188327,6.157987679945868,115.68826761505535
NGC0055,12.89,87.4,2.5,34.67,45.88,0.0,3.977854e+20,2170.297124,46.586447857719314,5.455949675377729e-12,0.17283622858986178,6.300219856488463,116.93309640604156
NGC0055,13.5,86.5,5.5,33.61,48.0,0.0,4.1661e+20,2189.4721,46.791795220957276,5.255447780898202e-12,0.16963070451944545,6.409288268219864,118.46078610293243
UGC00634,4.51,69.75,4.15,19.36,43.61,0.0,1.391786e+20,1249.652366,35.350422430290706,8.978768043362991e-12,0.22172158743884868,5.028622422915741,79.27187337585325
UGC00634,9.01,97.7,1.63,33.73,40.02,0.0,2.780486e+20,1874.4490839999999,43.29490829185344,6.741444064095269e-12,0.19212154518997734,5.7210385832885695,103.55576049633316
UGC00634,13.51,108.0,0.99,39.28,33.41,0.0,4.169186e+20,2056.383326,45.347362944277144,4.932337693736858e-12,0.16433346205099827,6.598876226787025,116.48956624137045
UGC00634,18.01,107.5,2.32,36.27,28.28,0.0,5.557886e+20,1683.4017640000002,41.029279350239634,3.0288526320978877e-12,0.12877711012608037,8.276083647274325,118.03378249820327
NGC0891,0.92,234.0,12.0,-5.19,121.44,254.98,2.83912e+19,36717.674139999996,191.61856418416247,1.293276583589281e-09,2.6610026699935436,1.075127919853419,198.68617621765705
NGC0891,2.32,192.0,12.0,-10.42,280.89,185.98,7.159519999999999e+19,52312.94254999999,228.72022768001958,7.306766731568597e-10,2.0001484251385016,1.1564907781294254,245.96633028910568
NGC0891,3.24,212.0,6.3,-11.44,325.09,158.37,9.99864e+19,60282.57349999999,245.52509749514405,6.029077304513413e-10,1.816874917599603,1.1940767394871028,268.2946492436471
NGC0891,4.17,223.0,4.41,-11.64,311.44,139.66,1.286862e+20,53725.392631999996,231.78738669737834,4.174914841840073e-10,1.5119012075111538,1.2828578069366248,262.53007326532446
NGC0891,5.1,222.0,4.01,-11.54,293.95,126.35,1.57386e+20,47223.797099999996,217.31037043822826,3.000508120163166e-10,1.281731348602994,1.3841909782349011,255.66922752614457
NGC0891,6.03,224.0,3.85,-11.44,280.55,116.3,1.860858e+20,42558.51015,206.29714043098124,2.2870369555334148e-10,1.119015737517551,1.4850039056438589,251.39521433617986
NGC0891,6.96,224.0,3.23,-9.02,271.7,108.06,2.147856e+20,39410.373056,198.52046004379497,1.8348703570444198e-10,1.0023105358423663,1.5798547632192614,249.52487970695356
NGC0891,7.89,226.0,3.4,6.44,260.33,101.6,2.434854e+20,35964.837294,189.6439751059864,1.4770839357924537e-10,0.8992950246560704,1.6859323278459541,246.24029292476567
NGC0891,8.8,226.0,3.21,16.24,254.4,96.17,2.7156800000000003e+20,34289.030894,185.17297560389315,1.2626314917074178e-10,0.8314533964415736,1.7712156023967265,246.4412029481194
NGC0891,9.73,227.0,2.75,25.64,241.26,91.46,3.002678e+20,31280.216431999997,176.86213962292777,1.041743950966437e-10,0.7552315020944159,1.88644299418646,242.9163336311138
NGC0891,10.64,227.0,2.65,32.27,231.49,87.46,3.283504e+20,29210.313882000006,170.9102509564596,8.896079883563414e-11,0.6979092271812533,1.9905434732597371,241.13149866760128
NGC0891,11.58,224.0,2.35,35.44,224.36,83.84,3.573588e+20,27644.608992000005,166.26668034215396,7.735813135705629e-11,0.650807558891314,2.0904074648294526,240.39238132513316
NGC0891,12.52,220.0,2.43,42.18,213.5,80.63,3.863672e+20,25737.537974,160.42923042263837,6.661418975006158e-11,0.6039249584739275,2.2058586480256626,238.2716322159161
NGC0891,13.46,218.0,2.3,46.37,208.0,77.76,4.153756e+20,24833.060996,157.58509128721536,5.978459253745284e-11,0.5721293665695313,2.29527579573555,238.74405508440069
NGC0891,14.4,217.0,2.77,49.33,200.84,75.18,4.44384e+20,23588.26838,153.58472704015853,5.308082284690718e-11,0.5390988762035932,2.3996560853140685,237.9153878169473
NGC0891,15.33,216.0,4.43,49.33,193.84,72.86,4.730838e+20,22159.410492,148.86037247031192,4.6840349409554916e-11,0.5064186209431956,2.516673191201766,236.15248107536692
NGC0891,16.27,210.0,4.47,47.29,188.07,70.73,5.020922e+20,20807.950688,144.24961243622113,4.1442489423257324e-11,0.4763459980079817,2.6388605601922173,234.32729335053506
NGC0891,17.11,208.0,4.35,45.04,182.56,68.97,5.280146e+20,19547.70827,139.81311909116397,3.702115106286834e-11,0.45021977031709015,2.7585296412679954,232.21311909893146
F563-1,1.07,22.1,7.17,1.98,18.3,0.0,3.30202e+19,157.96980000000002,12.568603741068458,4.7840352269217045e-12,0.16184406861039738,6.692267953724307,32.514246572790796
F563-1,1.78,42.7,10.66,4.03,24.51,0.0,5.49308e+19,292.58134600000005,17.105009383218707,5.326362368652924e-12,0.1707713288816971,6.37000794222365,43.17111879215648
F563-1,2.49,60.6,7.69,6.25,27.45,0.0,7.68414e+19,385.67365,19.638575559342385,5.019086716275343e-12,0.1657722960668002,6.546179086959801,50.24628127554769
F563-1,2.97,76.8,11.1,7.78,28.28,0.0,9.16542e+19,428.41726400000005,20.698243017222502,4.674278581887138e-12,0.15997676094590996,6.764233621216433,53.83228084577466
F563-1,3.04,81.6,17.5,8.01,28.2,0.0,9.38144e+19,429.9705,20.735730032964838,4.58320364464304e-12,0.15841057869843658,6.82590508445405,54.17506642465009
F563-1,3.19,87.0,8.93,8.49,28.16,0.0,9.84434e+19,436.853476,20.90104006981471,4.437610606703954e-12,0.15587418604940304,6.928414711377414,55.01547100438894
F563-1,6.95,90.0,24.8,17.83,29.57,0.0,2.14477e+20,720.125954,26.83516264157905,3.3575905761456936e-12,0.13558557019499862,7.88671145677346,75.36196395882817
F563-1,8.58,97.8,9.4,22.83,29.09,0.0,2.647788e+20,910.473826,30.174058825421547,3.4386205617670296e-12,0.13721188514158447,7.799429142020481,84.26847626219002
F563-1,9.26,93.7,25.3,24.91,28.73,0.0,2.857636e+20,1000.198034,31.62590763914927,3.500089003637972e-12,0.13843284592711674,7.735251536805932,87.9589869178174
F563-1,9.89,103.0,23.8,26.69,28.7,0.0,3.052054e+20,1091.2535,33.03412629387979,3.5754724523222717e-12,0.13991565869149417,7.658818700541485,91.42052675866262
F563-1,10.08,97.4,11.0,27.31,28.73,0.0,3.110688e+20,1125.526034,33.54886039793304,3.618254334732381e-12,0.14075024152085655,7.6165088615335295,92.58822285716305
F563-1,11.84,106.5,9.48,30.86,27.77,0.0,3.653824e+20,1307.079134,36.15354939698176,3.577290898521659e-12,0.139951233955943,7.657004870770087,100.041547846482
F563-1,14.56,112.0,11.0,30.44,25.73,0.0,4.493216e+20,1231.1287340000001,35.08744410754366,2.7399722915613237e-12,0.122482118277864,8.674661390465916,103.34227061335059
F563-1,15.43,111.5,9.4,30.7,25.11,0.0,4.761698e+20,1232.525566,35.10734347682832,2.5884160776260906e-12,0.11904650439368358,8.909996850297672,104.79407860643346
F563-1,17.93,111.0,24.3,33.36,23.48,0.0,5.5331979999999997e+20,1366.4923840000001,36.96609776538497,2.4696249510680798e-12,0.11628269949781632,9.109419595382434,111.57039257684117
F563-1,19.02,112.5,7.75,34.35,22.95,0.0,5.869572e+20,1422.20565,37.71214194394161,2.4230142334057753e-12,0.11518013570204615,9.191648852212872,114.33466198154068
F563-1,20.1,106.0,10.7,35.34,22.07,0.0,6.20286e+20,1472.9746540000003,38.379351922615896,2.3746701586042573e-12,0.1140253070956254,9.279483008409152,116.91211773640214
IC4202,0.77,35.1,3.96,2.22,20.98,133.76,2.37622e+19,8437.60148,91.85641773986181,3.5508502916396623e-10,1.394330682997088,1.3297854140004686,105.9254425398014
IC4202,1.59,77.9,3.95,3.89,40.96,176.62,4.90674e+19,15136.41126,123.03012338447849,3.084820320620208e-10,1.2996144747291243,1.3748291247246296,144.25664298068853
IC4202,2.36,115.0,6.7,4.02,58.24,176.92,7.28296e+19,15974.749039999999,126.39125381132983,2.193441820358755e-10,1.0958791468983533,1.5020554729467417,154.9030639609259
IC4202,3.13,156.0,3.16,0.9,74.68,172.53,9.65918e+19,16258.913518000001,127.5104447408133,1.6832602268515548e-10,0.9600088443012462,1.6204553306146943,162.31710655456627
IC4202,3.95,192.0,3.14,0.0,91.45,173.49,1.21897e+20,17692.465996000003,133.01302942193297,1.4514275163457677e-10,0.8914505953058843,1.6950890419273001,173.17709211812914
IC4202,4.73,204.0,2.9,0.0,107.35,174.08,1.4596780000000002e+20,19240.819694000005,138.71128178342238,1.3181550789968748e-10,0.849538092299406,1.747067907550338,183.3439898179101
IC4202,5.5,209.0,3.36,0.0,120.52,167.74,1.6973e+20,19624.41788,140.08717957043748,1.1562138620161432e-10,0.79564381144035,1.822458283896045,189.11552800350282
IC4202,6.27,220.0,3.25,0.0,132.68,159.21,1.934922e+20,19757.830990000002,140.56255187637993,1.0211176982844787e-10,0.7477174307232514,1.8991404259578542,193.70827437761116
IC4202,7.08,231.0,3.49,0.0,150.86,150.44,2.184888e+20,20879.829272000003,144.4985441864381,9.556475788232623e-11,0.7233499988927011,1.9422165886335363,201.37812885195478
IC4202,7.86,235.0,4.65,0.24,170.8,142.84,2.425596e+20,22804.974176000003,151.0131589498081,9.401802351257179e-11,0.7174723382225225,1.9530645667332738,211.0440404475164
IC4202,8.66,245.0,6.0,0.0,187.59,136.33,2.672476e+20,24736.903420000002,157.2796980541354,9.256174206990074e-11,0.7118940499162668,1.96353279810402,220.38992987135666
IC4202,9.45,246.0,5.57,3.8,199.82,130.53,2.9162699999999997e+20,26218.852118,161.9223644775483,8.99054344007928e-11,0.7016048380142369,1.9832966909590135,228.03456458697906
IC4202,10.24,239.0,6.95,0.0,208.12,125.41,3.160064e+20,27159.13715,164.80029475095,8.594489589451353e-11,0.6859771478065242,2.014495907603231,233.90590125670167
IC4202,11.02,240.0,7.16,3.35,212.98,120.9,3.400772e+20,27600.776083999997,166.13481298030223,8.116032502031891e-11,0.666609489879746,2.0552723379178777,238.1745401811674
IC4202,11.79,240.0,4.85,15.63,214.9,116.92,3.638394e+20,27776.353244000005,166.66239301054094,7.634234567229391e-11,0.6465205788959119,2.1002462557229533,241.53091292492792
IC4202,12.47,246.0,7.68,22.51,214.77,113.67,3.8482420000000003e+20,27668.330128000005,166.3379996513124,7.189862313232899e-11,0.6274222127583328,2.145768400696929,243.6592466718906
IC4202,13.34,241.0,6.21,30.77,213.03,109.94,4.116724e+20,27382.34177,165.47610634167097,6.651488360647932e-11,0.6034746352985443,2.2070574076865452,245.8340908891263
IC4202,14.11,250.0,5.62,37.16,210.67,106.85,4.354346e+20,27048.300444,164.46367515047206,6.211794020043424e-11,0.583187392034979,2.2630403905014207,247.4093700715264
IC4202,14.59,242.0,5.1,39.71,209.26,105.08,4.502474e+20,26799.398939999995,163.70521964800022,5.952149627071695e-11,0.5708690830685456,2.299031133886111,248.21896086418224
IC4202,14.98,244.0,7.41,41.88,208.03,103.7,4.622828e+20,26607.813014000003,163.11901487564228,5.755743673353196e-11,0.5613714550763349,2.3278887836800295,248.877539110194
IC4202,15.75,248.0,5.08,44.73,205.55,101.13,4.86045e+20,26140.689424000004,161.68082577720836,5.378244694215557e-11,0.5426500932075927,2.3878085736031034,249.83787208212283
IC4202,16.52,249.0,5.22,46.3,203.07,98.75,5.098072e+20,25598.624204,159.99570057973432,5.021236303449617e-11,0.5243302732226961,2.450690138727029,250.46815346810425
IC4202,17.1,246.0,6.35,46.79,201.06,97.06,5.2770600000000007e+20,25118.357012,158.48771880495977,4.759914992817969e-11,0.5105040614551807,2.5012066346716066,250.65155337732193
IC4202,17.88,241.0,16.2,46.99,198.19,94.92,5.517768e+20,24421.038049999996,156.27232016579262,4.425890695295633e-11,0.49226611840629614,2.5722789951672858,250.63464089426273
IC4202,18.65,247.0,14.6,47.18,195.23,92.94,5.7553899999999997e+20,23732.14679,154.05241572270134,4.12346457668377e-11,0.4751500039757653,2.6440461693848327,250.4972890299974
IC4202,19.62,234.0,20.9,47.77,191.47,90.61,6.054732e+20,22922.602080000004,151.40212046071218,3.7858987119495955e-11,0.4552857930000149,2.734232639907196,250.35120690490106
IC4202,20.78,249.0,10.0,51.51,186.83,88.05,6.412708000000001e+20,22276.075744000005,149.2517194004813,3.473739291419477e-11,0.43611217761863935,2.8292160212043287,251.0454747341325
IC4202,22.13,236.0,16.1,57.31,181.4,85.32,6.829318e+20,21769.748804,147.5457515620155,3.187690015899098e-11,0.4177703791728357,2.9283727589656356,252.487503388105
IC4202,23.0,245.0,22.1,59.87,177.88,83.69,7.0978e+20,21361.25973,146.15491688615884,3.009560670912114e-11,0.40593000550089475,2.9972138538739728,253.030163417242
IC4202,23.58,243.0,4.2,61.24,175.64,82.65,7.276788e+20,21083.336365999996,145.20102054049067,2.897341019966502e-11,0.39829000752308213,3.0438367481364548,253.32633894672793
IC4202,25.03,238.0,7.76,61.05,170.07,80.22,7.724258000000001e+20,19992.267018,141.39401337397564,2.5882443359608135e-11,0.3764456121418009,3.187722858911673,252.44763135102795
IC4202,25.9,247.0,6.14,60.16,166.98,78.87,7.99274e+20,19306.512358,138.94787640694622,2.41550611655077e-11,0.36366681582052124,3.280008701963054,251.64564081024182
UGC07866,0.33,12.2,4.07,3.43,9.04,0.0,1.01838e+19,49.35683599999999,7.025442050148872,4.846603036194739e-12,0.16289896622541833,6.652343291481326,18.120116358714256
UGC07866,0.66,19.4,4.07,3.44,13.22,0.0,2.03676e+19,92.22706400000001,9.603492281456782,4.5281262397140546e-12,0.1574558737510392,6.864101587856945,25.16060286332154
UGC07866,1.0,23.9,4.07,5.29,17.22,0.0,3.086e+19,164.387164,12.82135577854386,5.326868567725211e-12,0.1707794434473731,6.369730380551386,32.358954134883334
UGC07866,1.33,26.0,4.07,8.85,17.5,0.0,4.10438e+19,219.1975,14.805319989787455,5.340575190406347e-12,0.17099901949913934,6.362229726785848,37.34414077920579
UGC07866,1.67,28.2,4.07,11.12,17.11,0.0,5.15362e+19,258.320366,16.072347868310963,5.012406153344638e-12,0.16566193525042028,6.550188553188972,41.134500172346634
UGC07866,2.0,30.6,4.07,13.66,16.29,0.0,6.172e+19,308.66308599999996,17.568810033693232,5.001022132209981e-12,0.16547370519374976,6.557039417707997,44.98795418435243
UGC07866,2.32,33.1,4.07,14.34,16.35,0.0,7.159519999999999e+19,328.60395,18.12743638797279,4.589748335083917e-12,0.15852364135421643,6.82141212680067,47.34493604858497
F568-3,0.64,12.4,8.6,1.18,13.56,0.0,1.97504e+19,85.974256,9.272230368147676,4.353038723266365e-12,0.15438171761425967,6.990310963457188,24.515031802791423
F568-3,1.18,21.9,6.2,1.55,21.17,0.0,3.64148e+19,208.56019400000005,14.441613275531237,5.727346957830335e-12,0.17708278753275972,6.161825420957241,35.84845192179119
F568-3,1.8,32.3,1.88,1.6,27.72,0.0,5.5548e+19,356.023264,18.868578748808826,6.409290415496508e-12,0.18732881182989114,5.853808747247434,45.65185754190932
F568-3,2.03,37.9,6.2,1.54,29.76,0.0,6.264579999999999e+19,409.7740960000001,20.242877661044144,6.5411263963426144e-12,0.18924563615877915,5.799898761227451,48.750879702560226
F568-3,2.78,53.1,9.5,1.46,36.4,0.0,8.57908e+19,611.6132,24.730814786415753,7.12912340250936e-12,0.19756848488722598,5.57798934605414,58.40866300050087
F568-3,3.0,62.4,11.0,1.62,38.08,0.0,9.258e+19,669.6641440000001,25.877869773225154,7.233356491682869e-12,0.199007543082219,5.541508184010543,60.91756179062335
F568-3,3.64,68.0,6.2,2.96,42.4,0.0,1.123304e+20,835.7312000000001,28.909015894699703,7.439937897488126e-12,0.20182932066858603,5.471489196010962,67.62169941349653
F568-3,4.19,78.0,7.98,5.28,45.43,0.0,1.2930340000000002e+20,977.2654540000001,31.26124524071298,7.55792542191466e-12,0.2034233978993696,5.432795625344408,72.86483022207227
F568-3,4.6,82.3,6.2,6.86,46.43,0.0,1.4195599999999998e+20,1038.702254,32.2289040148746,7.317071867339177e-12,0.2001558387949,5.512775590221272,75.6712126991435
F568-3,5.14,85.7,6.3,8.92,47.19,0.0,1.586204e+20,1103.938606,33.225571567694665,6.959625659751205e-12,0.1952057218661814,5.639057477628075,78.89976711630152
F568-3,5.39,85.5,6.51,9.95,47.91,0.0,1.663354e+20,1154.871826,33.98340515604639,6.943030924265069e-12,0.19497285584677382,5.645156530929147,80.74300112659903
F568-3,6.31,89.5,15.6,14.48,50.48,0.0,1.947266e+20,1381.8563839999997,37.17332893352437,7.096392501075867e-12,0.19711442948590774,5.58961088925217,87.88651484379744
F568-3,9.1,95.2,15.5,26.69,51.31,0.0,2.80826e+20,1923.405506,43.8566472270738,6.8491005320020236e-12,0.19364949718159988,5.680096379541796,104.52334022131782
F568-3,10.17,97.5,6.2,29.9,52.01,0.0,3.1384619999999997e+20,2138.328446,46.242063600146565,6.813300419122489e-12,0.1931427330585709,5.693603348850927,110.33944897945067
F568-3,11.99,101.0,10.2,33.72,51.6,0.0,3.7001140000000003e+20,2361.816,48.59851849593771,6.383089818313704e-12,0.18694552813592383,5.864721482703973,117.6919412423551
F568-3,14.02,107.0,10.7,36.41,50.13,0.0,4.326572e+20,2481.675874,49.81642173018853,5.735894084277344e-12,0.17721487178815695,6.157627453256567,123.61729446896533
F568-3,15.94,117.0,11.7,38.69,49.27,0.0,4.919084e+20,2613.581234,51.12319663323099,5.31314617518221e-12,0.17055933159968015,6.3772687673472825,129.1027109495117
F568-3,17.98,120.0,12.0,39.0,48.97,0.0,5.548628e+20,2624.108014,51.22604819815793,4.72929166273176e-12,0.16091541604526954,6.727848817912063,132.8706212827481
UGC11820,0.26,16.0,5.09,-0.43,8.55,0.0,8.0236e+18,33.812050000000006,5.814812980655526,4.214074729547835e-12,0.151897532712449,7.096038668306899,15.489726087143255
UGC11820,0.44,18.9,4.44,1.29,13.84,0.0,1.35784e+19,89.77507600000001,9.474971028979455,6.611609320685794e-12,0.19026249819168262,5.771742159286027,22.763097131153028
UGC11820,0.61,25.8,3.36,1.97,18.2,0.0,1.88246e+19,156.2513,12.50005199989184,8.300378228488254e-12,0.21318102426149385,5.2086006698988525,28.528067334689293
UGC11820,0.79,35.8,3.79,2.55,21.35,0.0,2.43794e+19,216.18085000000002,14.703089811328775,8.867357277045375e-12,0.22034170555350502,5.05675243008737,33.06316740083825
UGC11820,1.01,44.1,7.91,3.22,24.45,0.0,3.11686e+19,285.35755,16.89252941391549,9.155289297562291e-12,0.22389048610512752,4.985111348706242,37.71656348269297
UGC11820,5.26,59.65,0.98,17.11,26.68,0.0,1.623236e+20,620.190404,24.903622306805087,3.820703853290587e-12,0.14463429779188436,7.426038045485087,67.86425815957001
UGC11820,7.91,69.15,1.23,28.49,24.35,0.0,2.441026e+20,1084.42445,32.930600510771136,4.442494467490312e-12,0.15595993698071267,6.924894473909749,86.6575148569218
UGC11820,10.52,76.95,0.54,35.7,21.4,0.0,3.246472e+20,1485.1516000000001,38.53766469312846,4.574663203625351e-12,0.15826291702432996,6.831782647527346,100.7285110076957
UGC11820,13.14,81.25,0.73,35.45,18.93,0.0,4.055004e+20,1421.541154,37.70333080776817,3.5056467367233176e-12,0.13854270993782944,7.729532292762442,104.82293763930578
UGC11820,15.82,84.45,1.31,35.37,17.02,0.0,4.882052e+20,1384.2898839999998,37.20604633658352,2.835467307599345e-12,0.12459824504731944,8.536175725321321,108.7039176138959
NGC1090,0.35,20.9,9.81,-0.82,48.76,0.0,1.0801e+19,1094.3396959999998,33.08080555246501,1.0131836829923155e-10,0.7448069091857535,1.9041307330199952,45.648284168382034
NGC1090,1.07,61.7,8.19,-2.5,98.26,0.0,3.30202e+19,4447.562696000001,66.69004945267324,1.34692179211513e-10,0.8587579942536794,1.7351711621780908,87.84806504458847
NGC1090,1.6,81.3,4.32,-3.73,114.22,0.0,4.9376e+19,6015.168764,77.55751906810842,1.218237354990279e-10,0.8167056485992278,1.7917453765389915,103.81546523518914
NGC1090,3.7,124.0,3.41,-7.4,144.04,0.0,1.14182e+20,9598.619936,97.97254684859428,8.40642127130371e-11,0.6784302095906138,2.030097821857721,139.59275563192273
NGC1090,5.09,156.0,7.02,-9.39,154.24,0.0,1.570774e+20,11031.561796000002,105.03124199970217,7.023010182241369e-11,0.620099315935766,2.163991676956509,154.50633614960716
NGC1090,6.61,166.0,6.34,-10.89,166.19,0.0,2.039846e+20,12823.385506,113.24038813956794,6.286447852435918e-11,0.5866813219330987,2.2531148019009017,169.97811533856375
NGC1090,8.17,165.0,12.1,-5.79,171.87,0.0,2.521262e+20,13621.600674000001,116.71161327819954,5.402691459277141e-11,0.5438820005575475,2.3837357252499864,180.19516131601063
NGC1090,9.11,174.0,4.84,9.64,169.05,0.0,2.8113459999999997e+20,13238.764750000002,115.05983117491526,4.7090485304903787e-11,0.5077690038078342,2.511532818751841,182.34470694089262
NGC1090,10.37,164.0,5.86,17.85,166.21,0.0,3.2001819999999997e+20,13026.473986000003,114.133579572359,4.070541608571014e-11,0.4720909797293136,2.657431324450963,186.05633560172575
NGC1090,11.28,176.0,7.35,22.68,167.76,0.0,3.481008e+20,13460.354496,116.01876786106634,3.866797920602308e-11,0.4601244818633264,2.7115340006323114,191.04504410339462
NGC1090,13.62,174.0,3.28,31.86,164.88,0.0,4.203132e+20,13520.350224,116.27704082921959,3.216732242527715e-11,0.4196691635627769,2.917699551321975,198.6160108910678
NGC1090,15.04,168.0,2.23,35.59,159.31,0.0,4.641344e+20,12941.299106,113.75983081035238,2.7882654476806717e-11,0.3907209171577043,3.0918490828163545,200.03135697019655
NGC1090,16.37,166.0,2.23,38.11,153.0,0.0,5.051782e+20,12220.512100000002,110.54642508919048,2.4190497729316114e-11,0.3639334758635104,3.278015975849784,200.14753032916894
NGC1090,17.59,167.0,4.59,40.13,146.12,0.0,5.428274e+20,11431.901924000002,106.92007259630907,2.1059920564068805e-11,0.3395689467544322,3.473153217895083,199.2605002352488
NGC1090,18.8,167.0,5.3,41.74,140.2,0.0,5.80168e+20,10784.006,103.84606877489392,1.8587729761034732e-11,0.3190162297909126,3.6611764592015863,198.70115476033013
NGC1090,20.13,165.0,3.48,42.85,134.43,0.0,6.212118e+20,10148.977954,100.74213594122372,1.6337387593088217e-11,0.2990824361298818,3.8684462237996917,198.1433204566271
NGC1090,21.35,165.0,3.12,43.55,129.7,0.0,6.588610000000001e+20,9634.763899999998,98.15683318037516,1.4623363501557988e-11,0.282958823472959,4.057631610156924,197.72284278008647
NGC1090,22.57,165.0,2.39,44.16,125.69,0.0,6.965102e+20,9217.174606,96.00611754466483,1.3233366296717549e-11,0.2691750300062402,4.237459058777266,197.62945132375003
NGC1090,23.89,165.0,2.23,45.07,121.68,0.0,7.372454e+20,8842.075204,94.03230936226123,1.1993394877743559e-11,0.2562540096882616,4.423709127849949,197.77454029543463
NGC1090,25.11,163.0,2.23,46.68,118.15,0.0,7.748946e+20,8600.35675,92.73810840210189,1.1098743945305596e-11,0.24651112248681473,4.577133908963205,198.4061100611712
NGC1090,26.33,162.0,2.23,48.39,114.89,0.0,8.125437999999999e+20,8413.459666,91.72491300622748,1.035446909569675e-11,0.23810226203330848,4.719699233693053,199.2711698623953
NGC1090,27.65,162.0,2.23,50.01,111.67,0.0,8.532789999999999e+20,8237.286994,90.75950084701877,9.65368536434156e-12,0.22990381250265404,4.868786931704764,200.2638141779209
NGC1090,28.87,162.0,2.23,51.42,108.99,0.0,8.909282e+20,8108.273646,90.04595296847049,9.100928274579253e-12,0.22322480335055267,4.998375553227273,201.31616122667194
NGC1090,30.09,160.0,2.23,52.53,106.1,0.0,9.285774e+20,7937.717500000001,89.09386903710042,8.548256181983323e-12,0.2163407683128132,5.140351636536561,201.99668101602538
UGC07608,0.6,14.6,6.69,4.56,9.68,0.0,1.8516e+19,63.896704,7.993541392899645,3.4508913372218617e-12,0.13745648858090231,7.786480533531143,22.305390421438524
UGC07608,1.19,31.5,6.69,6.39,13.08,0.0,3.67234e+19,119.53184399999999,10.933061968177075,3.2549231280328066e-12,0.13349652821188587,8.001952917762443,30.927143221793457
UGC07608,1.79,44.8,6.69,9.63,14.81,0.0,5.52394e+19,193.63150600000003,13.915153825955358,3.505315155486845e-12,0.13853615775889772,7.729873127945614,38.68781429537006
UGC07608,2.38,50.6,6.69,13.15,16.52,0.0,7.34468e+19,298.461284,17.27603206757848,4.0636390421366205e-12,0.14916164537319093,7.216561821401985,46.40974366747801
UGC07608,2.99,55.6,6.69,14.93,16.97,0.0,9.22714e+19,355.376114,18.851422068374575,3.851422152476281e-12,0.14521456065708666,7.398458739683935,51.27607157825386
UGC07608,3.59,61.4,6.69,18.09,16.51,0.0,1.107874e+20,452.63494600000007,21.275219058801724,4.0856175521765124e-12,0.14956447764120331,7.198538643156887,57.081609560560146
UGC07608,4.18,66.0,6.69,21.26,16.39,0.0,1.2899479999999998e+20,575.5583660000001,23.99079752738537,4.461872618121041e-12,0.15629971529870673,6.910983985184983,63.068808851644235
UGC07608,4.78,69.3,6.69,24.12,16.26,0.0,1.475108e+20,703.3926960000001,26.521551538324452,4.76841489572289e-12,0.16157963442486015,6.702357879487027,68.66141258675955
UGC07089,0.87,20.9,4.7,4.05,19.26,0.0,2.68482e+19,187.03839600000003,13.676198155920382,6.966515297114891e-12,0.19530231929989247,5.636531751108634,32.469183200851084
UGC07089,1.74,36.4,3.9,8.89,32.89,0.0,5.36964e+19,576.638066,24.013289362351006,1.073885895516273e-11,0.24248153487863264,4.644212383924061,51.74968258027502
UGC07089,2.61,43.4,3.9,12.07,42.35,0.0,8.05446e+19,970.70525,31.156143053978937,1.2051773179083388e-11,0.2568769156263206,4.4142979123982355,65.45977511899203
UGC07089,3.5,51.2,4.7,13.47,46.88,0.0,1.0801e+20,1192.3987240000001,34.53112688575338,1.1039706730858254e-11,0.2458546186972583,4.5879117072865725,73.96364015915638
UGC07089,4.37,59.7,3.9,14.33,50.13,0.0,1.348582e+20,1361.3366740000001,36.896296209782356,1.0094578409025181e-11,0.2350951642591473,4.773169877383225,80.60949823261443
UGC07089,5.24,64.5,4.4,18.1,50.81,0.0,1.617064e+20,1515.1718060000003,38.92520784787154,9.369893869383032e-12,0.2264993390847741,4.933882746257842,86.46201496171446
UGC07089,6.11,67.9,3.9,21.23,49.78,0.0,1.885546e+20,1590.615164,39.882517021873134,8.435833249361196e-12,0.214913450256199,5.170931585325501,90.69157729152859
UGC07089,6.55,72.8,7.3,22.41,49.26,0.0,2.02133e+20,1618.419996,40.229591049375585,8.006708434545574e-12,0.20937586093550029,5.293535017541476,92.55896997004308
UGC07089,6.98,70.3,6.1,23.49,48.73,0.0,2.154028e+20,1644.1020339999998,40.54752808741859,7.63268645532927e-12,0.2044270277790249,5.408744806618404,94.30020327628277
UGC07089,7.85,73.7,6.1,25.32,47.5,0.0,2.42251e+20,1678.9774,40.97532672230937,6.9307346512501516e-12,0.19480012855276224,5.6496899246966645,97.39456709988193
UGC07089,8.72,77.6,6.1,26.4,46.22,0.0,2.6909920000000003e+20,1679.652664,40.983565779468236,6.241760153876339e-12,0.1848643386475761,5.924768717003594,99.75747370046491
UGC07089,9.16,79.1,7.3,26.4,45.5,0.0,2.826776e+20,1649.275,40.61126690956587,5.8344736194166076e-12,0.17873122973483954,6.109879461358986,100.38362141620934
UGC07261,0.95,46.8,5.66,3.86,27.74,0.0,2.9317e+19,368.873096,19.20606924906812,1.2582225193573692e-11,0.2624691894788116,4.331818359179478,39.97363192731146
UGC07261,1.9,63.0,5.66,4.52,51.06,0.0,5.8634e+19,1219.7072560000001,34.92430752355729,2.080204754920354e-11,0.33748357857734107,3.4911775262494396,65.2549964428056
UGC07261,2.86,66.8,5.66,4.73,51.26,0.0,8.82596e+19,1231.063196,35.086510171289476,1.3948207288498926e-11,0.2763495741534317,4.141605050590256,71.40432444991957
UGC07261,3.81,69.6,5.66,12.72,49.4,0.0,1.175766e+20,1284.364,35.838024499126625,1.0923636165699637e-11,0.24455875596651752,4.609356530585006,76.94213144336646
UGC07261,4.76,73.4,5.66,18.24,44.13,0.0,1.468936e+20,1228.5277740000001,35.050360540228404,8.363385293845343e-12,0.21398860896951188,5.190964733168156,79.85765053237905
UGC07261,5.72,74.7,5.66,23.64,39.21,0.0,1.765192e+20,1266.0646860000002,35.581802736792305,7.172390799414457e-12,0.19816710989949543,5.562749199854159,83.92139369082301
UGC07261,6.67,76.1,5.66,29.52,35.32,0.0,2.058362e+20,1445.281504,38.01685815529737,7.02151275625959e-12,0.19607171512081237,5.616503545686221,90.09677403620351
UGC06399,0.87,24.8,6.5,2.79,20.37,0.0,2.68482e+19,198.655074,14.094505099505978,7.399195253313074e-12,0.2012759323852038,5.485065580919596,33.0096366061857
UGC06399,1.74,46.2,5.6,5.75,32.61,0.0,5.36964e+19,522.232066,22.85239737970614,9.725643916538167e-12,0.23075907297296114,4.852736960451125,50.34138306215823
UGC06399,2.61,60.5,5.8,9.11,37.1,0.0,8.05446e+19,716.1407000000002,26.76080529431056,8.8912316902685e-12,0.220638129429859,5.050679795384705,60.14147790121773
UGC06399,3.5,69.6,3.9,13.36,42.69,0.0,1.0801e+20,1016.810206,31.88746157974949,9.41403764466253e-12,0.22703225799292484,4.9235635381571035,70.75542138583879
UGC06399,4.37,77.5,3.7,16.6,44.26,0.0,1.348582e+20,1176.675896,34.30270974719053,8.725282526386977e-12,0.21856939614474064,5.093405572653396,77.41632622317677
UGC06399,5.24,82.9,4.5,20.91,44.12,0.0,1.617064e+20,1332.652324,36.50551087164786,8.241184789222938e-12,0.21241952304263423,5.225353545790396,83.44806496569716
UGC06399,6.11,84.1,4.9,23.38,43.61,0.0,1.885546e+20,1421.467166,37.70234960847931,7.538756232942605e-12,0.20316526243014904,5.439020091491905,87.92831441162771
UGC06399,6.98,85.6,4.9,23.92,43.31,0.0,2.154028e+20,1435.0142060000003,37.88158135558758,6.6620034929908084e-12,0.1909862191203456,5.751885727635804,90.85173487857031
UGC06399,7.85,87.6,4.9,25.86,40.62,0.0,2.42251e+20,1427.7324239999998,37.78534668360209,5.893607968594557e-12,0.17963469678373156,6.081814787937557,93.18371193240336
UGC06930,1.74,54.7,8.3,0.0,52.62,0.0,5.36964e+19,1273.677624,35.68862037120516,2.371998167474915e-11,0.36037676116452777,3.3048403027571815,64.87912718675558
UGC06930,3.5,85.4,7.0,5.24,59.95,0.0,1.0801e+20,1680.6987500000002,40.996326054903996,1.5560584668086293e-11,0.2918855252990681,3.9502899771069053,81.48157722246854
UGC06930,5.24,93.8,6.2,17.89,62.66,0.0,1.617064e+20,2126.138876,46.11007347641077,1.3148143029589429e-11,0.2683068824802304,4.249407595874789,95.0517263891566
UGC06930,6.98,98.7,5.2,25.97,65.09,0.0,2.154028e+20,2623.3266260000005,51.21842076831343,1.2178702533114706e-11,0.2582260872383647,4.39407039045557,107.36424848058276
UGC06930,8.72,103.0,5.2,29.85,66.99,0.0,2.6909920000000003e+20,2955.346146,54.36309544166888,1.0982366896668588e-11,0.24521530751464968,4.598462997695192,116.5763693797422
UGC06930,10.47,107.0,5.2,34.48,67.16,0.0,3.2310420000000003e+20,3263.6845759999997,57.12866684948984,1.0101028015110913e-11,0.23517025551233633,4.77181791916882,124.7946655200922
UGC06930,12.19,109.0,5.2,40.3,63.93,0.0,3.761834e+20,3504.1306539999996,59.195697934900636,9.31495290329132e-12,0.22583431619119979,4.946828557861597,131.65991641226813
UGC06930,13.94,108.0,7.4,42.57,59.68,0.0,4.301884e+20,3450.588004,58.74170583154698,8.021108900193496e-12,0.20956406283075069,5.2892614244581315,135.09649152089474
UGC06930,15.68,108.0,7.4,40.84,54.03,0.0,4.838848e+20,3010.7564140000004,54.87036006807318,6.222052054538601e-12,0.1845722571576419,5.933304629366188,133.65528410459552
UGC06930,16.61,108.0,7.4,39.98,51.7,0.0,5.1258459999999997e+20,2827.9298,53.17828316145605,5.517001096014199e-12,0.17380054674823595,6.268197923193718,133.13911408484597
D631-7,0.45,8.41,1.58,8.4,9.99,0.0,1.3887e+19,116.468046,10.792036230480326,8.386839922229423e-12,0.21428845820288867,5.184450630749512,24.572806810514408
D631-7,0.9,17.8,2.22,13.51,15.52,0.0,2.7774e+19,293.32048399999996,17.12660164772918,1.0560973716425432e-11,0.2404648399463114,4.678631580438525,37.045087118697836
D631-7,1.35,26.0,2.35,16.7,20.76,0.0,4.1661e+19,477.139696,21.843527553946043,1.1452910299800772e-11,0.2504133815209568,4.51424281929027,46.41039157846379
D631-7,1.8,30.9,2.22,18.72,21.37,0.0,5.5548e+19,560.509774,23.675087623913875,1.009054824656153e-11,0.235048229842766,4.774015334884886,51.72893055562681
D631-7,2.25,34.7,1.82,19.9,19.92,0.0,6.9435e+19,578.540944,24.052878081427178,8.332122762295672e-12,0.21358828728174617,5.199690176934914,54.84736696935826
D631-7,2.69,38.8,1.81,20.61,18.76,0.0,8.30134e+19,586.6633959999999,24.221135316082933,7.067092734426006e-12,0.19670708303932818,5.600082722040015,57.31809092767238
D631-7,3.14,42.5,1.57,20.73,17.36,0.0,9.69004e+19,568.362916,23.840363168374765,5.865434157134543e-12,0.17920481944867583,6.095132815338757,58.85785810181361
D631-7,3.59,45.6,1.59,20.61,16.32,0.0,1.107874e+20,547.2896039999999,23.39422159423134,4.9399986280028235e-12,0.16446103435612938,6.594166567594699,60.074277436261696
D631-7,4.04,48.8,1.83,20.38,15.37,0.0,1.246744e+20,524.0133739999999,22.891338405606604,4.203055109950397e-12,0.15169880003305813,7.104646675886806,61.01581660282298
D631-7,4.49,51.8,1.91,19.9,14.49,0.0,1.385614e+20,492.59164599999997,22.19440573658146,3.5550423566736475e-12,0.1395153500108396,7.679292589436946,61.504108616793616
D631-7,4.94,54.8,2.19,19.43,13.72,0.0,1.524484e+20,464.11456400000003,21.543318314502994,3.0444042967981304e-12,0.12910729032004226,8.25625194731954,61.90191251330092
D631-7,5.39,56.6,2.73,18.84,13.04,0.0,1.663354e+20,433.164736,20.812610023733207,2.6041644532673136e-12,0.11940810508303247,8.884589206373757,62.036205058395836
D631-7,5.84,58.4,3.27,18.25,12.45,0.0,1.802224e+20,404.36365,20.108795339353374,2.243692515469775e-12,0.11083610944494654,9.53156485496223,62.082351396868404
D631-7,6.29,58.5,3.95,17.65,11.93,0.0,1.941094e+20,376.9919539999999,19.41628064280077,1.94216227550031e-12,0.10311987081812152,10.206043824168104,62.028996476509
D631-7,6.74,57.7,4.07,17.06,11.48,0.0,2.079964e+20,351.66718399999996,18.75279136555409,1.6907368781382751e-12,0.09621385502532745,10.901530073136492,61.91696360539027
D631-7,7.19,57.3,3.94,16.47,11.08,0.0,2.218834e+20,327.73344399999996,18.103409734080483,1.4770525600382904e-12,0.08992854733337755,11.627432472664637,61.730855243903896
NGC4183,0.87,47.1,8.2,2.5,39.16,0.0,2.68482e+19,711.662576,26.677004629455684,2.6506900872311737e-11,0.3809597387159265,3.1566194206566465,47.39670777971964
NGC4183,1.74,65.9,6.6,5.78,48.78,0.0,5.36964e+19,1127.9730640000002,33.585310241234936,2.1006493247219552e-11,0.33913794373535133,3.476860128811678,62.6243129510827
NGC4183,2.61,76.1,5.6,11.64,56.83,0.0,8.05446e+19,1621.128094,40.26323501657561,2.0127086036804455e-11,0.3319632859008441,3.5399942473149317,75.75476306424977
NGC4183,3.5,85.7,5.6,13.9,59.49,0.0,1.0801e+20,1821.177646,42.67525800742158,1.6861194759744466e-11,0.30383918022526024,3.8164958366197874,83.36976012742285
NGC4183,4.37,96.6,5.2,17.89,65.42,0.0,1.348582e+20,2288.7492440000005,47.840874197698355,1.6971524490168194e-11,0.3048316317134056,3.80586283102957,93.33094705019676
NGC4183,5.24,99.3,5.2,23.49,68.37,0.0,1.617064e+20,2702.0302740000006,51.981056876519936,1.6709482580776027e-11,0.30246916274600216,3.8312895679869707,101.74605840601973
NGC4183,6.11,103.0,5.2,25.97,71.96,0.0,1.885546e+20,3056.4320359999997,55.285007334719594,1.620979830775807e-11,0.2979122823975122,3.881482133589979,108.91963248315723
NGC4183,6.98,107.0,5.2,27.48,75.74,0.0,2.154028e+20,3393.9622959999997,58.25772305883572,1.575635180229783e-11,0.29371588680856503,3.9290919048363504,115.47809221897195
NGC4183,7.85,111.0,5.2,31.47,78.27,0.0,2.42251e+20,3808.4096339999996,61.712313471462075,1.5720924305782017e-11,0.2933854970577679,3.9328985645467793,122.3850022787299
NGC4183,8.72,114.0,6.1,35.45,80.37,0.0,2.6909920000000003e+20,4227.997474000001,65.02305340415813,1.5711668685748602e-11,0.29329911967854355,3.9338952052255696,128.9670461423166
NGC4183,9.6,115.0,6.1,36.42,78.73,0.0,2.96256e+20,4177.686334,64.63502405043259,1.4101609196100667e-11,0.2778650603225248,4.1219948531295,131.22652767919087
NGC4183,10.47,111.0,5.6,37.82,74.74,0.0,3.2310420000000003e+20,3999.943496,63.24510649844777,1.23797322845076e-11,0.26034858986522463,4.36267534164955,132.10016978789503
NGC4183,11.35,110.0,5.6,41.81,70.87,0.0,3.50261e+20,4058.4522740000007,63.70598303142336,1.1586937380981614e-11,0.2518743444641982,4.491201027092337,135.00861091572654
NGC4183,12.31,111.0,5.2,40.2,67.15,0.0,3.7988660000000003e+20,3690.23635,60.74731557855046,9.71404716565417e-12,0.23062145464623646,4.855311458756851,133.85532053555457
NGC4183,13.12,109.0,4.8,38.58,64.51,0.0,4.048832e+20,3402.7248460000005,58.33287963061656,8.40421347687432e-12,0.21451029540375627,5.17964307323786,132.7588045242886
NGC4183,14.05,108.0,4.4,38.15,61.97,0.0,4.33583e+20,3221.951714,56.76223845128027,7.430991791652348e-12,0.2017079399800705,5.474460653208513,132.80981848052775
NGC4183,14.98,109.0,5.2,39.01,59.84,0.0,4.622828e+20,3168.9598760000003,56.29351539920029,6.855024404974617e-12,0.193733224021144,5.677871600518042,134.13779215091316
NGC4183,16.03,111.0,5.3,38.26,57.82,0.0,4.9468580000000003e+20,3001.6777039999997,54.78756888200096,6.067846912120784e-12,0.18227072073061407,6.001525508429527,134.21864739536073
NGC4183,16.95,110.0,4.9,36.53,56.23,0.0,5.23077e+20,2788.874834,52.809798655173836,5.331671692695341e-12,0.17085642020922956,6.367098676899108,133.25554872349076
NGC4183,17.88,109.0,4.9,37.39,54.53,0.0,5.517768e+20,2765.831714,52.591175248324696,5.012591529763484e-12,0.16566499860277265,6.550077187747488,134.59721845201682
NGC4183,18.93,110.0,5.3,36.86,52.76,0.0,5.8417979999999997e+20,2639.1236959999997,51.37240208516631,4.517656543413517e-12,0.15727373779706844,6.871441393630587,134.66470884239027
NGC4183,19.97,112.0,10.2,35.67,51.32,0.0,6.162741999999999e+20,2483.8704040000002,49.838443033465644,4.030463069847806e-12,0.14855151192026286,7.244046382896159,134.13900408039052
NGC4183,21.02,113.0,11.5,35.35,49.87,0.0,6.486772e+20,2393.650274,48.92494531422595,3.690048415452247e-12,0.14213977885045126,7.547169233720663,134.40715644719157
UGC08699,0.22,152.0,39.4,0.62,26.39,158.03,6.7892e+18,11808.54438,108.66712649186965,1.7393130825428621e-09,3.0859471568127517,1.0478739454334738,111.23788019059367
UGC08699,0.43,167.0,32.9,1.83,47.21,231.8,1.32698e+19,25744.959986,160.45236048746682,1.940116654810171e-09,3.2592188627485448,1.0399533395750524,163.6262726907473
UGC08699,0.65,179.0,20.9,2.76,65.47,250.59,2.0059e+19,30865.185340000004,175.68490356316903,1.5387200428735233e-09,2.9025479875433295,1.0580702829953637,180.71396013423578
UGC08699,0.87,188.0,15.7,3.59,80.81,244.02,2.68482e+19,30407.855690000004,174.3784840225422,1.132584519260137e-09,2.4902039278261543,1.090385381565759,182.08866337347087
UGC08699,1.08,195.0,10.6,4.38,93.2,231.39,3.3328800000000004e+19,28643.867565999997,169.24499273538345,8.594329098557402e-10,2.169229955839535,1.129006583735453,179.83079565430498
UGC08699,1.31,199.0,8.88,5.12,104.66,217.32,4.04266e+19,26789.79548,163.67588545659376,6.626774321857392e-10,1.904805750809155,1.1748831885041797,177.41161273410845
UGC08699,1.52,202.0,4.4,5.84,113.51,203.82,4.69072e+19,25070.57735,158.33691088940697,5.344718369461406e-10,1.7106533653201819,1.2206251369724768,174.93363573602085
UGC08699,1.73,202.0,2.3,6.53,120.8,191.4,5.33878e+19,23606.8769,153.64529573013291,4.421773682376872e-10,1.5559579590884274,1.2674065114798576,172.97256863087694
UGC08699,1.96,202.0,3.38,7.2,127.95,179.83,6.04856e+19,22458.454444000003,149.86145082708896,3.71302499173357e-10,1.4258161822533868,1.3163302854790082,171.93819747132346
UGC08699,2.17,200.0,4.47,7.85,133.72,170.88,6.69662e+19,21718.888388,147.37329604782542,3.243261285245392e-10,1.3325716580313496,1.3583228332094766,171.75931418513687
UGC08699,2.39,196.0,2.88,8.49,138.13,162.54,7.37554e+19,21001.68841,144.91959291275973,2.8474780707582083e-10,1.2486185919244859,1.4023295365744997,171.61377559880597
UGC08699,2.6,193.0,3.32,9.1,140.07,156.06,8.0236e+19,20311.00111,142.5166695864031,2.5314074866643404e-10,1.177282350701967,1.4453267927794884,171.33602683748953
UGC08699,2.83,189.0,2.21,9.69,139.86,149.58,8.73338e+19,19383.994260000003,139.2264136577539,2.2195294673997929e-10,1.1023767901286037,1.4971872159560444,170.35688539133764
UGC08699,3.04,184.0,14.0,10.26,138.24,144.32,9.38144e+19,18477.0052,135.93014823798288,1.9695276204932293e-10,1.0384381649795398,1.5480047524153329,169.122712430953
UGC08699,5.87,170.0,5.45,16.97,124.36,103.86,1.811482e+20,12364.043131999999,111.1937189413143,6.825374545261835e-11,0.6113118964147835,2.186454338258253,164.4184166824798
UGC08699,6.08,172.0,6.66,17.59,125.28,102.05,1.876288e+20,12319.677314,110.99404179504411,6.565984174071358e-11,0.5995832874995287,2.217493444161964,165.28400914179772
UGC08699,6.3,174.0,3.96,18.32,126.27,100.25,1.94418e+20,12292.943084,110.8735454650928,6.32294493513975e-11,0.5883818982445388,2.2483276482929395,166.2485001876669
UGC08699,6.52,176.0,5.18,18.94,127.31,98.55,2.012072e+20,12281.895356,110.82371296793842,6.104103310418316e-11,0.5781100787085024,2.277683983950558,167.2551235236695
UGC08699,6.74,178.0,3.04,19.56,128.27,96.92,2.079964e+20,12272.066078,110.77935763489513,5.900133885971103e-11,0.5683692015504795,2.306530787360968,168.24356817850472
UGC08699,6.95,180.0,2.75,20.18,129.11,95.45,2.14477e+20,12266.075916000002,110.75231788093647,5.71906354341025e-11,0.559579845699825,2.3334451609906304,169.18101397773307
UGC08699,7.16,182.0,2.34,20.9,130.08,94.04,2.209576e+20,12288.400880000003,110.85305985853526,5.561429378306064e-11,0.5518141294267802,2.3579572315240642,170.22198365329515
UGC08699,7.39,183.0,3.39,21.52,131.37,92.56,2.280554e+20,12342.808430000001,111.0981927395761,5.412197400280809e-11,0.5443602657026247,2.3821596066593105,171.47168767665414
UGC08699,7.6,184.0,7.58,22.25,132.89,91.28,2.34536e+20,12451.28613,111.58533115961076,5.308901887130335e-11,0.5391404947840661,2.3995163123196845,172.84983129379918
UGC08699,7.82,185.0,6.08,22.97,134.56,89.98,2.413252e+20,12580.90614,112.16463854530981,5.213258350143293e-11,0.5342619278979613,2.416052538371299,174.3448600176044
UGC08699,8.03,186.0,6.73,23.7,136.18,88.8,2.4780579999999997e+20,12719.688904000002,112.78159825077849,5.132926228522498e-11,0.5301296739404513,2.4303028507310485,175.8200676936603
UGC08699,8.26,187.0,6.83,24.42,137.94,87.55,2.549036e+20,12874.861606,113.46744734063599,5.050874764420746e-11,0.5258754581771582,2.4452132190070963,177.43106208293443
UGC08699,8.47,187.0,6.11,25.15,139.4,86.46,2.6138420000000003e+20,13010.060636,114.0616527847988,4.9773707194237434e-11,0.5220349713214953,2.4588870752752574,178.85823980574054
UGC08699,8.68,188.0,4.78,25.77,140.55,85.41,2.678648e+20,13106.711376000001,114.4845464506018,4.893032371554606e-11,0.5175933020902826,2.474960224151882,180.10716067119316
UGC08699,8.91,188.0,4.14,26.49,141.3,84.3,2.749626e+20,13154.922900000001,114.69491226728412,4.784258986494891e-11,0.5118078513522213,2.4963238684428397,181.21519810102933
UGC08699,9.53,187.0,5.93,28.25,140.15,81.51,2.9409579999999997e+20,12889.577696000002,113.53227600995235,4.38278196968471e-11,0.48986288554351826,2.582047128780123,182.43217117916763
UGC08699,9.78,187.0,7.63,28.97,138.99,80.46,3.018108e+20,12703.595482,112.71022793872791,4.209125545540452e-11,0.4800600245866066,2.6229250252498697,182.53925194431193
UGC08699,9.99,186.0,7.89,29.6,137.71,79.61,3.0829140000000003e+20,12514.986252,111.870399355683,4.0594665475585765e-11,0.47144831370182383,2.6602658833846737,182.46421829285825
UGC08699,10.21,186.0,9.86,30.11,136.12,78.75,3.150806e+20,12282.511874,110.82649445868077,3.898212671297439e-11,0.4619897792648884,2.702912940138406,182.20472079953973
UGC08699,11.46,182.0,2.51,33.53,126.5,74.33,3.536556e+20,11026.772394000001,105.00843963225051,3.11794084244672e-11,0.4131745270956479,2.9546183757362674,180.49904249157058
UGC08699,13.39,177.0,3.62,37.77,114.46,68.77,4.1321540000000003e+20,9628.558969999998,98.12522086599346,2.3301549192019457e-11,0.3571840038134328,3.3293796813335526,179.04504627394724
UGC08699,15.21,175.0,6.71,39.12,106.58,64.52,4.693806e+20,8670.552727999999,93.11580278341587,1.8472328698714854e-11,0.31802438917553444,3.6708703920242014,178.40536788925345
UGC08699,17.13,177.0,6.13,39.12,99.72,60.8,5.2863179999999997e+20,7805.104864000001,88.34650453753109,1.4764728236174975e-11,0.2843232220264763,4.040785641804911,177.5915416545306
UGC08699,19.06,180.0,3.95,39.01,94.0,57.64,5.8819159999999993e+20,7114.630116,84.34826682273916,1.2095769670971162e-11,0.25734536899008487,4.407250433501518,177.07613239209837
UGC08699,20.99,181.0,4.46,38.7,89.28,54.92,6.477514e+20,6551.767408000001,80.94298862779901,1.0114632570458359e-11,0.23532857158694137,4.768970404418734,176.76307551461997
UGC08699,22.92,182.0,7.09,37.05,85.64,52.56,7.073112e+20,6017.213572000001,77.57070047382581,8.507165688879237e-12,0.215820179249159,5.151458092214696,176.06085183272143
UGC08699,25.7,183.0,7.49,34.05,80.57,49.64,7.931019999999999e+20,5279.00357,72.6567517165473,6.6561470907903415e-12,0.1909022550371032,5.754181671899222,174.28811086354844
UGC05253,0.13,232.0,33.4,-2.47,8.23,149.99,4.0118e+18,10385.878080000002,101.91112834229637,2.58883246423052e-09,3.764883796903943,1.02371990189046,103.11270575978442
UGC05253,0.25,233.0,16.9,-2.73,15.54,220.78,7.715e+18,22540.6909,150.1355750646728,2.9216708878807516e-09,3.999587936574381,1.0186651934916635,151.53025195347718
UGC05253,0.38,234.0,14.6,-2.63,23.07,253.99,1.17268e+19,29926.763600000006,172.99353629543506,2.551997441757343e-09,3.738003645266562,1.0243818996572016,175.08979109919574
UGC05253,0.51,235.0,10.6,-2.41,30.21,269.15,1.57386e+19,33748.816736,183.70851024380988,2.1443341044311435e-09,3.4264612887943136,1.0335936027648749,186.768736889271
UGC05253,0.63,236.0,9.12,-2.13,36.51,276.27,1.94418e+19,35727.259679999996,189.01655927457784,1.8376518470511993e-09,3.171985701305934,1.0437544735837156,193.1074496747526
UGC05253,0.76,237.0,10.3,-1.79,43.02,278.6,2.34536e+19,36558.797084000005,191.2035488268981,1.5587712369956001e-09,2.9213984528841754,1.056924155463155,196.5702819165592
UGC05253,0.89,238.0,9.95,-1.58,49.25,279.31,2.74654e+19,37004.730156,192.36613567881432,1.347321726827208e-09,2.7160343601548242,1.0708203171642225,199.06133949670985
UGC05253,1.01,239.0,3.51,-1.03,54.76,280.44,3.11686e+19,37557.876452000004,193.79854605233757,1.2049908065168153e-09,2.5685703791867835,1.0830071249329523,201.68155045731763
UGC05253,1.14,240.0,3.18,0.66,60.48,280.12,3.5180399999999996e+19,37777.956207999996,194.3655221689279,1.0738353233050222e-09,2.42475825253507,1.0970921157537519,203.58265619911563
UGC05253,1.27,240.0,5.19,1.42,65.96,277.94,3.91922e+19,37538.644392,193.74892100860848,9.578090638443366e-10,2.2900189410732295,1.112674472866691,204.37292227934395
UGC05253,1.39,241.0,3.54,1.91,70.82,277.61,4.28954e+19,37761.728970000004,194.32377355846094,8.803211759302863e-10,2.195432948177086,1.1252522302224213,206.1345913245691
UGC05253,1.52,242.0,2.6,2.31,75.88,276.52,4.69072e+19,37827.035108,194.4917353205529,8.064227902752669e-10,2.101265836779216,1.1393434291665752,207.60053924581493
UGC05253,1.65,242.0,1.75,2.69,80.73,274.47,5.0919e+19,37658.748448000006,194.05862116381226,7.395814616940632e-10,2.0122994640602374,1.154309111478883,208.49421205495767
UGC05253,1.77,243.0,1.94,3.02,85.03,272.42,5.46222e+19,37472.788758,193.57889543542706,6.860358747542208e-10,1.9380858760514563,1.1681960226812411,209.2261044560882
UGC05253,1.9,244.0,3.09,3.34,89.52,270.29,5.8634e+19,37303.59227000001,193.14137896887868,6.362109402394517e-10,1.86638042005021,1.1829875071474922,210.07066341384694
UGC05253,2.03,244.0,1.6,3.66,93.85,268.35,6.264579999999999e+19,37190.386300000006,192.8480912531934,5.936612877479417e-10,1.8028889134399084,1.1973496089123767,211.0210759417296
UGC05253,2.16,244.0,3.0,3.96,97.99,266.67,6.665760000000001e+19,37144.54894,192.729211434074,5.572440192866228e-10,1.746716051535279,1.2111604259620021,212.1037663888523
UGC05253,2.28,245.0,2.19,4.26,101.66,265.58,7.036079999999999e+19,37217.19392,192.91758323180395,5.289478505076691e-10,1.7017902515154657,1.223027305616117,213.3486451856916
UGC05253,2.41,245.0,3.01,4.56,105.49,264.78,7.43726e+19,37389.62430999999,193.3639684894784,5.027338604539843e-10,1.6590851334573193,1.2350451645991543,214.89037835660412
UGC05253,2.54,246.0,2.64,4.87,109.17,264.37,7.83844e+19,37656.126368000005,194.0518651495007,4.804033247431889e-10,1.6218198268998083,1.2461663020982336,216.6236269370319
UGC05253,2.66,246.0,2.38,5.17,112.45,264.0,8.20876e+19,37903.59005,194.6884435450651,4.617456235777389e-10,1.590014178965454,1.2561594527323858,218.20392511089415
UGC05253,2.79,246.0,3.72,5.46,115.87,263.68,8.60994e+19,38188.191278,195.41799118300239,4.4353609058832e-10,1.5583466988059211,1.266598418850604,219.92976763384996
UGC05253,2.92,247.0,3.54,5.76,119.17,263.16,9.01112e+19,38422.32787000001,196.01614186081719,4.2638792813767884e-10,1.5279250582293713,1.2771154480753388,221.51692593071218
UGC05253,3.04,247.0,3.74,6.05,122.1,262.58,9.38144e+19,38610.669044,196.4959771700174,4.1156441915100453e-10,1.50113072488563,1.2867992477777952,222.89948380832246
UGC05253,3.17,247.0,5.11,6.34,125.13,261.72,9.78262e+19,38751.43823800001,196.85384994457183,3.9612535535470057e-10,1.472705552103529,1.2975288896409725,224.23449919435424
UGC05253,3.3,247.0,3.63,6.65,128.05,260.64,1.01838e+20,38836.028066,197.06858721267577,3.813510483905811e-10,1.444980796846853,1.3084733920610474,225.42384385352193
UGC05253,3.42,247.0,3.84,6.94,130.65,259.42,1.055412e+20,38857.516694000005,197.1231003560973,3.6817391401651684e-10,1.419796530121921,1.3188492097899143,226.37845565839586
UGC05253,3.55,248.0,5.12,7.23,133.35,257.92,1.09553e+20,38832.54939400001,197.05976097113285,3.5446358743256693e-10,1.3931100250524082,1.3303212687068695,227.28784916257243
UGC05253,3.68,248.0,2.77,7.53,135.94,256.73,1.135648e+20,38876.09009000001,197.17020588821225,3.423251754945195e-10,1.3690490964316344,1.341109453745958,228.33548113330647
UGC05253,3.8,248.0,3.24,7.83,138.27,255.39,1.17268e+20,38858.9256,197.12667399416043,3.313685370262988e-10,1.346961673336975,1.3514045218760276,229.1596119980223
UGC05253,3.93,248.0,6.79,8.14,140.68,253.66,1.212798e+20,38768.01828,196.89595800828414,3.196576699499833e-10,1.3229461536254903,1.3630467316763764,229.8752283525217
UGC05253,4.06,248.0,8.39,8.44,143.0,251.85,1.2529159999999998e+20,38654.84795,196.6083618516771,3.085190703127744e-10,1.2996924922423383,1.37478892301568,230.52604361007755
UGC05253,4.18,248.0,2.73,8.74,145.04,249.97,1.2899479999999998e+20,38496.32475,196.2048030757657,2.98433151956513e-10,1.2782715883444498,1.386036500671572,230.99201554427466
UGC05253,4.31,248.0,13.7,9.04,147.17,247.82,1.3300659999999998e+20,38295.651798,195.6927484553273,2.87922943658435e-10,1.2555607769585095,1.3984371635454493,231.4175072817943
UGC05253,4.44,248.0,4.89,9.34,149.24,245.63,1.3701840000000002e+20,38086.305870000004,195.15713123019614,2.779649001156048e-10,1.2336574414045958,1.4108859476300248,231.80904587423225
UGC05253,4.56,248.0,5.71,9.66,151.08,243.5,1.4072159999999998e+20,37867.327144,194.59529065216353,2.6909392121749616e-10,1.2138123357680706,1.422601816412398,232.09939331617588
UGC05253,4.69,248.0,15.1,9.96,152.98,241.12,1.4473340000000002e+20,37608.39960800001,193.92885192255434,2.598460314481661e-10,1.1927725816364085,1.4355007012005727,232.3507779378312
UGC05253,4.82,248.0,10.5,10.27,154.8,238.76,1.487452e+20,37351.386596000004,193.26506822496404,2.5110986166948583e-10,1.1725503148249143,1.4483862134009782,232.59241904468104
UGC05253,4.94,248.0,1.58,10.63,156.43,236.51,1.524484e+20,37100.3664,192.6145539672431,2.433634357592471e-10,1.1543227823994584,1.460431730850807,232.77145941191142
UGC05253,4.99,248.0,4.77,10.73,157.09,235.57,1.539914e+20,36993.55968,192.33709907347568,2.4023133551613926e-10,1.1468706298320435,1.4654788756566366,232.83745456086544
UGC05253,5.07,248.0,4.36,10.94,158.13,234.04,1.564602e+20,36818.40011,191.8812135410864,2.353211878164542e-10,1.135089533586892,1.4736077106888792,232.92891254055232
UGC05253,5.2,248.0,8.45,11.25,159.77,231.52,1.60472e+20,36525.42561800001,191.1162620448611,2.276124533750437e-10,1.116342896420154,1.4869340536537243,233.04698920089132
UGC05253,5.45,247.0,8.25,11.88,162.71,226.76,1.68187e+20,35972.669582,189.66462396029473,2.1388495889694215e-10,1.082155635691135,1.5125487164000033,233.26040212975616
UGC05253,5.58,247.0,2.34,12.19,164.01,224.24,1.721988e+20,35652.710642000005,188.8192538964181,2.0704389718162964e-10,1.064708742402983,1.5263173917787345,233.27527155045684
UGC05253,5.7,247.0,2.34,12.5,165.02,222.01,1.75902e+20,35355.46863,188.0304992015923,2.0099526230514723e-10,1.0490411241042668,1.5391090461577883,233.2722049443116
UGC05253,5.83,247.0,6.13,12.81,165.84,219.54,1.799138e+20,34986.426012,187.04658781170002,1.9446215916733458e-10,1.0318513934297247,1.5536312216738513,233.1437406130076
UGC05253,6.47,247.0,6.89,14.58,169.31,208.79,1.996642e+20,33451.780892,182.89828017780812,1.6754020446329384e-10,0.9577653558934938,1.6227166624874294,232.986613871542
UGC05253,6.59,246.0,5.95,14.9,170.15,206.9,2.033674e+20,33230.98095,182.29366678521774,1.6340367703968285e-10,0.9458679626412806,1.634901505684694,233.0866379493565
UGC05253,6.66,246.0,2.29,15.11,170.65,205.85,2.055276e+20,33116.3088,181.9788691029813,1.611282805812942e-10,0.9392592690404167,1.6418131527698514,233.17545187911176
UGC05253,6.72,246.0,4.73,15.31,171.08,204.88,2.073792e+20,33006.719268,181.6775144810166,1.59161185249051e-10,0.9335083039235066,1.647913198391059,233.22137191373707
UGC05253,6.85,246.0,3.02,15.63,172.07,202.98,2.11391e+20,32816.420937999996,181.15303182116494,1.5524038837036582e-10,0.9219385256348818,1.6604324347692718,233.42975328457305
UGC05253,6.97,246.0,5.81,16.04,173.03,201.26,2.150942e+20,32661.967110000005,180.72622142345588,1.5184959478219314e-10,0.9118143480996375,1.6716665295899997,233.66625175312848
UGC05253,7.1,246.0,6.32,16.36,174.15,199.41,2.19106e+20,32510.232076,180.30594021273953,1.4837673124423794e-10,0.9013272530942243,1.683587837991607,233.95262625890362
UGC05253,7.23,246.0,8.92,16.67,175.27,197.66,2.231178e+20,32380.85121,179.94680105520075,1.451289462786026e-10,0.8914081988192557,1.6951389976023277,234.2862430054943
UGC05253,8.32,246.0,2.13,19.69,182.58,184.24,2.567552e+20,31336.419740000005,177.02095847667306,1.2204784845642857e-10,0.8174565294316203,1.7906812046365912,236.88296234432116
UGC05253,10.0,245.0,2.18,23.65,183.56,168.07,3.086e+20,29052.54981,170.44808538085724,9.414306484121839e-11,0.7179492887142177,1.9521773875602728,238.15064725935662
UGC05253,11.61,245.0,0.94,26.98,182.9,155.97,3.5828459999999997e+20,27306.283814000002,165.24613101068357,7.621394783364956e-11,0.645976668583839,2.1015042120702785,239.55014183069784
UGC05253,13.35,246.0,2.02,29.27,173.27,145.45,4.11981e+20,24398.702784,156.200841175712,5.922288354074581e-11,0.5694352891472189,2.3033242512037937,237.06143469636876
UGC05253,14.98,245.0,1.33,30.52,164.53,137.31,4.622828e+20,22056.58262,148.5145872296725,4.7712315102357256e-11,0.5111105532162701,2.4989321231078283,234.77202310986678
UGC05253,16.61,245.0,1.36,32.19,157.52,130.4,5.1258459999999997e+20,20271.882884,142.37936256354007,3.9548365058177714e-11,0.46533301919653464,2.6876371090748066,233.41693321148918
UGC05253,18.34,245.0,1.59,34.17,152.73,124.1,5.659724e+20,18982.129834,137.77565036681918,3.3538967331269156e-11,0.4285233056928934,2.8691968236128083,233.37409158927375
UGC05253,19.97,245.0,2.03,36.46,150.07,118.93,6.162741999999999e+20,18195.392508,134.8902980499339,2.9524832465808256e-11,0.4020622735994641,3.0205921665190956,234.4373265425219
UGC05253,21.6,245.0,2.36,38.96,146.26,114.35,6.66576e+20,17373.120246,131.8071327584361,2.6063224967595586e-11,0.3777580079626272,3.1786025736529866,234.9941376424493
UGC05253,23.33,244.0,4.61,41.25,143.04,110.03,7.199637999999999e+20,16682.40205,129.16037337356997,2.317116784204984e-11,0.356183309403033,3.3371624913039435,235.94890630412343
UGC05253,26.7,243.0,10.6,44.17,136.92,102.85,8.23962e+20,15440.584993999999,124.26015046667213,1.8739438219238266e-11,0.32031545002669426,3.648569886663719,237.35217176503798
UGC05253,29.95,239.0,17.0,44.8,130.32,97.11,9.24257e+20,14157.321069999998,118.98454130684371,1.5317515658523544e-11,0.28959680735905396,3.97717614380542,237.2891898502707
UGC05253,33.32,231.0,18.3,44.07,123.68,92.07,1.0282552e+21,12878.033458000002,113.48142340489038,1.2524160790045117e-11,0.26186286826407434,4.3405896696008,236.4281264836489
UGC05253,36.68,219.0,12.1,44.17,117.57,87.75,1.1319448e+21,11851.461904,108.8644198257631,1.0469999865717834e-11,0.23942689932261724,4.6965733518803,235.92638716165465
UGC05253,39.94,210.0,7.5,43.75,111.91,84.09,1.2325483999999998e+21,10927.751552000002,104.53588643140691,8.865981694511958e-12,0.22032461421795826,5.057103068928254,235.08033926746128
UGC05253,43.3,210.0,3.56,43.34,107.39,80.76,1.3362379999999998e+21,10183.558862,100.91362079521278,7.621066652796884e-12,0.20427136132657894,5.412459632499066,234.7724456910417
UGC05253,46.67,212.0,2.64,44.9,104.0,77.79,1.4402362e+21,9774.960686000002,98.8684008467822,6.787053877690342e-12,0.19277035697496056,5.703573829516346,236.11905885214088
UGC05253,49.92,213.0,6.5,46.88,101.06,75.22,1.5405312e+21,9498.473520000001,97.4601124563275,6.16571317737674e-12,0.18373473282712305,5.957931700525202,237.88916850375344
UGC05253,53.29,218.0,6.53,47.82,96.26,72.8,1.6445294e+21,8987.033096000001,94.7999635864909,5.464805369852313e-12,0.17297643921734554,6.295541670599768,237.86181145977858
F571-V1,1.95,32.0,10.0,7.85,23.82,0.0,6.0177e+19,322.62300400000004,17.961709384131566,5.361234425112584e-12,0.17132944261861566,6.350978891573754,45.26557067286476
F571-V1,3.88,57.6,10.0,15.1,35.57,0.0,1.197368e+20,810.013454,28.460735303220822,6.764949906795573e-12,0.1924561952356137,5.712015703635994,68.02065546144371
F571-V1,5.83,70.9,7.0,20.84,33.21,0.0,1.799138e+20,941.641486,30.686177441968884,5.233848020552064e-12,0.16928175660923112,6.421411181071284,77.76031871565972
F571-V1,7.78,77.0,6.0,25.68,32.58,0.0,2.400908e+20,1147.732344,33.87819865341131,4.780409511734726e-12,0.1617827279541735,6.694605563783578,87.65623386774479
F571-V1,9.72,82.5,6.0,29.5,31.97,0.0,2.999592e+20,1340.407214,36.61157213231904,4.468631780588827e-12,0.15641805746847867,6.906153287863452,96.21360448523893
F571-V1,11.66,84.3,6.0,30.81,29.08,0.0,3.598276e+20,1338.253444,36.5821465198531,3.7191517382213045e-12,0.14269920447489548,7.519635112679657,100.31539057974543
F571-V1,13.59,83.9,6.0,28.8,26.58,0.0,4.193874e+20,1154.428344,33.97687955065915,2.7526538565536302e-12,0.122765236437461,8.65585629637904,99.96282233976203
UGC00731,0.91,29.6,2.38,0.8,7.82,0.0,2.80826e+19,28.770104000000003,5.363777027431324,1.0244814938787721e-12,0.07489479943609662,13.858302575807329,19.967593905361877
UGC00731,1.81,44.6,2.4,5.58,11.42,0.0,5.58566e+19,91.12794400000001,9.546095746429533,1.6314624234199723e-12,0.09451225840231121,11.088512926286818,31.787944019548377
UGC00731,2.73,50.4,2.86,7.79,12.3,0.0,8.42478e+19,130.27750000000003,11.413916943801546,1.546360854526765e-12,0.09201423648915402,11.375550244015276,38.496470577375014
UGC00731,3.64,56.8,3.43,14.0,13.66,0.0,1.123304e+20,281.833976,16.787911603293605,2.5089733144366975e-12,0.11720540078841785,9.041794918048142,50.48054092350935
UGC00731,4.55,60.7,2.98,16.12,14.46,0.0,1.40413e+20,356.03653600000007,18.868930441336627,2.535637982238112e-12,0.11782656788870727,8.996866838618013,56.596937232281654
UGC00731,5.45,64.7,2.46,18.25,14.91,0.0,1.68187e+20,435.324226,20.864424890228822,2.5883345680700654e-12,0.11904462998404074,8.91012895711112,62.279972638197144
UGC00731,6.36,68.0,2.38,23.38,14.47,0.0,1.962696e+20,642.9396139999999,25.35625394256809,3.2757982591292786e-12,0.13392392749898813,7.978082572471336,71.62000648984086
UGC00731,7.28,71.5,2.52,30.0,14.77,0.0,2.246608e+20,1000.350334,31.628315383529362,4.452714198471652e-12,0.15613922285389056,6.917546969148709,83.18635958526252
UGC00731,8.19,73.4,2.68,33.62,14.75,0.0,2.527434e+20,1230.3831499999997,35.07681784312824,4.868111887392506e-12,0.16326003260900343,6.638796808334614,90.37844726066434
UGC00731,9.09,74.0,2.83,34.88,13.66,0.0,2.805174e+20,1302.448376,36.08944964944742,4.6430217020405874e-12,0.15944098181501873,6.785194332038908,94.0072621588805
UGC00731,10.0,73.8,3.22,36.0,13.17,0.0,3.086e+20,1375.786494,37.091596002329155,4.458154549578744e-12,0.1562345796237269,6.913645935709191,97.5279483155813
UGC00731,10.91,73.9,3.42,35.75,12.83,0.0,3.3668260000000003e+20,1353.782594,36.79378471970504,4.020946119579686e-12,0.14837602428102906,7.2519934734910825,99.08391663743328
UGC05986,0.63,29.5,2.53,-2.22,32.45,0.0,1.94418e+19,489.3095500000002,22.120342447620473,2.5167913979158318e-11,0.3712130313932758,3.224734551858661,39.72270650949421
UGC05986,1.26,50.8,3.76,-8.54,43.44,0.0,3.88836e+19,940.967056,30.6751863238025,2.419958686952854e-11,0.36400184013964193,3.277505571251035,55.53399651027904
UGC05986,1.88,68.2,2.58,-2.13,53.72,0.0,5.80168e+19,1332.022564,36.496884305375985,2.29592560086044e-11,0.35455083177800106,3.34995422927906,66.79981004289561
UGC05986,2.51,84.3,2.28,8.88,65.57,0.0,7.74586e+19,2056.589854,45.34964006472377,2.6550826557670803e-11,0.381275260149737,3.154473267471954,80.54475598446523
UGC05986,3.13,95.3,2.01,11.55,69.99,0.0,9.65918e+19,2386.758546,48.85446290770169,2.4709742918135907e-11,0.36781862513548985,3.2493139354188956,88.06433900278785
UGC05986,3.77,106.0,3.58,16.04,70.54,0.0,1.163422e+20,2546.191736,50.459803170444495,2.1885366926188437e-11,0.346159710812626,3.417629141704936,93.28418449727629
UGC05986,4.39,112.0,4.25,20.82,71.78,0.0,1.3547539999999998e+20,2803.5618640000002,52.948671975791804,2.0694250498614514e-11,0.33660801603638224,3.498812413868344,99.0410877000605
UGC05986,5.02,115.0,3.18,24.3,71.41,0.0,1.549172e+20,2936.2085259999994,54.186792911188235,1.895340559989465e-11,0.32213894458830505,3.631049159311655,103.25462459326464
UGC05986,5.65,116.0,2.32,25.4,67.79,0.0,1.74359e+20,2759.082686,52.52697103393646,1.5824148372037005e-11,0.29434711018536885,3.921843053027952,104.0225420993873
UGC05986,6.28,116.0,2.01,24.6,64.52,0.0,1.938008e+20,2520.061984,50.20021896366588,1.3003362132664053e-11,0.26682556145491,4.2699759962055115,103.73333206173432
UGC05986,6.9,116.0,2.28,25.5,61.11,0.0,2.12934e+20,2368.088766,48.66301229887028,1.1121233649863338e-11,0.24676075238689374,4.573050869024304,104.0643569589655
UGC05986,7.54,114.0,3.05,25.7,56.38,0.0,2.326844e+20,2122.6940240000004,46.0727036758209,9.122631444136353e-12,0.22349080923170528,4.993065677712199,102.95023397505804
UGC05986,8.16,112.0,3.69,24.6,53.17,0.0,2.518176e+20,1905.6024940000002,43.65320714449283,7.567392009136772e-12,0.20355075577856097,5.429730458333226,101.71975178473234
UGC05986,8.79,109.0,5.1,24.9,50.65,0.0,2.7125939999999997e+20,1800.1043499999996,42.427636629913756,6.636099431024325e-12,0.19061454883875067,5.7620642006023415,101.84457193431345
UGC05986,9.41,107.0,6.39,27.79,48.55,0.0,2.903926e+20,1856.55125,43.08771576679367,6.3932457300909174e-12,0.18709419028428115,5.860483496373178,104.30861882316339
UGC11914,0.28,168.0,49.7,0.42,42.14,211.56,8.640800000000001e+18,21405.546472,146.3063446061038,2.477264428293677e-09,3.682864889314362,1.0257997007736637,148.18165596953745
UGC11914,0.37,187.0,40.2,0.61,53.98,220.85,1.14182e+19,23777.111033999998,154.19828479590814,2.0823869816608567e-09,3.3766054977281783,1.0353716343917263,156.9017090805136
UGC11914,0.47,204.0,26.9,0.79,66.33,227.4,1.45042e+19,25811.421394000005,160.65933335477277,1.7795825618786283e-09,3.121466468053732,1.0461262820849817,164.32287210925318
UGC11914,0.56,218.0,23.5,0.96,76.79,231.5,1.7281600000000002e+19,27365.840486,165.42623880751202,1.583524701763725e-09,2.944503157911865,1.055551792121337,169.95900084403868
UGC11914,0.65,232.0,8.63,1.14,86.68,234.01,2.0059e+19,28647.386749999998,169.25538913133607,1.4281562764843709e-09,2.796323868131228,1.0650013111436065,174.669701006179
UGC11914,0.75,243.0,4.97,1.31,97.06,236.69,2.3145e+19,30105.403962000004,173.50908898959733,1.3007303504860664e-09,2.66865996350135,1.0745121388523127,179.85722671669745
UGC11914,0.84,253.0,3.65,1.48,105.9,240.47,2.59224e+19,31760.880614,178.2158259358579,1.2252291691355739e-09,2.5900507092462672,1.0811000569841662,185.30161856190762
UGC11914,0.93,262.0,2.86,1.66,114.28,245.03,2.86998e+19,33628.580478,183.3809708721164,1.1717357081930885e-09,2.5328789560710008,1.0862835162881619,191.1286808655919
UGC11914,1.03,269.0,3.8,1.83,123.11,249.19,3.17858e+19,35539.143872,188.5182852457554,1.1180824101328265e-09,2.4742097318406424,1.0919766802277595,196.99724958354946
UGC11914,1.12,275.0,5.39,2.0,130.64,251.82,3.4563200000000004e+19,37024.85612,192.41844017661091,1.0712218810758262e-09,2.4218058324502487,1.0974071597248007,201.57217614013248
UGC11914,1.21,280.0,5.01,2.17,137.79,253.43,3.73406e+19,38282.61944,195.65944761242685,1.0252277531694725e-09,2.3692439498898765,1.1032065492962813,205.50823947089114
UGC11914,1.3,284.0,10.0,2.33,144.6,253.93,4.0118e+19,39284.647154000006,198.2035498017127,9.792274578493447e-10,2.3154819218310445,1.109531382382914,208.7763129840228
UGC11914,1.41,287.0,6.59,2.5,152.47,253.45,4.35126e+19,40248.891564,200.62126398764414,9.249939457536438e-10,2.2504483418161745,1.1177580209766922,212.1049772661691
UGC11914,1.5,289.0,3.56,2.66,158.56,252.44,4.629e+19,40886.000112,202.2028687036858,8.832577254698637e-10,2.199091629980687,1.124737751817529,214.44353067132175
UGC11914,1.59,290.0,6.13,2.82,164.36,251.04,4.90674e+19,41424.186352000004,203.52932553320173,8.442303107969852e-10,2.1499584834861305,1.1318478129694505,216.53146359490154
UGC11914,1.68,291.0,10.2,2.97,169.88,249.18,5.18448e+19,41845.768828,204.5623837072691,8.071353120853006e-10,2.1021939275933423,1.13919617283785,218.33584153389702
UGC11914,1.78,292.0,8.61,3.12,175.7,246.75,5.49308e+19,42217.51854999999,205.46902090096208,7.685582323578028e-10,2.0513416249688032,1.1475289699255669,220.10412439228622
UGC11914,1.87,292.0,11.2,3.26,180.66,244.32,5.77082e+19,42482.56468,206.11299008068366,7.361616664529478e-10,2.007641677153367,1.1551412930872271,221.52508819119552
UGC11914,1.96,291.0,5.15,3.39,185.38,241.92,6.04856e+19,42741.366268,206.7398516687095,7.066370552329811e-10,1.9669703209134262,1.1626284791195916,222.91776434294837
UGC11914,2.05,291.0,4.92,3.5,189.88,239.71,6.326299999999999e+19,43029.28731000001,207.4350194880315,6.80165140919653e-10,1.929775499609951,1.169838003083563,224.3597458120313
UGC11914,2.16,291.0,9.32,3.61,195.08,237.06,6.665760000000001e+19,43369.7111,208.2539581856729,6.506341527447732e-10,1.8874177341980232,1.1784981881517924,226.07769892675543
UGC11914,2.25,290.0,7.19,3.7,199.1,234.93,6.9435e+19,43636.830854,208.89430546091964,6.284558342910635e-10,1.8549704020975255,1.1854768278309415,227.44329363029212
UGC11914,2.34,290.0,12.2,3.76,202.92,232.89,7.221239999999999e+19,43904.705709999995,209.53449766088636,6.07993997014363e-10,1.8245226068155211,1.192313811076807,228.7972617609217
UGC11914,2.43,290.0,7.94,3.79,206.55,231.12,7.49898e+19,44210.868274,210.2638063814122,5.895584235989428e-10,1.796648121596277,1.1988307270785084,230.22021491974064
UGC11914,2.46,290.0,5.16,3.79,207.71,230.63,7.59156e+19,44327.83896,210.54177485715275,5.839094857973856e-10,1.7880199842940891,1.2008998307680885,230.72341516495257
UGC11914,2.53,290.0,3.56,3.79,210.36,229.44,7.80758e+19,44585.623972,211.15308184348152,5.710556148255926e-10,1.768230210272574,1.2057413195695257,231.85928724515213
UGC11914,2.62,290.0,3.79,3.8,213.61,227.9,8.08532e+19,44895.555366,211.88571298225844,5.552724612754969e-10,1.743623327927034,1.2119531302604265,233.2623177039189
UGC11914,2.71,290.0,5.65,3.81,216.71,226.55,8.36306e+19,45227.054336,212.6665331828212,5.407955262308293e-10,1.7207435420639432,1.2179274845940433,234.69825845762594
UGC11914,2.8,290.0,9.38,3.84,219.64,225.09,8.6408e+19,45512.07494199999,213.33559230001916,5.267113570734192e-10,1.6981886919111058,1.2240122613574576,236.0240194743482
UGC11914,2.99,290.0,10.6,3.94,225.37,221.46,9.22714e+19,45940.16111000001,214.33656036710119,4.978808288375381e-10,1.6510579060597843,1.2373892178358745,238.42369853510152
UGC11914,3.28,291.0,15.3,4.12,233.01,215.11,1.012208e+20,46277.321612,215.12164375534135,4.5719181840096107e-10,1.5821542718929937,1.2587036992089113,241.3491990923212
UGC11914,3.74,292.0,18.8,4.56,241.64,204.42,1.154164e+20,46102.40956,214.71471668239232,3.994441826291584e-10,1.4788620130337176,1.2951637935421099,244.3566484816029
UGC11914,3.83,292.0,15.2,4.69,242.91,202.36,1.181938e+20,46001.221442,214.4789533777149,3.8920164545009973e-10,1.459778412957267,1.3025713582818557,244.78536209571513
UGC11914,4.02,292.0,19.8,5.12,245.41,198.15,1.2405719999999998e+20,45791.380076,213.9892055128015,3.6911505399122347e-10,1.421610040504811,1.3180877342267765,245.67673152232385
UGC11914,4.09,292.0,2.4,5.35,246.19,196.62,1.262174e+20,45692.33513000001,213.75765513777515,3.6201296437733633e-10,1.4078671159511458,1.323915121529771,245.95278696654972
UGC11914,4.12,292.0,9.0,5.4,246.51,195.97,1.271432e+20,45648.01366,213.6539577447607,3.5902835275500376e-10,1.4020515325853744,1.3264210540101047,246.0660203936432
UGC11914,4.3,291.0,8.71,6.12,248.01,192.16,1.32698e+20,45317.290221999996,212.87858093758516,3.4150695731661363e-10,1.3674119819327701,1.341859409030761,246.59568584257187
UGC11914,4.39,291.0,7.92,6.56,248.54,190.25,1.3547539999999998e+20,45107.942886000004,212.38630578735533,3.3296039639668904e-10,1.3501931277344184,1.3498741494034046,246.759085009198
UGC11914,4.49,291.0,8.84,7.04,249.06,188.24,1.385614e+20,44883.54495200001,211.85736935967088,3.2392531362991434e-10,1.3317479814236666,1.3587240151165374,246.95009700310925
UGC11914,4.58,290.0,4.2,7.58,249.41,186.48,1.413388e+20,44668.32011,211.34881147051667,3.160372106597764e-10,1.3154329410326502,1.3667888898808926,247.08736037278646
UGC11914,4.87,289.0,10.6,9.59,250.14,181.04,1.502882e+20,43950.898651999996,209.64469621719505,2.9244410839972794e-10,1.2653802200476287,1.39301376419674,247.43525773634593
UGC11914,4.91,288.0,2.26,10.06,250.19,180.31,1.515226e+20,43850.300412000004,209.40463321521804,2.8939775592551877e-10,1.2587723154853039,1.3966528783720564,247.4745406863081
UGC11914,4.96,288.0,6.97,10.42,250.25,179.41,1.530656e+20,43722.561276,209.0994052502302,2.856459013390337e-10,1.2505861125735505,1.4012214318268794,247.51765576276614
UGC11914,5.05,287.0,3.23,11.18,250.32,177.88,1.55843e+20,43503.634928,208.57525003700704,2.791503944867591e-10,1.2362853593871208,1.409366147732497,247.61371200084272
UGC11914,5.14,287.0,10.2,12.03,250.34,176.33,1.586204e+20,43275.41777,208.02744475188845,2.72823784141258e-10,1.222195604311379,1.4176005558617009,247.68378284800832
UGC11914,5.24,286.0,10.3,12.78,250.33,174.68,1.617064e+20,43025.305598000006,207.42542177370643,2.6607051791394783e-10,1.2069741830214535,1.426738958238615,247.76173975573502
UGC11914,5.33,286.0,17.8,13.42,250.26,173.23,1.644838e+20,42793.898629999996,206.86686208767222,2.601709021192361e-10,1.193517976488562,1.4350350337301272,247.81191207031534
UGC11914,5.42,285.0,11.4,14.16,250.17,171.83,1.672612e+20,42571.371388,206.32830971051936,2.5452030350134997e-10,1.1804859416002176,1.4432710521852632,247.8750249140247
UGC11914,5.51,285.0,12.0,14.91,250.09,170.39,1.700386e+20,42348.077792,205.78648593141386,2.4904979100039635e-10,1.1677306890561105,1.4515306204351641,247.9304975828072
UGC11914,5.61,284.0,4.03,15.66,250.01,168.9,1.731246e+20,42120.05224600001,205.2317038032867,2.4329328267617664e-10,1.1541563951636342,1.4605436323536478,248.02857517289874
UGC11914,5.71,284.0,4.73,16.4,249.99,167.49,1.762106e+20,41920.994092,204.74616990801073,2.379027941111374e-10,1.1412988366814283,1.46930021817138,248.1824445147898
UGC11914,5.8,283.0,6.44,17.15,249.96,166.22,1.78988e+20,41744.3039,204.3142283346904,2.332240368069368e-10,1.1300203311053072,1.477163107545101,248.32065091576877
UGC11914,5.89,283.0,4.96,17.89,249.9,164.93,1.817654e+20,41559.932954,203.86253445397955,2.286460071828852e-10,1.1188745979842176,1.4851055730841434,248.43688946488754
UGC11914,5.98,283.0,5.37,18.64,249.84,163.71,1.845428e+20,41389.104862,203.44312439106906,2.242791637603851e-10,1.1081385598956335,1.4929227697159633,248.57742670371638
UGC11914,6.08,283.0,11.0,19.38,249.76,162.34,1.876288e+20,41193.377672,202.96151771210228,2.1954719996077364e-10,1.0963861848587053,1.501673302110246,248.7146868879816
UGC11914,6.15,283.0,1.14,20.02,249.7,161.44,1.89789e+20,41070.763655999996,202.65923037453783,2.1640223435499418e-10,1.088505113284725,1.5076577142087135,248.83860965374978
UGC11914,6.17,283.0,17.3,20.24,249.69,161.19,1.904062e+20,41040.221212000004,202.583862170707,2.1554036166889527e-10,1.086335337180389,1.5093220427956475,248.8833271163039
UGC11914,6.26,283.0,7.94,21.09,249.61,160.0,1.931836e+20,40881.158066,202.19089511152575,2.1161816047531989e-10,1.0764059027483335,1.517032315701457,249.03421027927325
UGC11914,6.35,283.0,18.3,21.83,249.49,158.86,1.95961e+20,40718.15836200001,201.78740882919334,2.0778705131123032e-10,1.0666178398651154,1.524786760990671,249.17164526145268
UGC11914,6.73,284.0,10.5,24.6,248.66,154.26,2.076878e+20,39994.013871999996,199.98503412005607,1.9256794993254294e-10,1.0268135869676616,1.5579875483591614,249.62006253800908
UGC11914,6.83,284.0,9.37,25.24,248.3,153.14,2.107738e+20,39785.24241600001,199.46238346114288,1.8875800700087016e-10,1.0166051250980759,1.5669589658518372,249.683484260253
UGC11914,6.92,285.0,12.9,25.88,247.92,152.15,2.135512e+20,39592.190894,198.97786533682583,1.853990560296547e-10,1.0075192728225537,1.5751098101490435,249.72394415120274
UGC11914,7.37,288.0,1.24,28.33,245.58,147.41,2.274382e+20,38540.641370000005,196.31770518728055,1.6945544490767163e-10,0.9632241600805059,1.6172341946449065,249.65825263169276
UGC11914,8.6,297.0,2.13,31.2,235.09,136.47,2.65396e+20,34963.46974,186.98521262388638,1.3174075622842846e-10,0.8492971745235322,1.7473824427170874,247.17312386290337
UGC11914,9.83,305.0,5.07,29.29,222.03,127.66,3.0335380000000003e+20,31031.32649,176.1571074069962,1.0229417429417396e-10,0.7483849646680245,1.8980016127086,242.68808731066113
NGC7331,2.67,221.0,20.0,-12.02,317.9,136.84,8.23962e+19,55245.854376,235.04436682464868,6.704903184370153e-10,1.916001562146993,1.1726000898076465,254.52169613374372
NGC7331,3.21,237.0,13.0,-12.52,344.05,124.77,9.90606e+19,61768.209884,248.53211036805686,6.23539630125398e-10,1.8477007441796807,1.187083267280376,270.7840623137904
NGC7331,3.74,249.0,8.0,-12.91,365.51,115.63,1.154164e+20,67771.88232,260.33033307703505,5.87194560911621e-10,1.7930426305967953,1.1996923176779677,285.1410292712701
NGC7331,4.27,250.0,5.0,-12.71,368.89,108.22,1.3177219999999998e+20,68145.58833,261.0470998306627,5.171469272729756e-10,1.6826995458238072,1.228307369373627,289.315966265328
NGC7331,4.81,253.0,5.0,-11.52,367.77,101.96,1.484366e+20,67131.99307,259.09842351893997,4.522603796503018e-10,1.5735982890191083,1.2615079818318562,291.0112456488337
NGC7331,5.35,257.0,5.0,-9.56,371.23,96.68,1.65101e+20,67784.41183800001,260.35439661738,4.105633026935029e-10,1.4993038885529761,1.2874744175796011,295.41614064249245
NGC7331,5.88,257.0,5.0,-6.26,365.05,92.22,1.814568e+20,65251.561814,255.4438525664691,3.595983276129636e-10,1.4031640035121247,1.3259398279907617,294.14221840426734
NGC7331,6.41,257.0,5.0,4.8,360.1,88.33,1.978126e+20,63261.17149400001,251.51773594321338,3.1980354888414593e-10,1.3232479889633975,1.3628974074615112,293.62984627273613
NGC7331,7.48,257.0,5.0,12.22,345.54,81.76,2.308328e+20,58147.319432000004,241.13755292778436,2.519023268443653e-10,1.1743990541185352,1.44718767655016,290.08633905514415
NGC7331,8.55,255.0,5.0,16.59,324.23,76.48,2.6385300000000003e+20,51323.39841800001,226.54668043915368,1.9451512174582066e-10,1.0319918983746088,1.5535103858147965,282.36754855626333
NGC7331,9.62,248.0,6.0,22.45,311.29,72.1,2.968732e+20,47469.94458600001,217.87598441774168,1.5989973020804846e-10,0.9356716451714489,1.6456091114511913,279.49413827628797
NGC7331,10.66,247.0,6.0,28.21,299.93,68.49,3.289676e+20,44334.2912,210.55709724442917,1.3476795647960467e-10,0.858999527151404,1.7348631431626977,277.3336037719236
NGC7331,11.74,246.0,6.0,33.77,288.64,65.26,3.622964e+20,41423.494812000004,203.5276266554494,1.1433592719110653e-10,0.7912085326718457,1.829145517929453,275.2627833041433
NGC7331,12.83,244.0,6.0,38.94,280.42,62.43,3.9593380000000003e+20,39481.44899800001,198.69939355216968,9.971729869488284e-11,0.7388986205468875,1.9143874025747951,274.9232412823086
NGC7331,13.91,242.0,4.0,43.31,272.13,59.96,4.2926260000000003e+20,37594.727810000004,193.8935991981169,8.757978871208438e-11,0.6924709353910382,2.0013538636018,274.2997516469921
NGC7331,15.0,238.0,3.0,45.59,263.74,57.74,4.629e+20,35609.08789200001,188.70370397000693,7.692609179520416e-11,0.6489876577850073,2.094567780360906,273.10373155016185
NGC7331,16.08,236.0,3.0,47.38,256.44,55.77,4.9622879999999993e+20,33925.87699,184.18978524880254,6.836740832051666e-11,0.6118206931060786,2.1851355859956385,272.27310020815423
NGC7331,17.07,233.0,3.0,49.66,250.86,54.12,5.2678020000000003e+20,32761.584040000005,181.00161336297532,6.219213258205227e-11,0.5835355615774301,2.262045824034355,272.2282211058078
NGC7331,18.15,234.0,3.0,53.93,245.89,52.49,5.60109e+20,31988.307311999997,178.8527531574507,5.711086112167452e-11,0.5591894349716682,2.3346608023683384,273.2797965738391
NGC7331,19.24,236.0,3.0,57.71,242.0,50.98,5.937464e+20,31465.405884000003,177.3849088395064,5.2994689119799297e-11,0.5386613034086124,2.401126980744105,274.8680320228904
NGC7331,20.32,237.0,3.0,60.09,237.62,49.61,6.270752e+20,30716.039690000005,175.25992037542412,4.898302418912437e-11,0.5178719643719653,2.4739435359790725,275.66238017174584
NGC7331,21.41,238.0,3.0,61.78,231.06,48.33,6.607126e+20,29450.04415,171.61015165193461,4.4573153516370036e-11,0.49401061832615933,2.5652490595899504,274.8575959668388
NGC7331,22.49,240.0,3.0,63.67,224.49,47.15,6.940413999999999e+20,28258.554896000005,168.10281049405452,4.071594993612774e-11,0.47215206022616807,2.6571623302439926,274.0211079037218
NGC7331,23.48,238.0,3.0,64.56,219.56,46.15,7.245928e+20,27322.745006,165.29593160752626,3.770772357384727e-11,0.45437534773873284,2.7385585844465417,273.54147379661674
NGC7331,24.57,237.0,3.0,62.97,214.35,45.11,7.582302e+20,26036.404816000002,161.35800202035225,3.433839065761296e-11,0.4336002977891255,2.842292118028024,272.0350495621909
NGC7331,25.65,236.0,3.0,61.48,209.72,44.15,7.915589999999999e+20,24908.372814,157.82386642710284,3.1467487343331335e-11,0.4150788800929994,2.943671622381117,270.7804834404819
NGC7331,26.74,238.0,3.0,60.79,205.21,43.24,8.251963999999999e+20,23926.611282,154.68229142988542,2.8995050489798562e-11,0.3984387215069414,3.042911932631437,269.82692782120876
NGC7331,27.82,239.0,3.0,59.4,200.95,42.4,8.585252000000001e+20,22930.54475,151.4283485678953,2.670922734708311e-11,0.38241090262170807,3.146778379252039,268.6211876300367
NGC7331,28.91,239.0,3.0,57.31,196.85,41.59,8.921626e+20,21905.075376,148.0036329824373,2.4552783736955573e-11,0.36664855056859535,3.2578932890969705,267.1411575639997
NGC7331,29.89,241.0,4.0,55.13,193.34,40.9,9.224054e+20,21003.773076000005,144.92678522619622,2.277065276937885e-11,0.35309156562723987,3.3614898942996048,265.7140774161884
NGC7331,30.98,236.0,4.0,52.84,189.65,40.18,9.560428e+20,20079.580854000003,141.70243771368226,2.100280537021982e-11,0.3391081730852629,3.477116527329508,264.23293218161234
NGC7331,32.06,236.0,5.0,51.55,186.2,39.49,9.893716000000001e+20,19323.156546,139.0077571432616,1.9530737031465225e-11,0.3270084081289094,3.585227601405377,263.20697976116855
NGC7331,33.15,239.0,5.0,51.35,182.89,38.84,1.023009e+21,18717.179441999997,136.81074315272173,1.829620212725401e-11,0.3165046376303606,3.6858428212987366,262.65677505302614
NGC7331,34.23,237.0,5.0,50.86,179.88,38.22,1.0563378e+21,18142.827687999998,134.69531427633257,1.717521392115287e-11,0.30665544518063226,3.7865035490045025,262.10280698533
NGC7331,35.32,241.0,7.0,49.27,177.27,37.63,1.0899752e+21,17534.241008,132.41692115436004,1.6086825652546964e-11,0.296780102656752,3.8941935726281782,261.30772785026284
NGC7331,36.31,238.0,9.0,47.97,173.78,37.11,1.1205266000000001e+21,16826.37553,129.71651988085404,1.501648914894122e-11,0.28673704583270027,4.011377952219199,259.8017548378044
NGC7793,0.11,9.1,8.5,0.65,27.23,0.0,3.3946e+18,341.500034,18.479719532503733,1.006009644729865e-10,0.7421653519323742,1.9086953212078286,25.5307562968298
NGC7793,0.14,17.6,7.4,0.65,29.91,0.0,4.3204000000000005e+18,411.94222600000006,20.296359919946237,9.534816822516433e-11,0.722529827301903,1.9437192707533113,28.296643672231088
NGC7793,0.17,19.3,7.4,0.65,32.32,0.0,5.2462e+18,480.930404,21.930125489837035,9.167214440928673e-11,0.7084648346662591,1.9700533460486522,30.780814667853257
NGC7793,0.21,24.8,6.4,0.65,35.62,0.0,6.4806e+18,584.063324,24.16740209455704,9.01248841156683e-11,0.7024605879634488,1.9816299496217642,34.02054343061028
NGC7793,0.24,30.0,7.2,0.74,37.98,0.0,7.4064e+18,664.0885839999999,25.76991625908008,8.96641531648304e-11,0.7006627491731182,1.985136494281417,36.30849051577427
NGC7793,0.28,35.0,7.3,0.9,40.67,0.0,8.640800000000001e+18,761.672494,27.59841470084831,8.814837677066937e-11,0.6947151388146373,1.9968714423033762,38.999513479742156
NGC7793,0.32,38.3,7.6,1.05,43.2,0.0,9.8752e+18,859.5729000000001,29.318473698335666,8.704359405379135e-11,0.6903479040676462,2.005622156268171,41.52081951464452
NGC7793,0.35,42.7,8.8,1.21,45.04,0.0,1.0801e+19,934.620836,30.571569079783917,8.65309541709101e-11,0.6883120134169741,2.009740964092527,43.33988670963046
NGC7793,0.39,47.0,5.3,1.36,47.33,0.0,1.20354e+19,1032.308894,32.12956417382595,8.577271166724828e-11,0.6852896511169052,2.0159024075202168,45.61835140290727
NGC7793,0.42,49.8,5.6,1.52,48.89,0.0,1.29612e+19,1101.8171660000003,33.193631407244375,8.500888544270596e-11,0.6822314945150024,2.022194554902653,47.20263418055684
NGC7793,0.46,52.2,6.2,1.67,51.0,0.0,1.41956e+19,1199.2489,34.63017325974561,8.448032488940236e-11,0.680107228732247,2.0265998172394344,49.299062887286134
NGC7793,0.49,53.4,6.3,1.83,52.6,0.0,1.51214e+19,1276.0585,35.72196103239575,8.438758977343369e-11,0.6797338451044558,2.0273770875322557,50.86306877539714
NGC7793,0.53,54.6,5.9,1.99,54.8,0.0,1.63558e+19,1385.3584999999998,37.22040435030227,8.470135976228617e-11,0.6809963660199211,2.0247524685197824,52.96232663563661
NGC7793,0.56,55.5,6.9,2.12,56.23,0.0,1.7281600000000002e+19,1458.928334,38.19592038425046,8.442090628182576e-11,0.679868012484054,2.0270976901333646,54.381892721029104
NGC7793,0.6,55.9,7.5,2.23,57.57,0.0,1.8516e+19,1529.5531540000002,39.10950209348107,8.260710488226399e-11,0.672524800170863,2.042559778369398,55.89457711834355
NGC7793,0.63,58.3,7.4,2.35,58.53,0.0,1.94418e+19,1581.3725140000001,39.766474749467044,8.133879136705449e-11,0.6673420031597105,2.053685418323537,56.98808360472769
NGC7793,0.66,59.3,6.3,2.47,59.59,0.0,2.03676e+19,1639.5462260000002,40.4913104999085,8.049776242659911e-11,0.6638829383346562,2.061211058990483,58.13304406924955
NGC7793,0.7,59.5,6.7,2.59,61.08,0.0,2.1602e+19,1722.860644,41.50735650460049,7.975468215905937e-11,0.6608116600450556,2.06796147395613,59.68927405143447
NGC7793,0.87,59.1,5.1,3.18,66.09,0.0,2.68482e+19,2019.340926,44.93707740830505,7.521327038684158e-11,0.6417218689246279,2.111420847077138,65.29684930004244
NGC7793,1.05,62.6,5.5,3.96,69.65,0.0,3.2403e+19,2247.19795,47.40461950063517,6.935153998086596e-11,0.6162084618733684,2.1738560790531114,69.89338255116282
NGC7793,1.22,65.6,4.8,5.5,72.34,0.0,3.76492e+19,2437.4647760000003,49.370687416725325,6.474147594105586e-11,0.595375420444753,2.228936456763164,73.70857549364565
NGC7793,1.4,70.7,4.6,7.05,75.45,0.0,4.3204e+19,2668.34565,51.65603207758026,6.176154175539303e-11,0.5815119817968856,2.267843420859731,77.79068149162973
NGC7793,1.57,73.9,4.0,8.58,78.94,0.0,4.84502e+19,2940.117256,54.2228480993022,6.068328419696926e-11,0.5764134972499759,2.2826362427901667,81.92202516172543
NGC7793,1.75,78.5,4.2,10.09,82.71,0.0,5.4005e+19,3248.642386,56.99686294876236,6.015447432645124e-11,0.5738964934711441,2.2900387165199163,86.25263381525018
NGC7793,1.92,82.4,4.6,11.55,87.55,0.0,5.92512e+19,3659.3036500000003,60.49217842002386,6.175914833792396e-11,0.5815007141505447,2.2678758190346424,91.09800361336251
NGC7793,2.1,87.1,4.9,13.06,92.38,0.0,6.4806e+19,4096.233224,64.00182203656392,6.320762312131591e-11,0.5882803374428945,2.2486127444946553,95.97313286492647
NGC7793,2.27,89.6,5.4,14.78,95.96,0.0,7.00522e+19,4454.276336,66.74036511737106,6.35851027662229e-11,0.5900343449791443,2.243703170635709,99.97036529877644
NGC7793,2.45,94.9,5.7,16.4,96.45,0.0,7.5607e+19,4548.157150000001,67.44002631968645,6.015523893290306e-11,0.5739001407772849,2.2900279415776525,102.05590113357574
NGC7793,2.62,98.1,5.0,18.13,95.98,0.0,8.08532e+19,4566.2906840000005,67.57433450652697,5.647631366476529e-11,0.5560742362303153,2.3444234892632445,103.46651215912098
NGC7793,2.79,99.3,5.7,20.29,96.23,0.0,8.60994e+19,4671.382034,68.34750934745172,5.4255686264944935e-11,0.5450322916453788,2.3799497398421665,105.44028858326247
NGC7793,2.97,98.6,7.2,22.34,96.64,0.0,9.16542e+19,4795.148816,69.24701304749541,5.231782958118669e-11,0.5352102998935621,2.4128137991847027,107.56301052122421
NGC7793,3.16,101.0,8.7,24.5,96.45,0.0,9.75176e+19,4879.447150000001,69.85303966185009,5.00365795507683e-11,0.5234116806295184,2.4539617739602804,109.42566784881616
NGC7793,3.33,103.0,9.4,26.22,95.51,0.0,1.027638e+20,4883.682046000001,69.88334598457634,4.75233695717753e-11,0.5100975248924486,2.50273435241281,110.55568200136021
NGC7793,3.51,107.0,9.1,27.95,94.38,0.0,1.083186e+20,4878.691324,69.84762933700758,4.5040199227094895e-11,0.49659204090806713,2.554938964806324,111.6456831272493
NGC7793,3.68,114.0,7.4,29.68,93.3,0.0,1.135648e+20,4885.1518,69.89386096074533,4.301642586435233e-11,0.48530723373427964,2.60083477293945,112.71855513857399
NGC7793,3.85,112.0,8.1,29.78,92.28,0.0,1.18811e+20,4804.023664,69.31106451353925,4.04341657253958e-11,0.4705154044675069,2.6643946295150713,113.13626673363812
NGC7793,4.03,114.0,7.6,30.0,91.15,0.0,1.243658e+20,4721.82835,68.71556119249846,3.7967257477538036e-11,0.45593634874330385,2.7311523149571864,113.56069931509303
NGC7793,4.2,116.0,7.2,30.11,89.82,0.0,1.29612e+20,4617.7230039999995,67.95382994357271,3.562727991235379e-11,0.4416629167055368,2.800856305780116,113.72589236448883
NGC7793,4.38,114.0,7.8,30.65,88.18,0.0,1.351668e+20,4516.250204000001,67.20305204378742,3.341242231080414e-11,0.4277141165224468,2.8735449164802516,113.9194795250448
NGC7793,4.73,114.0,11.4,31.83,85.52,0.0,1.4596780000000002e+20,4377.437284,66.1622043465905,2.998906117650604e-11,0.40521082452893453,3.0015266719861953,114.62545425372501
NGC7793,5.25,109.0,9.9,33.35,82.4,0.0,1.62015e+20,4235.512100000001,65.0808120723766,2.6142715797919948e-11,0.37833363581761775,3.1746225383974354,115.95754470630642
NGC7793,5.78,107.0,12.6,34.64,77.56,0.0,1.783708e+20,3967.084256,62.984793847404156,2.224065965954069e-11,0.34895822194548376,3.3946935604886104,116.04755653506433
NGC7793,6.3,105.0,12.5,34.75,74.17,0.0,1.94418e+20,3738.109394,61.140080094811786,1.922717749385345e-11,0.32445716635204375,3.6090617049755545,116.15105450616787
NGC7793,6.82,101.0,5.2,33.99,71.94,0.0,2.104652e+20,3535.9873560000005,59.4641686732439,1.680081721823846e-11,0.3032946898966676,3.8223592298839724,116.25753268911063
NGC7793,7.35,94.5,4.6,32.7,69.09,0.0,2.26821e+20,3265.0669260000004,57.14076413559763,1.439490578914651e-11,0.28073981969942247,4.085381274473944,115.494775983092
NGC7793,7.87,90.8,6.1,30.97,66.92,0.0,2.428682e+20,3019.152644,54.94681650468933,1.24312390177059e-11,0.26088962685970873,4.354754740903451,114.66328658280378
NGC4157,1.74,96.4,12.1,5.73,129.95,70.64,5.36964e+19,10096.258466,100.48013965953669,1.88024866955699e-10,1.0146289465725418,1.5687183147063184,125.84985326023593
NGC4157,3.5,157.0,10.5,16.49,217.21,49.8,1.0801e+20,23115.623186000004,152.0382293569614,2.1401373193222853e-10,1.0824813516695209,1.512296286745111,186.96970639648285
NGC4157,5.24,192.0,8.4,21.44,237.63,40.7,1.617064e+20,27196.946774,164.91496831397689,1.6818720084053568e-10,0.9596128933797002,1.6208536043358666,209.95777957858246
NGC4157,6.98,201.0,6.9,24.35,246.25,35.27,2.154028e+20,29059.118784000002,170.46735401243254,1.3490594729502122e-10,0.8594391855154637,1.7343029325950545,224.4934629910618
NGC4157,8.72,201.0,7.3,30.5,251.02,31.55,2.6909920000000003e+20,30373.213734,174.2791259273468,1.1286995180216067e-10,0.7861198688274466,1.836915664218757,236.20548698251886
NGC4157,10.47,194.0,6.4,41.92,230.73,28.8,3.2310420000000003e+20,26627.541933999997,163.1794776741242,8.24116242809595e-11,0.6717286009858299,2.0442573619620137,233.3099839902522
NGC4157,12.19,190.0,6.0,51.62,208.57,26.69,3.761834e+20,23002.97286,151.66730979350825,6.114829325270602e-11,0.5786177778230345,2.276207830421807,228.82208579355344
NGC4157,13.94,186.0,6.4,50.11,192.8,24.96,4.301884e+20,19896.639236000003,141.05544738151733,4.62509896501161e-11,0.5032225778810256,2.5289515221057246,224.31592917283135
NGC4157,15.68,184.0,6.4,48.39,179.28,23.53,4.838848e+20,17381.282578,131.83809228747205,3.5920290486495953e-11,0.4434753889471006,2.7917522734888993,220.28217166462767
NGC4157,17.42,182.0,7.3,52.05,169.24,22.32,5.3758120000000007e+20,16113.768100000003,126.94001772490817,2.997457518975738e-11,0.40511294571203454,3.0021148362694428,219.94404352292713
NGC4157,19.16,181.0,6.6,50.54,160.07,21.29,5.912776e+20,14549.099339999999,120.61964740455844,2.4606207541094066e-11,0.367047224645773,3.2549638733280926,217.61615919127328
NGC4157,20.9,183.0,6.5,48.06,151.49,20.38,6.449739999999999e+20,13057.463270000002,114.26925776428234,2.0244945176084623e-11,0.33293381381947273,3.5312933542190326,214.73177051454246
NGC4157,22.65,185.0,6.5,52.27,145.0,19.58,6.989789999999999e+20,12580.006044000002,112.16062608598439,1.7997688119385565e-11,0.3139120333572206,3.711722292609399,216.08676237723537
NGC4157,24.39,186.0,9.1,50.33,138.91,18.87,7.526754e+20,11573.058799999999,107.57815205700459,1.537589616984958e-11,0.2901481608300005,3.9706601952609586,214.36577132222988
NGC4157,26.13,186.0,11.4,47.42,133.62,18.23,8.063718e+20,10614.509558,103.02674195566897,1.3163294596859664e-11,0.26846143279456736,4.2472747921801295,212.32696219992516
NGC4157,27.87,184.0,13.6,44.83,128.95,17.65,8.600682e+20,9801.956399999997,99.00483018519853,1.1396719934535423e-11,0.24979833608417135,4.524024138733949,210.58083331684702
NGC4157,29.61,185.0,13.6,43.0,124.77,17.12,9.137646e+20,9144.897758000001,95.62895878341456,1.0007936133660684e-11,0.23408407319917962,4.791458624101352,209.32605960341925
UGC02023,0.76,15.1,8.69,0.58,17.55,0.0,2.34536e+19,142.01755,11.91711164670366,6.05525590954054e-12,0.18208151334600337,6.007210823413944,29.208378309566093
UGC02023,1.51,28.0,8.69,10.02,30.38,0.0,4.65986e+19,524.9548239999999,22.911892632429996,1.1265463425939835e-11,0.2483557012988341,4.547158026466916,48.85747170581105
UGC02023,2.27,37.6,8.69,14.0,35.0,0.0,7.00522e+19,759.5,27.55902755904134,1.0841915029078318e-11,0.24364225076480472,4.624661897208114,59.265763396159535
UGC02023,3.03,47.9,8.69,14.92,36.8,0.0,9.35058e+19,845.5568,29.078459381473426,9.042827289857954e-12,0.22251112082709606,5.01268470920518,65.10383738401649
UGC02023,3.78,58.8,8.69,19.48,36.55,0.0,1.166508e+20,993.9855499999999,31.527536376951495,8.521035003617632e-12,0.21599603446952628,5.147700315309451,71.53138981697501
KK98-251,0.25,4.25,2.0,1.87,2.88,0.0,7.715e+18,7.312324,2.704130913990667,9.47806092028516e-13,0.07203761918423433,14.387638507198805,10.257049983280474
KK98-251,0.41,6.84,2.0,3.32,3.93,0.0,1.26526e+19,18.127054,4.257587814713867,1.432674232963976e-12,0.08856728428877526,11.798230525102708,14.624197818444099
KK98-251,0.57,9.56,2.0,4.8,4.8,0.0,1.7590199999999998e+19,33.6384,5.799862067325394,1.912337551591227e-12,0.1023250297972997,10.281305552196264,18.59695320978678
KK98-251,0.74,12.3,2.0,6.44,6.36,0.0,2.28364e+19,60.08041600000001,7.751155784784616,2.6309057469653717e-12,0.1200196201765921,8.84197027846688,23.048411064321247
KK98-251,0.9,15.1,2.0,8.03,7.43,0.0,2.7774e+19,89.875154,9.480250735080798,3.2359456326060344e-12,0.1331067903926151,8.02385368709429,26.854144667091283
KK98-251,1.07,17.5,2.0,9.79,8.56,0.0,3.30202e+19,129.54995599999998,11.382001405728255,3.92335467380573e-12,0.14656436421916547,7.335150259864155,30.8264236235537
KK98-251,1.24,19.7,2.0,11.57,9.52,0.0,3.82664e+19,175.55488400000002,13.249712600656665,4.587703154725817e-12,0.1584883185501434,6.822815117499866,34.608936945623384
KK98-251,1.4,21.8,2.0,13.11,10.08,0.0,4.3204e+19,218.611044,14.785501141320845,5.05997231737802e-12,0.16644611916061738,6.521814340242169,37.75898094089023
KK98-251,1.57,24.4,2.0,14.44,10.55,0.0,4.84502e+19,259.71275,16.115605790661423,5.360406148994224e-12,0.17131620746082976,6.351428709400263,40.614615799577535
KK98-251,1.72,27.3,2.0,15.54,10.95,0.0,5.30792e+19,296.64675,17.223436068334333,5.588756989555231e-12,0.17492714829721584,6.231235369592219,42.99390329889321
KK98-251,1.89,30.3,2.0,16.53,11.36,0.0,5.83254e+19,332.603716,18.2374262438536,5.702553535852307e-12,0.17669908019175315,6.1740562903502525,45.315715430341264
KK98-251,2.06,32.6,2.0,17.3,11.57,0.0,6.35716e+19,360.867854,18.996522155384127,5.676557676698399e-12,0.1762958668507891,6.186966442551808,47.251214829818764
KK98-251,2.46,33.3,2.0,18.07,12.23,0.0,7.59156e+19,395.328434,19.882867851494662,5.20747295680993e-12,0.1688546849558543,6.436316567188951,50.44263027673183
KK98-251,2.79,34.6,2.0,18.07,12.94,0.0,8.60994e+19,403.548956,20.088527969963355,4.687012406590522e-12,0.16019451973870116,6.755754636400454,52.21376954895675
KK98-251,3.13,34.2,2.0,17.41,12.45,0.0,9.65918e+19,374.40925,19.349657619709966,3.876201188920798e-12,0.14568094783828206,7.376451367324947,52.55294115557765
UGC07524,0.35,14.4,2.82,-0.61,15.45,0.0,1.0801e+19,110.17525,10.496439872642533,1.0200467549300991e-11,0.23632498690511622,4.751136588164511,22.879197131568496
UGC07524,0.69,24.4,3.97,-1.22,17.95,0.0,2.12934e+19,149.70155000000003,12.235258477040851,7.030420224107002e-12,0.19619604366710083,5.6132819288430795,28.988221838098294
UGC07524,1.03,29.2,3.26,-2.04,20.19,0.0,3.17858e+19,191.67420600000003,13.844645390908358,6.030183478156914e-12,0.18170415838131232,6.018585060918016,33.96479814153063
UGC07524,1.38,32.9,3.73,-1.72,21.43,0.0,4.25868e+19,214.21105400000002,14.635950737823629,5.0299870852001095e-12,0.1659522091923166,6.539654208065862,37.42814743886376
UGC07524,1.72,37.8,3.41,3.47,22.82,0.0,5.30792e+19,251.58700399999998,15.861494381047455,4.73984167056022e-12,0.1610947994813949,6.720943793842389,41.12058016547432
UGC07524,2.07,42.0,3.12,3.53,25.15,0.0,6.388019999999999e+19,303.42125,17.418991072964012,4.749848153261886e-12,0.16126475689207428,6.714415809345497,45.1364203043548
UGC07524,2.41,45.1,2.92,4.13,26.82,0.0,7.43726e+19,347.940604,18.653166058339803,4.6783439600067786e-12,0.16004631442484166,6.761522868824576,48.50369419888176
UGC07524,2.76,47.6,2.79,6.88,28.98,0.0,8.51736e+19,433.66098400000004,20.824528422031555,5.091495299012841e-12,0.16696378320500455,6.503230027184074,53.105528269352455
UGC07524,3.1,52.3,2.78,9.39,30.06,0.0,9.5666e+19,503.829756,22.446152365160494,5.266549829615538e-12,0.16980978105965625,6.403086303499878,56.79846309486979
UGC07524,3.45,57.3,2.78,11.99,30.89,0.0,1.06467e+20,582.688466,24.138940863260757,5.472949045244065e-12,0.17310527633665382,6.291249664410637,60.54616929400611
UGC07524,3.79,61.4,2.93,14.78,31.14,0.0,1.169594e+20,664.510216,25.77809566279092,5.681546040762864e-12,0.17637331121928254,6.184482223947512,64.10656455062556
UGC07524,4.14,64.5,3.42,16.87,32.08,0.0,1.2776039999999998e+20,757.995044,27.531709790712235,5.932942007069483e-12,0.18023314242541677,6.063380413130187,67.79389576532208
UGC07524,4.48,66.4,4.53,18.27,32.77,0.0,1.3825280000000002e+20,827.7744340000002,28.77106939270767,5.9873972462040546e-12,0.1810583840019088,6.038160295445496,70.69819460894082
UGC07524,4.82,66.9,5.46,19.32,33.02,0.0,1.487452e+20,874.8097840000001,29.577183503504862,5.881263960114344e-12,0.17944647807900746,6.087638116742149,72.97619739324163
UGC07524,5.17,69.4,4.77,19.78,33.86,0.0,1.595462e+20,918.638216,30.30904511857805,5.757819465458908e-12,0.17755324951670026,6.146901534075921,75.14505079638423
UGC07524,5.51,70.2,4.44,19.55,34.37,0.0,1.700386e+20,925.599074,30.42365977327514,5.44346444866048e-12,0.17263835878171246,6.3068348259285285,76.40419147370383
UGC07524,5.86,70.9,4.24,19.78,34.15,0.0,1.808396e+20,927.71075,30.458344505241907,5.130019918203756e-12,0.1675942556223075,6.480751274294499,77.53878142735547
UGC07524,6.2,72.3,4.38,20.48,34.36,0.0,1.91332e+20,962.510816,31.024358430111008,5.030579390797148e-12,0.16596197974711016,6.539300266931215,79.33566181732513
UGC07524,6.55,73.9,3.51,21.53,34.78,0.0,2.02133e+20,1019.9791640000001,31.937112643443523,5.046079383376293e-12,0.16621746035916582,6.530060211736984,81.61204173182504
UGC07524,6.89,75.0,3.22,22.81,35.14,0.0,2.126254e+20,1088.3131159999998,32.989591025049094,5.118452997619285e-12,0.16740520729046374,6.487473755689682,84.02620292517602
UGC07524,7.25,75.5,3.23,24.09,35.58,0.0,2.23735e+20,1162.658844,34.09778356433157,5.196589018258208e-12,0.16867813432216366,6.442500529303587,86.54727157957954
UGC07524,7.58,77.1,2.98,25.37,36.1,0.0,2.339188e+20,1243.1135000000002,35.25781473659421,5.314294960473464e-12,0.1705777694004674,6.3766365614779,89.03304439457722
UGC07524,7.94,77.0,2.79,26.77,36.68,0.0,2.450284e+20,1335.527204,36.5448656311663,5.4504996318794055e-12,0.17274988245638898,6.303104618864704,91.74948331272425
UGC07524,8.27,77.0,2.82,28.28,37.11,0.0,2.552122e+20,1433.248366,37.85826681188667,5.615908510643299e-12,0.17535155246582068,6.217434610550995,94.39877115876062
UGC07524,8.63,78.2,2.93,29.91,37.49,0.0,2.6632180000000003e+20,1541.1381460000002,39.257332385173605,5.786751764219077e-12,0.17799878159999816,6.13284138796987,97.21911235126535
UGC07524,8.97,79.6,3.14,31.07,37.76,0.0,2.7681420000000003e+20,1621.220996,40.264388682805055,5.856711816084577e-12,0.1790715243634346,6.099275451941801,99.43979798388287
UGC07524,9.3,80.3,3.39,32.12,37.98,0.0,2.8699800000000003e+20,1695.2353839999996,41.173236258521136,5.906784660520281e-12,0.1798353946874872,6.07561882789853,101.48696476272305
UGC07524,9.66,81.2,3.66,33.05,38.12,0.0,2.981076e+20,1760.7443239999998,41.9612240526894,5.906405351624713e-12,0.1798296204580215,6.07579689657875,103.43077346432177
UGC07524,9.99,82.3,3.9,33.75,38.33,0.0,3.0829140000000003e+20,1814.8893939999998,42.601518681849825,5.886928386584899e-12,0.1795328724968439,6.084963625862492,105.08822934778956
UGC07524,10.35,83.8,4.1,34.21,38.96,0.0,3.19401e+20,1868.5496360000002,43.22672363249382,5.8501683964671364e-12,0.17897146244923365,6.102389310761091,106.78303856583652
UGC07524,10.69,79.0,2.78,34.56,38.32,0.0,3.2989339999999997e+20,1869.8679040000002,43.24196924285479,5.668097342959878e-12,0.17616444230528833,6.191187219461615,107.59508478237413
F568-1,0.44,15.7,9.1,-2.08,12.26,0.0,1.35784e+19,73.46789600000001,8.57134155193923,5.4106445531137714e-12,0.17211713381901345,6.324332836832583,21.555403664181316
F568-1,1.32,44.5,9.1,-5.39,28.49,0.0,4.07352e+19,402.424946,20.060532046782807,9.879046770360768e-12,0.2325718374037081,4.819110278394298,44.03782684864082
F568-1,2.2,69.4,9.1,-6.26,35.84,0.0,6.789200000000001e+19,630.0601760000001,25.10099950201187,9.280330171448771e-12,0.2254142238840518,4.95504591000401,55.87465523960938
F568-1,3.08,90.0,11.4,-3.53,40.15,0.0,9.50488e+19,753.99125,27.45890110692706,7.932675110048734e-12,0.20840562519648673,5.315689549906123,63.30863612766947
F568-1,3.96,105.0,9.88,1.83,41.23,0.0,1.222056e+20,785.3088339999999,28.02336228934708,6.4261280497784076e-12,0.1875747130903911,5.84683107500492,67.76111048460673
F568-1,4.84,113.0,16.2,8.4,42.44,0.0,1.493624e+20,899.0906560000001,29.984840436460555,6.019524699656674e-12,0.1815434998396302,6.023442023207625,73.59089916575086
F568-1,5.53,117.0,24.8,13.64,43.19,0.0,1.706558e+20,1044.122606,32.31288606732614,6.118295457874855e-12,0.1830268587294628,5.978922705021689,79.01093820376906
F568-1,7.48,124.0,9.1,27.27,47.2,0.0,2.308328e+20,1768.4593,42.053053396870006,7.661213224463767e-12,0.20480868920018763,5.3996608128007,97.71939613629914
F568-1,8.37,127.0,9.1,32.13,48.6,0.0,2.5829819999999997e+20,2118.8385000000003,46.03084292080692,8.203071101540781e-12,0.21192775675295833,5.236236526365242,105.33156956567646
F568-1,9.24,130.0,9.1,36.26,48.96,0.0,2.851464e+20,2417.445136,49.16752114963698,8.47790866726706e-12,0.215448745678954,5.159415341427613,111.68081089308926
F568-1,10.13,133.0,9.1,39.77,48.92,0.0,3.126118e+20,2682.5094440000003,51.79294782110785,8.580960296444344e-12,0.2167542139832342,5.131569178410003,117.32639423260291
F568-1,13.23,142.0,23.8,47.41,49.96,0.0,4.0827780000000003e+20,3395.8688359999996,58.274083742260586,8.317544661992395e-12,0.2134013556488942,5.203775808706898,132.93359281354904
NGC6946,0.19,153.0,8.0,0.96,24.4,233.17,5.8634e+18,25284.181693999995,159.0100050122633,4.312204811883889e-09,4.859026785705575,1.0078186880644995,159.63041948084805
NGC6946,0.56,130.0,9.0,2.86,62.52,168.53,1.7281600000000002e+19,14871.290798,121.94790198277296,8.605274279001944e-10,2.1706108116670544,1.128805637642258,129.56387186171858
NGC6946,0.94,128.0,3.0,4.5,91.94,137.01,2.90084e+19,12543.613701999999,111.9982754420799,4.324131528109099e-10,1.5386826295043468,1.2733398529399174,126.38149875135922
NGC6946,1.22,134.0,3.0,5.34,109.48,120.39,3.76492e+19,12209.141950000001,110.49498608534236,3.242868892300501e-10,1.3324910435683237,1.3583620724416932,128.78057059175043
NGC6946,1.59,129.0,4.0,6.46,127.82,105.47,4.90674e+19,12674.193318,112.57971983443554,2.5830170985216255e-10,1.1892228458598821,1.4377272511082195,134.98901110498701
NGC6946,1.96,131.0,7.0,6.51,138.39,94.99,6.04856e+19,13002.830512,114.02995445057408,2.1497398574206089e-10,1.0849071153384036,1.5104215459668386,140.14191151786042
NGC6946,2.34,138.0,8.0,6.51,151.17,86.94,7.221239999999999e+19,14031.40905,118.45424876297177,1.943074742011068e-10,1.0314409185792746,1.5539844397571696,147.663777994361
NGC6946,2.71,139.0,5.0,6.44,166.55,80.79,8.36306e+19,15803.799836000002,125.71316492714676,1.8897149890111995e-10,1.0171798705856796,1.5664486740761951,157.3398909954745
NGC6946,2.99,143.0,3.0,6.38,170.5,76.91,9.22714e+19,16133.987526,127.01963441137752,1.748536114765789e-10,0.9784461001918645,1.602293838846796,160.78367084048327
NGC6946,3.37,146.0,2.0,7.55,177.07,72.44,1.039982e+20,16893.61821,129.9754523362008,1.6244144812121752e-10,0.9430789025612938,1.6378057449599777,166.3384049385424
NGC6946,3.74,154.0,2.0,10.54,180.71,68.77,1.154164e+20,17308.383420000002,131.56132950073135,1.4996467936965635e-10,0.9061374813475874,1.6780831920474866,170.42566502324524
NGC6946,4.12,161.0,1.0,12.86,184.13,65.52,1.271432e+20,17735.874158,133.17610205288335,1.3949526327794175e-10,0.8739354045107557,1.716166766676629,174.46408744471864
NGC6946,4.4,167.0,2.0,13.54,187.91,63.4,1.3578400000000002e+20,18275.006525999997,135.1850824832385,1.345888066782536e-10,0.858428394462158,1.735591786664519,178.09534308276022
NGC6946,4.77,173.0,2.0,14.41,193.15,60.89,1.4720219999999998e+20,19074.324815999997,138.10982881750306,1.2957907433448687e-10,0.8423004637561491,1.7566002997365397,183.04634574079245
NGC6946,5.15,176.0,4.0,17.51,197.95,58.6,1.58929e+20,19910.954849999995,141.10618289075782,1.2528207470002326e-10,0.828216868445238,1.7756549253283527,188.029213281854
NGC6946,5.52,178.0,5.0,20.8,204.45,56.6,1.703472e+20,21134.18675,145.3760184831047,1.2406536033465768e-10,0.8241853181599921,1.7812362578389707,194.0231422254571
NGC6946,5.89,180.0,3.0,23.41,204.89,54.8,1.817654e+20,21240.186065999995,145.74013196782826,1.1685494635392653e-10,0.7998768974516078,1.8161486597762073,196.40604740476596
NGC6946,6.17,179.0,4.0,25.15,201.57,53.54,1.904062e+20,20641.14089,143.6702505392122,1.0840582339230552e-10,0.7704170924078368,1.861573364912696,196.0229529984546
NGC6946,6.55,180.0,5.0,27.66,200.86,51.96,2.02133e+20,20565.582952000004,143.40705335512618,1.0174282750466281e-10,0.7463654110627308,1.9014535017384826,197.748577035016
NGC6946,6.92,181.0,4.0,31.15,201.34,50.55,2.135512e+20,20793.147625999998,144.19829272914433,9.736844197550752e-11,0.7301443242784305,1.9299037495385998,200.32167523292887
NGC6946,7.3,179.0,4.0,34.05,198.33,49.22,2.25278e+20,20367.805258000004,142.71581992897634,9.041187003613314e-11,0.7035781265264237,1.979459676808911,200.7915566285284
NGC6946,7.58,179.0,2.0,34.92,194.96,48.3,2.339188e+20,19776.860536000004,140.63022625310677,8.454583614485028e-11,0.6803708761802633,2.0260515175628817,200.17227156025447
NGC6946,7.95,179.0,1.0,35.89,189.92,47.17,2.45337e+20,18903.615138,137.49041834978902,7.705162750828452e-11,0.6495169835014388,2.093355247121257,198.92707693698495
NGC6946,8.33,178.0,1.0,37.34,184.93,46.08,2.570638e+20,18102.612398000005,134.54594902114297,7.042069866702352e-11,0.6209401868054134,2.161876593531591,197.82723276892642
NGC6946,8.7,177.0,2.0,38.88,182.77,45.09,2.6848199999999997e+20,17813.125660000005,133.46582206692472,6.634756020887809e-11,0.6027151134910727,2.209083434697429,198.3700602805013
NGC6946,9.08,176.0,2.0,39.08,181.24,44.13,2.802088e+20,17533.12787,132.41271793147365,6.25716532457225e-11,0.5853133343982129,2.2569864782527778,198.92720408246564
NGC6946,9.36,173.0,3.0,38.4,179.87,43.47,2.8884959999999997e+20,17226.274588,131.2489031877981,5.963752273847705e-11,0.5714252155590999,2.297371897070484,198.93506259503536
NGC6946,9.73,172.0,2.0,37.72,177.19,42.63,3.002678e+20,16701.06038,129.2325825014729,5.56205506551152e-11,0.551845169408294,2.357857847077359,198.4407374293287
NGC6946,10.1,172.0,2.0,37.43,174.69,41.85,3.11686e+20,16244.293456000001,127.45310296732677,5.21174947094191e-11,0.5341846062887436,2.416317114691036,198.11957069859704
NGC6946,10.48,170.0,2.0,37.14,171.99,41.08,3.234128e+20,15762.71779,125.54966264391156,4.873869491250811e-11,0.5165787667279467,2.4786711881300065,197.66283017476326
NGC6946,10.76,171.0,2.0,36.66,170.15,40.54,3.320536e+20,15417.432086,124.16695247125944,4.643055243490809e-11,0.5041984760781706,2.52518552808065,197.31162252572318
NGC6946,11.13,174.0,2.0,35.89,167.51,39.86,3.434718e+20,14926.365161999998,122.17350433706974,4.345732360560604e-11,0.487787976567907,2.5905597383796324,196.6408925656858
NGC6946,11.51,174.0,2.0,36.08,164.95,39.2,3.551986e+20,14524.531949999999,120.51776611769735,4.0891298417279803e-11,0.4731676597701577,2.652700067051676,196.28863155480812
NGC6946,11.88,175.0,2.0,36.76,162.35,38.58,3.666168e+20,14160.429494,118.99760289182299,3.8624606111885756e-11,0.4598663532726278,2.7127326293694582,195.99351809246002
NGC6946,12.26,174.0,2.0,37.82,159.81,37.98,3.783436e+20,13841.941990000001,117.65178277442294,3.6585638002070086e-11,0.44756376614328547,2.7714915475266833,195.86430309436093
NGC6946,12.54,173.0,6.0,38.79,158.0,37.55,3.869844e+20,13636.70525,116.7763043172715,3.523838493231252e-11,0.43924578316624874,2.8131163597337188,195.86127394572338
NGC6946,12.91,173.0,6.0,40.14,155.62,37.01,3.9840260000000003e+20,13381.38887,115.67795325817275,3.3587604272662877e-11,0.4288339072698607,2.867532263210517,195.88661085253153
NGC6946,13.29,173.0,8.0,42.08,153.17,36.48,4.1012939999999997e+20,13174.972478,114.78228294471234,3.212394058558104e-11,0.4193860787200193,2.9192845725675975,196.11602152559612
NGC6946,13.66,175.0,9.0,44.01,150.89,35.98,4.215476e+20,13005.562249999997,114.04193198117962,3.085194234292876e-11,0.4109990885356262,2.967249305276487,196.44527367957366
NGC6946,14.03,174.0,9.0,45.46,148.68,35.5,4.329658e+20,12814.968104000001,113.20321596138513,2.959810706526936e-11,0.40256088262158896,3.0175527836863596,196.64649164192357
NGC6946,14.31,171.0,9.0,46.53,147.06,35.16,4.4160660000000003e+20,12681.960732,112.61421194502938,2.8717778973412075e-11,0.3965290664265557,3.054841039697229,196.82828584312344
NGC6946,14.69,167.0,8.0,45.94,144.87,34.7,4.5333339999999997e+20,12318.530774,110.98887680303824,2.7173225652466815e-11,0.3857182616813629,3.124629634395084,196.19084155140428
NGC6946,15.06,165.0,7.0,44.59,142.8,34.27,4.647516e+20,11908.753634,109.12723598625597,2.5623910996756118e-11,0.37456078953177624,3.2009342603974864,195.24122901094344
NGC6946,15.44,163.0,8.0,44.01,140.8,33.84,4.764784e+20,11582.981476000003,107.62426062928378,2.430956256569029e-11,0.3648280108122747,3.271352708817304,194.65872142725397
NGC6946,15.72,162.0,8.0,44.2,139.35,33.54,4.851192e+20,11403.582886,106.78755960316727,2.3506764700304585e-11,0.35875340626880464,3.31726216373789,194.4959486436073
NGC6946,16.09,161.0,9.0,33.85,137.46,33.15,4.9653739999999997e+20,10343.142586000002,101.70124181149413,2.083054083337932e-11,0.337714630950726,3.4891694185687503,189.97098937197572
NGC6946,16.47,159.0,10.0,33.85,135.59,32.77,5.082642e+20,10096.742160000002,100.48254654416358,1.9865145253197062e-11,0.3297960696979215,3.5596101409243768,189.57970825759466
NGC6946,16.84,158.0,10.0,33.85,133.88,32.41,5.196824e+20,9873.983250000001,99.3679186156176,1.9000033963051282e-11,0.3225349574465711,3.62727054809518,189.25012188928739
NGC6946,17.21,157.0,10.0,33.85,132.2,32.06,5.311006e+20,9657.976955999999,98.27500677181355,1.8184835332515156e-11,0.31553990439262225,3.695422732138074,188.91878569816203
NGC6946,17.5,157.0,10.0,33.85,130.89,31.79,5.4005e+20,9491.508751999998,97.42437452711718,1.7575240722155352e-11,0.3102060361419549,3.749473037948196,188.64823390393383
NGC6946,17.87,157.0,9.0,33.85,129.3,31.46,5.5146820000000003e+20,9291.604436,96.39296880997078,1.684884901069545e-11,0.3037279244922823,3.817692182010266,188.34140706081897
NGC6946,18.24,160.0,11.0,33.85,127.8,31.14,5.6288639999999993e+20,9104.990716,95.42007501569049,1.617553864509784e-11,0.29759729473872565,3.885008844667354,188.07703066104096
NGC6946,18.62,159.0,12.0,33.85,126.3,30.82,5.746132e+20,8920.541204,94.44861673947374,1.5524427917771467e-11,0.2915462138255075,3.954249118008996,187.81384983030378
NGC6946,18.9,160.0,14.0,33.85,125.2,30.59,5.8325399999999993e+20,8786.785026000001,93.73785268502795,1.5065108899381747e-11,0.2872008632150973,4.0057842527540695,187.61120725981712
NGC6946,19.27,158.0,16.0,33.85,123.92,30.3,5.946722e+20,8631.980444,92.90845195136986,1.4515527115610924e-11,0.28191358793647636,4.0706479794955195,187.4506701866212
NGC6946,19.65,155.0,18.0,33.85,122.75,30.0,6.063989999999999e+20,8490.90125,92.14608646057629,1.4002168951465953e-11,0.2768836172478521,4.134669949803144,187.36881876427827
NGC6946,20.02,157.0,19.0,33.85,121.08,29.72,6.178171999999999e+20,8295.899108,91.08182644194176,1.3427756799260365e-11,0.27114483536172795,4.2106335861987265,186.89834512873796
NGC6946,20.4,154.0,21.0,33.85,119.5,29.44,6.29544e+20,8113.425756000001,90.07455665169827,1.2887781880218067e-11,0.2656370764524,4.286645163586856,186.49229817093905
NGC2403,0.16,24.5,2.83,0.0,23.21,0.0,4.9376e+18,247.80388600000003,15.741787890833749,5.018711236228128e-11,0.5241984196714389,2.4511590240190744,24.645622965465773
NGC2403,0.26,35.3,2.46,0.0,35.33,0.0,8.0236e+18,574.1760939999999,23.96197183038157,7.156090707413132e-11,0.6259469413838038,2.1494042615352513,35.1302795792357
NGC2403,0.36,43.2,1.12,1.92,46.97,0.0,1.11096e+19,1018.529614,31.91441075752457,9.168013375819112e-11,0.7084957058183937,1.9699943521994774,44.793945875842574
NGC2403,0.46,52.0,1.25,2.29,56.68,0.0,1.41956e+19,1483.0504039999998,38.51039345423518,1.0447254106906364e-10,0.7563114620622822,1.8846397591832609,52.867908567023875
NGC2403,0.56,60.9,2.93,2.64,63.77,0.0,1.7281600000000002e+19,1877.6115340000001,43.33141509344,1.086480148828812e-10,0.7712772139363305,1.8601954452434684,59.09927599796297
NGC2403,0.66,65.8,1.25,3.0,67.56,0.0,2.03676e+19,2108.6026560000005,45.91952369090952,1.035273010074825e-10,0.7528822341997985,1.8903843323784908,63.135326277085746
NGC2403,0.76,71.7,1.25,3.34,70.83,0.0,2.34536e+19,2318.9244940000003,48.15521253197831,9.887285934781869e-11,0.7357633488099747,1.9199001113342387,66.724084064199
NGC2403,0.86,74.6,1.6,3.68,72.8,0.0,2.65396e+19,2451.4687999999996,49.51230958054774,9.237022411792189e-11,0.711157184525513,1.9649283995447273,69.4043274278905
NGC2403,0.96,74.6,1.03,4.02,74.87,0.0,2.96256e+19,2594.6981740000006,50.93817992429648,8.758297465705337e-11,0.6924835305015183,2.001328622678868,72.06138857140344
NGC2403,1.06,76.6,1.12,4.37,77.12,0.0,3.27116e+19,2754.9443240000005,52.48756351746574,8.421918597684002e-11,0.6790552682752811,2.028791948527087,74.76101165160621
NGC2403,1.16,78.5,1.6,4.75,79.47,0.0,3.5797599999999996e+19,2927.683714,54.10807438820938,8.178435744295708e-11,0.6691673244940226,2.04974670661608,77.46618649956272
NGC2403,1.27,83.4,1.8,5.15,82.18,0.0,3.91922e+19,3133.1566040000007,55.974606778431244,7.994337148718371e-11,0.6615928959730218,2.0662382229022067,80.46022578593274
NGC2403,1.36,86.4,1.6,5.51,85.19,0.0,4.19696e+19,3368.7347059999997,58.040802079226985,8.026606653387211e-11,0.6629268260845669,2.063305566072623,83.37103255634909
NGC2403,1.47,87.4,1.41,5.76,87.94,0.0,4.53642e+19,3590.561656,59.92129551336486,7.914967432468774e-11,0.6583004763153407,2.0735293514723843,86.2851956130789
NGC2403,1.57,90.3,1.41,5.98,90.77,0.0,4.84502e+19,3825.789134,61.852963825511225,7.896333005849306e-11,0.6575250921649393,2.075257460781389,89.10385762530076
NGC2403,1.67,93.3,1.6,6.21,93.98,0.0,5.15362e+19,4101.394684,64.0421321006726,7.958279197923015e-11,0.66009917333101,2.0695367629026364,92.1302723197508
NGC2403,1.77,93.3,1.41,6.42,96.86,0.0,5.46222e+19,4356.871816000001,66.00660433623291,7.976375568907882e-11,0.660849248583727,2.067878464441173,94.91828801994433
NGC2403,1.87,95.2,1.25,6.61,99.21,0.0,5.77082e+19,4571.299186,67.61138355336327,7.92140317320589e-11,0.6585680573485355,2.072933968219746,97.34475518257096
NGC2403,1.97,97.2,1.6,6.81,101.42,0.0,6.07942e+19,4777.943644000001,69.1226709842726,7.859209668027543e-11,0.6559776470973017,2.07871892257112,99.65942937706001
NGC2403,2.08,99.1,2.02,7.01,103.79,0.0,6.41888e+19,5004.427586,70.74197895168045,7.796418668054238e-11,0.6533519318458076,2.084631208792884,102.13905192393179
NGC2403,2.18,98.2,2.02,7.27,106.07,0.0,6.727480000000001e+19,5228.241553999999,72.30658029529539,7.771470972786244e-11,0.6523057665643205,2.08700057483672,104.45737469697018
NGC2403,2.28,98.2,1.6,7.54,106.73,0.0,7.036079999999999e+19,5296.846334000001,72.77943620281762,7.528121246489525e-11,0.6420116454181679,2.110741152591561,105.73680312988259
NGC2403,2.37,98.2,1.0,7.81,106.19,0.0,7.31382e+19,5248.101506000001,72.44378169311705,7.175595661364378e-11,0.6267994150802481,2.1473011531805795,106.15674456125026
NGC2403,2.47,97.2,1.12,8.25,105.57,0.0,7.62242e+19,5194.773953999999,72.07478029102829,6.815124270244883e-11,0.6108526930859189,2.1876464937939137,106.60360700520431
NGC2403,2.57,98.2,1.41,8.77,105.08,0.0,7.93102e+19,5156.143844,71.80629390241499,6.501236718606183e-11,0.596619704959306,2.225535403240432,107.12226971560214
NGC2403,2.68,98.2,1.12,9.31,104.39,0.0,8.27048e+19,5099.421266,71.41023222200023,6.165810528530388e-11,0.5810248278957767,2.2692453273433855,107.57247733517153
NGC2403,2.78,98.2,1.6,9.95,103.8,0.0,8.57908e+19,5055.244899999999,71.10024542854967,5.892525655431582e-11,0.5680026269148383,2.3076362116629174,108.00771356743128
NGC2403,2.88,99.1,2.69,10.97,103.16,0.0,8.88768e+19,5015.654276,70.8212840606551,5.643378559984159e-11,0.5558648279546249,2.345083777816014,108.45335162078268
NGC2403,2.98,100.0,2.69,11.96,102.68,0.0,9.19628e+19,4992.905504,70.66049464870736,5.429266512111421e-11,0.545217997873523,2.3793400542546017,108.99458726365938
NGC2403,3.08,102.0,3.16,13.06,102.46,0.0,9.50488e+19,4999.667336,70.70832578982478,5.2601056888671933e-11,0.5366570492184716,2.407895649315286,109.7209060588644
NGC2403,3.19,101.0,3.4,14.06,102.29,0.0,9.84434e+19,5010.775886000001,70.78683412895367,5.090006933933611e-11,0.5279086646410402,2.4380564708099195,110.5285237965323
NGC2403,3.29,101.0,3.4,15.05,102.51,0.0,1.015294e+20,5060.320546,71.13593006350588,4.984093815190476e-11,0.5223874171146609,2.4576236404212914,111.518444223183
NGC2403,3.39,103.0,2.93,16.15,102.82,0.0,1.046154e+20,5123.920604,71.58156609071919,4.8978645629610935e-11,0.5178488177417861,2.4740279429366177,112.59095324085621
NGC2403,3.49,107.0,2.46,17.15,103.06,0.0,1.077014e+20,5179.949756,71.97186780958238,4.809547281650934e-11,0.513158707371196,2.49129157539602,113.5991425500099
NGC2403,3.59,110.0,2.46,18.14,102.95,0.0,1.107874e+20,5204.462750000001,72.14196247677215,4.697702762227475e-11,0.5071569370932452,2.513859249969508,114.3821962772583
NGC2403,3.69,112.0,3.4,19.24,103.12,0.0,1.138734e+20,5261.6954240000005,72.53754492674811,4.620653659239121e-11,0.5029806894359865,2.5298872779235158,115.37545802069857
NGC2403,3.79,114.0,5.1,20.24,102.93,0.0,1.169594e+20,5283.166654000001,72.68539505292655,4.517094525108713e-11,0.4973122906542257,2.552081804153096,116.11663742109396
NGC2403,3.9,118.0,5.1,21.03,102.5,0.0,1.20354e+20,5275.1359,72.63013079982714,4.383016684115192e-11,0.48987600236630985,2.5819935490683874,116.70632743882852
NGC2403,3.99,118.0,4.85,21.83,101.99,0.0,1.231314e+20,5261.450545999999,72.53585696743369,4.2730372155274763e-11,0.4836909267961768,2.607587204821241,117.13108521032889
NGC2403,4.47,118.0,5.36,25.72,99.49,0.0,1.379442e+20,5214.718046,72.21300468752149,3.7803097527840976e-11,0.45494960948001834,2.7358279516489445,119.44275361115453
NGC2403,4.97,121.0,2.57,27.81,97.06,0.0,1.533742e+20,5106.892156000001,71.4625227374461,3.3296944049259915e-11,0.42697435523999333,2.877534585846579,121.22400259469494
NGC2403,5.47,124.0,0.22,29.41,94.4,0.0,1.688042e+20,4964.1737,70.45689249463108,2.940788025416429e-11,0.4012651695013358,3.025466993731023,122.55179998881131
NGC2403,5.96,125.0,0.88,30.7,91.13,0.0,1.839256e+20,4762.641374,69.01189298954202,2.5894390851518213e-11,0.37653248689963015,3.1871171484507483,123.20347395668854
NGC2403,6.46,126.0,0.45,31.7,87.9,0.0,1.993556e+20,4559.038600000001,67.52065313665146,2.2868876520147928e-11,0.3538522960638406,3.3554642385208626,123.68383477373355
NGC2403,6.96,126.0,0.55,33.29,84.95,0.0,2.147856e+20,4427.81525,66.54183082843453,2.0615047051571424e-11,0.3359632457977722,3.5044604806399495,124.56766658808334
NGC2403,7.45,126.0,0.45,34.99,81.98,0.0,2.29907e+20,4315.831484000001,65.69498827155692,1.8772075160825908e-11,0.32059426224881266,3.645877950053715,125.43920776082416
NGC2403,7.95,126.0,0.24,36.58,79.11,0.0,2.45337e+20,4216.956766,64.93809949482662,1.7188425577878596e-11,0.30677336649663933,3.7852598307524477,126.341905377272
NGC2403,8.45,127.0,1.45,38.38,76.42,0.0,2.6076699999999997e+20,4159.431944,64.49365816884634,1.595076042597415e-11,0.295522327997178,3.9084301608066023,127.50235002442912
NGC2403,8.94,128.0,1.12,39.97,74.09,0.0,2.758884e+20,4122.691826,64.20819126871586,1.4943331528255627e-11,0.28603772752698364,4.01984635450883,128.73456298721587
NGC2403,9.44,128.0,1.68,41.47,71.75,0.0,2.913184e+20,4087.8696500000005,63.936450089131476,1.403230846386634e-11,0.2771814515107916,4.130813946115643,129.94702366781192
NGC2403,9.94,127.0,2.56,42.57,69.58,0.0,3.067484e+20,4039.2380439999997,63.555000149476825,1.3167918867710472e-11,0.268508583960212,4.246624594962334,130.96994931112232
NGC2403,10.43,127.0,1.24,43.96,67.61,0.0,3.218698e+20,4035.1931660000005,63.52317030816394,1.253672499252804e-11,0.26199418538041225,4.3386865143035145,132.31567621387083
NGC2403,10.93,128.0,0.21,45.06,65.75,0.0,3.3729979999999997e+20,4019.01235,63.395680846568716,1.191525269211544e-11,0.25541784228275993,4.436414981315108,133.52904777474615
NGC2403,11.43,130.0,1.13,45.76,64.12,0.0,3.527298e+20,3985.209824,63.128518309873236,1.1298194323246861e-11,0.24871622836904242,4.541351381977527,134.5296924165547
NGC2403,11.92,130.0,2.23,46.15,62.55,0.0,3.678512e+20,3929.5736499999994,62.68631150418725,1.0682508715480606e-11,0.2418445088893402,4.655022265319834,135.2488552038949
NGC2403,12.42,132.0,2.68,46.65,61.06,0.0,3.832812e+20,3891.2513559999998,62.379895447171116,1.0152471230000324e-11,0.23576834066749844,4.761080759172677,136.1123137712242
NGC2403,12.92,133.0,2.68,46.95,59.67,0.0,3.987112e+20,3842.1365940000005,61.98497071064889,9.636389933365304e-12,0.22969777367219038,4.872671437357657,136.82642010960615
NGC2403,13.42,133.0,3.37,46.75,58.37,0.0,4.141412e+20,3752.808674,61.260172004329206,9.061664654470504e-12,0.22274275980350133,5.008030313272919,137.0918655475428
NGC2403,13.91,133.0,3.81,46.25,57.26,0.0,4.2926260000000003e+20,3647.267996,60.39261540950185,8.496589257950728e-12,0.21568597961089958,5.154329886689078,137.11025649654144
NGC2403,14.41,133.0,2.56,45.95,56.12,0.0,4.446926e+20,3560.151524,59.667005321199085,8.005870851010337e-12,0.2093649092215821,5.293783940921915,137.28318529594176
NGC2403,14.91,134.0,0.56,45.66,55.05,0.0,4.6012260000000003e+20,3478.8667499999997,58.98191883959015,7.560738703119559e-12,0.2034612544502348,5.431884116206457,137.4656358575618
NGC2403,15.4,134.0,0.79,45.26,54.06,0.0,4.75244e+20,3392.8100560000003,58.24783305840656,7.139090774423244e-12,0.19770654889796407,5.574466216844979,137.5249251493849
NGC2403,15.9,133.0,0.67,44.76,53.11,0.0,4.90674e+20,3300.9667659999996,57.45404046714208,6.7274132438238e-12,0.19192151186685466,5.726446980511593,137.48749459470784
NGC2403,16.4,134.0,2.35,44.16,52.26,0.0,5.0610399999999993e+20,3206.4150959999997,56.62521607905792,6.335486571929881e-12,0.1862471306205378,5.884721863827798,137.36397278740415
NGC2403,16.89,134.0,4.13,43.36,51.43,0.0,5.212254e+20,3096.810254,55.648991491310966,5.941403189483859e-12,0.18036161512677842,6.059438963949568,136.98515509735412
NGC2403,17.39,136.0,3.91,42.67,50.61,0.0,5.3665540000000003e+20,2998.960066,54.76276167250881,5.588241664949238e-12,0.1749190833248052,6.2314982761247375,136.70411289147788
NGC2403,17.89,136.0,6.38,41.87,49.84,0.0,5.520854e+20,2895.748676,53.81216104190576,5.245110042757877e-12,0.16946378620147745,6.415080987940647,136.29549617379843
NGC2403,18.38,135.0,8.39,41.07,49.16,0.0,5.672068e+20,2798.429476,52.90018408285551,4.933702268731614e-12,0.16435619263427534,6.598036532445166,135.88281685378539
NGC2403,18.88,133.0,7.83,40.27,48.46,0.0,5.826368e+20,2701.923836,51.98003305116302,4.637406761811131e-12,0.15934454435815673,6.788982151834524,135.43748631091862
NGC2403,19.38,134.0,6.26,39.87,47.78,0.0,5.980667999999999e+20,2639.7639639999998,51.37863334110786,4.413827960354931e-12,0.15545593383840078,6.945640533178378,135.40624648213992
NGC2403,19.87,136.0,5.6,39.87,47.15,0.0,6.131882e+20,2612.2532499999998,51.110206906253076,4.2601166330337085e-12,0.15272507528402823,7.060435400964394,135.8073831666905
NGC2403,20.37,135.0,5.24,39.87,46.52,0.0,6.286182e+20,2585.107684,50.843954252201904,4.11236531808974e-12,0.15005326413146647,7.176799960945626,136.2086661177307
NGC2403,20.87,134.0,3.12,39.87,45.97,0.0,6.440482e+20,2561.7077139999997,50.61331557999337,3.977509313743908e-12,0.14757242225446984,7.288627088899379,136.64308338918184
UGC04499,0.91,26.0,4.1,-3.26,30.14,0.0,2.80826e+19,428.50061600000004,20.700256423532537,1.5258580615754953e-11,0.28903915005927977,3.983792055233645,41.31655055402766
UGC04499,1.82,45.1,3.02,5.75,35.45,0.0,5.61652e+19,611.14565,24.72136019720598,1.0881215592573334e-11,0.24408343740577146,4.617279791678052,53.12090416697505
UGC04499,2.73,57.0,2.97,15.79,36.37,0.0,8.42478e+19,857.8014739999999,29.28824805276,1.0181885746571424e-11,0.23610963667850926,4.75497811168806,63.865696841448106
UGC04499,3.63,62.0,2.85,22.36,38.25,0.0,1.120218e+20,1172.97835,34.24877151081481,1.047098288011798e-11,0.23943813879581125,4.696378230028097,74.22095382864786
UGC04499,4.55,66.9,2.75,25.59,37.1,0.0,1.40413e+20,1287.9967000000001,35.888670914370735,9.172916325411464e-12,0.22410591490993018,4.980835723075691,80.09556775854456
UGC04499,5.45,70.6,2.86,27.95,35.74,0.0,1.68187e+20,1368.782396,36.99705928854346,8.138455385969189e-12,0.21109142747399115,5.254861703502279,84.8101538329491
UGC04499,6.37,72.8,2.66,28.63,34.29,0.0,1.965782e+20,1360.5467859999999,36.8855904927656,6.921147848540683e-12,0.19466535520328856,5.653232785983316,87.70112711635711
UGC04499,7.28,73.3,2.66,31.18,33.63,0.0,2.246608e+20,1492.4417740000001,38.63213395607341,6.643089377408076e-12,0.1907149116209299,5.759311767745532,92.71158218730397
UGC04499,8.18,74.3,2.67,32.26,33.14,0.0,2.524348e+20,1545.907016,39.31802406021951,6.123985345919024e-12,0.18311194454578889,5.976391000127869,96.11942976036077
NGC0801,1.17,123.0,6.2,2.58,183.66,0.0,3.6106199999999996e+19,15522.914376,124.590988341854,4.299237908170896e-10,1.5342472108737477,1.274888931411305,140.676905429455
NGC0801,1.56,142.0,6.2,3.43,210.66,0.0,4.81416e+19,20425.477276,142.91772904716896,4.2427915308174217e-10,1.5241420665914407,1.278458226594857,161.59554280866945
NGC0801,1.96,205.0,6.2,4.28,232.37,0.0,6.04856e+19,24856.394174000005,157.65910748827676,4.10947302729906e-10,1.5000048744742134,1.2872151146516113,178.87293332561822
NGC0801,2.73,228.0,6.2,5.96,264.64,0.0,8.42478e+19,32251.313216,179.58650621914776,3.828149009944473e-10,1.4477514892451897,1.307357559846407,205.33874000760775
NGC0801,3.52,238.0,6.2,7.61,281.54,0.0,1.086272e+20,36519.70703600001,191.10130045606704,3.36193025651034e-10,1.3567316396503368,1.3468031773711286,221.7765936088558
NGC0801,10.59,229.0,4.2,23.2,269.17,0.0,3.268074e+20,33866.384894,184.02821765696694,1.0362796220036634e-10,0.7532481647805662,1.8897687227374866,252.98149126936244
NGC0801,17.65,225.0,6.9,37.46,243.6,0.0,5.4467899999999997e+20,28700.0932,169.41101853185347,5.2691756429016e-11,0.5371195264609541,2.4063292032229158,262.7962564466614
NGC0801,24.61,220.0,4.0,47.21,226.69,0.0,7.594646e+20,25867.427906,160.8335409857036,3.4060083782706917e-11,0.4318395942744039,2.8515499243899916,271.5920876784113
NGC0801,31.67,222.0,2.4,59.26,219.45,0.0,9.773362000000001e+20,25664.566749999998,160.2016440302658,2.6259711601800892e-11,0.37917926402138463,3.16879782899398,285.1768283003917
NGC0801,38.74,219.0,4.1,61.77,202.4,0.0,1.1955164e+21,22659.782500000005,150.53166610384676,1.8953970434868155e-11,0.3221437446224116,3.6310033030245767,286.840975286514
NGC0801,45.8,214.0,4.7,58.45,183.36,0.0,1.4133879999999999e+21,18882.011716,137.41183251816418,1.3359397218598152e-11,0.27045376691912315,4.2200000213674915,282.28016197561817
NGC0801,52.86,216.0,2.6,58.96,169.7,0.0,1.6312596e+21,16723.403,129.31899705766358,1.0251834226753364e-11,0.23691927266908896,4.7405718218620185,281.56436746762324
NGC0801,59.82,216.0,8.8,66.89,158.21,0.0,1.8460452e+21,15988.257986000002,126.44468350231259,8.660816098110708e-12,0.21776045320046383,5.1103344306325145,285.8414687754229
NGC2998,0.33,90.0,20.0,0.0,44.56,0.0,1.01838e+19,913.3730560000001,30.2220624048062,8.96888249965632e-11,0.7007591391119206,1.98494801816712,42.579314665156915
NGC2998,0.99,125.0,15.0,0.66,93.23,0.0,3.05514e+19,3998.6787340000005,63.235106815755444,1.308836496527164e-10,0.8465298985707056,1.7510089183480273,83.67629368490577
NGC2998,1.98,148.0,15.0,2.66,132.13,0.0,6.11028e+19,8037.9105739999995,89.65439517391214,1.3154733619408603e-10,0.8486734820807746,1.7481975960938096,118.54052447616306
NGC2998,2.64,180.0,17.0,4.03,154.64,0.0,8.14704e+19,11016.464515999998,104.9593469682429,1.3522045449635695e-10,0.8604404106792402,1.7330294425197235,138.17328742814868
NGC2998,3.63,201.0,15.0,6.22,196.69,0.0,1.120218e+20,17834.688206,133.54657691607073,1.59207298990018e-10,0.9336435267244096,1.6477688427771757,171.42766272248
NGC2998,7.59,206.0,10.0,16.84,221.58,0.0,2.342274e+20,22868.525944000005,151.2234305390537,9.763386326279506e-11,0.731138814653795,1.9281215469986677,209.98404134772824
NGC2998,12.5,214.0,5.0,32.06,213.19,0.0,3.8575e+20,21934.832606,148.10412757921367,5.686281945819831e-11,0.5579737887317457,2.338457198684279,226.48105264996306
NGC2998,17.48,212.0,5.0,44.76,198.92,0.0,5.394328e+20,20205.274143999995,142.1452571984025,3.745651755695983e-11,0.4528593114023342,2.745801230809596,235.54122062484203
NGC2998,22.46,213.0,2.0,52.43,175.78,0.0,6.931156000000001e+20,16962.264764000003,130.23925968769942,2.4472490251265456e-11,0.3660485453218126,3.2623142283471576,235.23655686263746
NGC2998,27.44,214.0,2.0,58.37,162.69,0.0,8.467984e+20,15582.353506,124.82929746658033,1.840149143645052e-11,0.3174140271474744,3.676866241168927,239.36213059749377
NGC2998,32.32,213.0,2.0,63.92,151.18,0.0,9.973952e+20,14599.246904000001,120.82734336233666,1.4637374336672164e-11,0.28309434428753627,4.055951048540559,243.3389216467052
NGC2998,37.3,213.0,3.0,66.04,139.68,0.0,1.1510779999999999e+21,13336.112704000003,115.48208823882604,1.1585759352537364e-11,0.2518615402746855,4.4914018030192215,244.74035352596263
NGC2998,42.28,203.0,3.0,64.42,130.09,0.0,1.3047608e+21,11934.704126,109.24607144424004,9.14704375392026e-12,0.2237896419610896,4.987115647578757,243.96669792411703
UGC02455,0.5,16.9,3.64,2.1,41.15,0.0,1.543e+19,783.33835,27.988182327546745,5.0767229423201556e-11,0.5272193418331151,2.4404765128728796,43.72320716516111
UGC02455,1.0,23.9,3.64,6.14,64.58,0.0,3.086e+19,1956.164744,44.22855123107697,6.338835852235905e-11,0.5891207992502019,2.246256487810618,66.28761383121584
UGC02455,1.51,28.2,3.64,11.02,77.99,0.0,4.65986e+19,2919.3628459999995,54.031128490898645,6.264915353680151e-11,0.5856757022914417,2.255959094123192,81.15394729450357
UGC02455,2.01,33.0,3.64,15.45,76.28,0.0,6.202859999999999e+19,2915.276164,53.993297398843865,4.699890315112707e-11,0.5072750058122976,2.5134100310320058,85.59955814036721
UGC02455,2.52,39.1,3.64,19.59,75.05,0.0,7.77672e+19,2974.71925,54.540986881427074,3.8251592573732885e-11,0.45764040776894405,2.723125972826986,90.00297357056273
UGC02455,3.02,43.8,3.64,23.74,73.51,0.0,9.31972e+19,3049.298846,55.2204567710192,3.271878174451593e-11,0.42325116831198234,2.897829364854063,94.00184965283614
UGC02455,3.52,53.1,3.64,27.22,69.5,0.0,1.086272e+20,2962.8433999999997,54.432007128159434,2.7275336195722615e-11,0.38644230104244703,3.119832085410388,96.14350681853873
UGC02455,4.03,61.0,3.64,29.76,65.25,0.0,1.243658e+20,2844.13635,53.33044486969896,2.2869119565025107e-11,0.3538541763870664,3.3554493771350717,97.69009951932036
UGC06786,0.16,160.0,36.0,-1.22,8.07,119.49,4.9376e+18,6599.261499999999,81.23583876590429,1.3365322221322097e-09,2.7051373450767184,1.0716518655964222,84.09584352412219
UGC06786,0.32,177.0,30.9,-1.2,15.74,184.15,9.8752e+18,15714.566246000002,125.35775303506362,1.5913162514176932e-09,2.9517383120560763,1.0551292389420355,128.76683704838828
UGC06786,0.49,180.0,25.3,-1.08,23.42,201.67,1.51214e+19,18962.037637999998,137.70271470817124,1.2539869084873092e-09,2.6202703615577407,1.0784964002059174,143.00520736376043
UGC06786,0.65,180.0,32.0,-0.96,30.3,207.64,2.0059e+19,20255.853015999994,142.3230586236819,1.0098137003838672e-09,2.3513659911060354,1.105264235946247,149.6264345200029
UGC06786,1.3,182.0,4.72,-0.33,55.43,203.18,4.0118e+19,20403.223658000003,142.8398531853068,5.08580279625106e-10,1.6687042088724509,1.2322724554816689,158.5633328256736
UGC06786,1.46,183.0,10.8,0.44,61.06,200.04,4.50556e+19,20122.583192,141.85409120642237,4.4661669563827796e-10,1.5637491269702322,1.2647816923699269,159.53267635325497
UGC06786,1.62,184.0,7.43,0.74,66.51,196.81,4.99932e+19,19853.115452000005,140.90108392769733,3.9711631685909297e-10,1.4745464881999892,1.2968192340884044,160.45529587623872
UGC06786,3.72,206.0,8.42,4.94,126.3,147.67,1.147992e+20,17393.138293999997,131.8830477885615,1.5150922910612615e-10,0.9107918744718182,1.6728159423853226,170.57408662020103
UGC06786,3.89,207.0,4.54,5.38,130.52,144.55,1.200454e+20,17476.823934000004,132.1999392359921,1.4558511974636268e-10,0.8928080495822506,1.69349222868386,172.0373956856622
UGC06786,4.05,209.0,5.36,5.86,134.47,141.56,1.24983e+20,17570.19027,132.55259435409025,1.405806411271933e-10,0.8773287532988794,1.7120132769021426,173.43701744419167
UGC06786,4.22,210.0,2.43,6.37,138.94,138.76,1.302292e+20,17777.561051999997,133.33252060918971,1.365097923660746e-10,0.8645328624940665,1.7278566585343338,175.26288037173995
UGC06786,4.26,210.0,4.6,6.53,140.05,138.12,1.314636e+20,17840.563874000003,133.56857367659507,1.3570725184765975e-10,0.8619878238072815,1.7310674122499803,175.73621919924665
UGC06786,4.38,211.0,2.8,6.92,143.43,136.21,1.351668e+20,18045.53774,134.33368058681336,1.3350569622126144e-10,0.8549672933598408,1.740029503167041,177.19979703180894
UGC06786,4.54,213.0,2.18,7.46,148.24,133.79,1.401044e+20,18398.087981999997,135.63955168755166,1.313169892023377e-10,0.8479301183512454,1.7491708167719417,179.3917461382128
UGC06786,4.71,214.0,7.61,7.98,153.86,131.35,1.453506e+20,18889.512566,137.4391231272959,1.2995827032017758e-10,0.8435320037609814,1.7549660577799957,182.07265967557763
UGC06786,4.86,215.0,4.7,8.49,158.53,129.31,1.499796e+20,19324.385120000003,139.01217615734242,1.288467572923251e-10,0.8399169579125214,1.7597775994950018,184.4088394253121
UGC06786,5.02,215.0,2.34,9.0,162.82,127.24,1.549172e+20,19723.1702,140.43920464029978,1.2731426981639224e-10,0.8349070821703128,1.7665185318989898,186.65836618297587
UGC06786,5.18,216.0,2.95,9.51,166.08,125.27,1.598548e+20,19997.004178000003,141.4107640103822,1.2509479964317624e-10,0.8275976163758171,1.7765084926597225,188.48036436183205
UGC06786,5.35,217.0,4.48,10.02,168.84,123.26,1.65101e+20,20202.388072,142.13510499521223,1.2236381410167112e-10,0.8185139885783723,1.7891860334862713,190.12056853873557
UGC06786,5.51,217.0,3.99,10.53,170.67,121.46,1.700386e+20,20296.03993,142.46417068863315,1.1936136812464932e-10,0.8084096652463885,1.803641523708728,191.32898469546737
UGC06786,5.68,218.0,5.14,11.06,171.8,119.61,1.752848e+20,20280.347966,142.40908666935547,1.1569941013710261e-10,0.7959122254157536,1.8220561020488264,192.22885257713995
UGC06786,5.84,218.0,2.51,11.59,172.47,117.97,1.802224e+20,20219.226128000002,142.19432523135373,1.1219041655199352e-10,0.7837498730194663,1.8405707411971268,192.9116793272125
UGC06786,6.0,219.0,3.95,12.13,172.94,116.4,1.8516e+20,20137.450556,141.90648524997016,1.0875702395765824e-10,0.7716640370975578,1.8595768027701292,193.51262470667913
UGC06786,6.15,219.0,7.84,12.55,173.44,114.95,1.89789e+20,20073.173106000002,141.6798260374426,1.0576573513744211e-10,0.7609779964427554,1.876909548387593,194.10185539836667
UGC06786,6.48,219.0,7.74,13.72,174.41,111.99,1.999728e+20,19950.118172000002,141.24488724198127,9.976415878559488e-11,0.7390722152490351,1.914083601078451,195.41288092805556
UGC06786,6.64,219.0,6.69,14.25,174.58,110.63,2.049104e+20,19852.962218,140.90054016220094,9.688606443596813e-11,0.7283334576440089,1.933162011527937,195.90557004877888
UGC06786,6.81,220.0,6.26,14.68,174.53,109.24,2.101566e+20,19716.78771,140.41647948157652,9.381950274224077e-11,0.716714459982852,1.954476833924429,196.305896036265
UGC06786,7.1,220.0,2.52,15.64,174.07,106.99,2.19106e+20,19448.333099999996,139.45728055573147,8.876221144103767e-11,0.6971298197884161,1.9920820336142087,196.83159033106074
UGC06786,7.13,220.0,11.4,15.74,173.95,106.76,2.200318e+20,19409.645646,139.3185043201369,8.821291125191904e-11,0.6949693969191848,1.9963655025482796,196.8470141616601
UGC06786,8.52,220.0,2.93,20.1,162.17,97.67,2.629272e+20,16889.737388,129.96052242123375,6.423731507428672e-11,0.593052708162427,2.235324530147852,194.3039996787295
UGC06786,10.66,225.0,1.79,25.95,149.89,87.32,3.289676e+20,14515.62797,120.48081992582885,4.41247951773974e-11,0.4915197288598574,2.5753023245660445,193.34458992606153
UGC06786,11.99,228.0,5.71,28.72,144.35,82.33,3.7001140000000003e+20,13527.808044,116.30910559367224,3.656051690299271e-11,0.44741008255310294,2.7722463473229633,193.65540642405313
UGC06786,12.1,228.0,9.96,29.04,143.9,81.96,3.73406e+20,13458.661336000001,116.01147070871914,3.6042970214726065e-11,0.44423205134389443,2.78797390314902,193.7069863894659
UGC06786,12.33,228.0,8.24,29.36,143.03,81.19,3.805038e+20,13304.73222,115.34614089773441,3.496609552913794e-11,0.43754545109226933,2.8218231581934465,193.76171317357438
UGC06786,12.78,229.0,1.74,30.21,141.37,79.75,3.943908e+20,13031.592224,114.15599950944322,3.304233319844175e-11,0.42533875582941566,2.886405685887658,193.94448146705025
UGC06786,14.93,228.0,1.64,33.5,133.3,73.78,4.6073979999999997e+20,11799.944064000003,108.62754744538792,2.561086336365993e-11,0.37446541466800176,3.201606353820067,194.36763076712077
UGC06786,17.08,226.0,1.34,35.21,125.19,68.98,5.2708879999999993e+20,10637.90129,103.14020210373839,2.0182370200239507e-11,0.33241888408014897,3.535903372658008,193.94481444295945
UGC06786,19.23,226.0,1.39,35.84,117.76,65.01,5.934378e+20,9607.615742000002,98.01844592728453,1.6189760311864192e-11,0.29772809099173336,3.8835434917845153,193.16209148383788
UGC06786,21.27,227.0,1.11,35.52,111.0,61.81,6.563922e+20,8686.749406,93.20273282474072,1.3234083838899979e-11,0.2691823275379509,4.237358949587564,191.8563924875545
UGC06786,23.42,227.0,1.37,34.46,106.04,58.91,7.227412000000001e+20,7956.3316620000005,89.19827163123735,1.1008548650609653e-11,0.245507427832137,4.593634946653218,191.17657589183537
UGC06786,25.57,224.0,2.79,32.87,101.01,56.38,7.890902e+20,7236.03017,85.0648586080057,9.170092557226031e-12,0.22407141814579215,4.981519826823006,189.8589680772137
UGC06786,27.72,218.0,9.41,31.59,96.03,54.15,8.554392e+20,6588.760463999999,81.17118000867056,7.702196092954356e-12,0.20535576001104694,5.3866989727893,188.39232793132408
UGC06786,29.87,215.0,8.18,30.53,91.96,52.16,9.217882e+20,6073.642212,77.93357563977159,6.588978045065016e-12,0.1899365885784355,5.780733570606058,187.37691274743116
UGC06786,32.02,219.0,5.06,29.67,88.37,50.38,9.881372e+20,5640.113498000001,75.10068906474827,5.707824275819187e-12,0.17678072079317195,6.171449495850492,186.56815270504143
UGC06786,34.05,211.0,7.05,29.04,85.42,48.86,1.0507829999999999e+21,5297.90456,72.78670592903624,5.041863600762479e-12,0.16614801207602703,6.5325691528616066,186.0347491826751
UGC00891,1.48,24.35,2.92,9.7,18.56,0.0,4.56728e+19,252.54785599999997,15.891754339908479,5.529502373403863e-12,0.17399734745332443,6.261706518166566,39.766575865470124
UGC00891,2.97,43.55,1.4,18.44,19.59,0.0,9.16542e+19,516.5669260000001,22.728108720260913,5.636042058083537e-12,0.17566559695276698,6.207265561962576,56.62568401537125
UGC00891,4.45,54.15,0.67,22.96,18.92,0.0,1.37327e+20,691.8261440000001,26.302588161623945,5.037801335498483e-12,0.1660810652725401,6.534989714478249,67.23895251449973
UGC00891,5.94,60.15,0.48,21.83,18.18,0.0,1.833084e+20,628.5846039999999,25.071589578644588,3.429109653458324e-12,0.13702199601754658,7.809513255966,70.06382659714025
UGC00891,7.39,63.75,0.95,21.02,16.53,0.0,2.280554e+20,567.531214,23.822913633726667,2.4885673130300796e-12,0.11672779975696669,9.076664621359756,71.77249119008725
UGC00191,0.62,29.9,1.42,1.81,21.8,0.0,1.91332e+19,221.88650000000004,14.895855128189185,1.1596936215583386e-11,0.251982997283502,4.489498123516638,31.56198703161248
UGC00191,0.87,34.4,2.31,2.95,28.35,0.0,2.68482e+19,378.41485000000006,19.452887960403206,1.409460783218242e-11,0.27779607259514905,4.122882867509026,39.49886203267125
UGC00191,1.12,46.3,2.05,4.13,31.91,0.0,3.4563200000000004e+19,485.451026,22.032953183810836,1.4045314843533004e-11,0.27730987985184996,4.129153780929842,44.7716644705574
UGC00191,1.37,49.8,1.87,5.34,34.28,0.0,4.22782e+19,569.070064,23.855189456384537,1.346012990146222e-11,0.27147149138277765,4.2062229344488555,48.924794884650034
UGC00191,1.62,57.6,2.76,6.6,35.59,0.0,4.99932e+19,626.2181260000001,25.024350660906272,1.252606606498484e-11,0.26188278583761104,4.340300884305654,52.13420265090883
UGC00191,2.3,71.3,7.5,10.14,39.66,0.0,7.097799999999999e+19,826.360776,28.7464915424474,1.1642491701654035e-11,0.2524774363552515,4.481767443326663,60.85685517933832
UGC00191,4.97,76.65,1.09,23.98,41.54,0.0,1.533742e+20,1368.803336,36.99734228292621,8.92459967843353e-12,0.2210517591840938,5.042233372667226,83.07722829631132
UGC00191,7.45,81.0,0.63,33.08,37.03,0.0,2.29907e+20,1725.048014,41.53369733120325,7.503242676386539e-12,0.2026861622886932,5.450614883084722,96.9668622733774
UGC00191,9.98,83.85,1.04,33.72,31.94,0.0,3.079828e+20,1606.313656,40.07884299727226,5.215595338440976e-12,0.16898631961028446,6.431714286142321,101.64325107610786
D564-8,0.51,8.54,1.53,3.47,6.36,0.0,1.57386e+19,30.647716000000003,5.53603793339605,1.947296201695196e-12,0.1032560747833815,10.193263364960217,17.67484768597753
D564-8,1.02,15.1,1.41,5.33,8.66,0.0,3.14772e+19,62.906876,7.931385503176604,1.998490208786042e-12,0.10460455966618133,10.068528176699411,25.167035056083503
D564-8,1.53,19.8,1.8,6.34,9.09,0.0,4.72158e+19,78.204526,8.843332290488693,1.6563211043760774e-12,0.09522958045365962,11.008873438098535,29.341842631649534
D564-8,2.04,21.9,1.82,6.86,8.75,0.0,6.29544e+19,82.27835,9.07074142504349,1.306951539527023e-12,0.08459201022403848,12.328495901594948,31.849149137221776
D564-8,2.56,24.0,1.89,7.05,8.17,0.0,7.90016e+19,80.406994,8.966994702797587,1.0177894371759558e-12,0.07464978700331895,13.90210574732534,33.43391292404396
D564-8,3.07,25.0,2.05,7.04,7.65,0.0,9.47402e+19,76.48195000000001,8.745395931574512,8.072808586006788e-13,0.0664832024202916,15.5469332272585,34.4827459715801
NGC0247,1.08,34.6,0.9,2.87,22.18,0.0,3.3328800000000004e+19,234.53500400000001,15.314535709579967,7.037007152972804e-12,0.1962879319740713,5.610903538705429,36.27607040314444
NGC0247,1.61,47.0,0.8,4.22,29.63,0.0,4.96846e+19,421.659374,20.53434620337351,8.48672172061363e-12,0.21556069947347933,5.157014048666823,46.631569944299095
NGC0247,2.15,59.1,3.1,5.53,34.54,0.0,6.6349e+19,579.3662360000001,24.07002775237287,8.732102006058872e-12,0.21865479386236608,5.091625781788563,54.31312975989689
NGC0247,2.7,64.4,1.4,7.02,38.17,0.0,8.3322e+19,719.476894,26.823066454080152,8.634897074002064e-12,0.21743436571207836,5.117194271017158,60.67703882117203
NGC0247,3.22,67.4,2.3,8.74,41.49,0.0,9.93692e+19,868.2408460000001,29.465926864770438,8.737524766225353e-12,0.21872267720114166,5.090212007004197,66.47954557065415
NGC0247,3.77,69.8,0.7,10.74,44.33,0.0,1.163422e+20,1019.316094,31.926730086245914,8.761361689911314e-12,0.2190208236943921,5.084013066859959,71.98761241461378
NGC0247,4.31,71.3,1.1,12.87,46.65,0.0,1.3300659999999998e+20,1166.69925,34.15697952102908,8.771739522700376e-12,0.2191505003864219,5.0813221664882,76.99593989718002
NGC0247,4.85,73.2,1.7,14.02,48.71,0.0,1.49671e+20,1287.9858860000002,35.888520253696726,8.605447187497913e-12,0.2170632618942063,5.125026285212396,81.2463015818725
NGC0247,5.38,75.1,3.0,14.25,50.36,0.0,1.660268e+20,1369.682116,37.00921663585977,8.249765194534859e-12,0.21253007580174132,5.222913929626287,84.5797363605279
NGC0247,5.92,78.5,3.8,15.4,51.67,0.0,1.826912e+20,1465.2628940000002,38.278752513633464,8.020434996321664e-12,0.2095552592475091,5.289461159992533,88.0366467273218
NGC0247,6.46,81.4,5.0,17.47,52.6,0.0,1.993556e+20,1577.9105,39.72292159446483,7.915054806586825e-12,0.208174038010533,5.3210082921837465,91.63009797454
NGC0247,6.99,83.5,7.0,20.12,53.23,0.0,2.157114e+20,1708.193534,41.330298014894595,7.918883906923788e-12,0.20822438654983058,5.319850953400318,95.32751439349585
NGC0247,7.53,87.1,7.2,23.34,53.67,0.0,2.323758e+20,1869.7712940000001,43.24085214238961,8.046325366066522e-12,0.20989321422013146,5.281805711854568,99.37690224851501
NGC0247,8.07,90.7,4.8,25.63,54.09,0.0,2.490402e+20,2002.7318260000002,44.75189187062375,8.041801387888383e-12,0.2098342005844261,5.283140721249451,102.86259798237097
NGC0247,8.62,93.1,1.4,27.36,54.75,0.0,2.6601319999999997e+20,2127.44835,46.12427072594211,7.9975292579466e-12,0.20925580853394776,5.296265136991813,106.14862470543723
NGC0247,9.14,95.9,2.1,29.31,55.29,0.0,2.8206040000000003e+20,2265.288786,47.59505001573168,8.031218795690568e-12,0.2096960896878109,5.28626802061934,109.42999436580178
NGC0247,9.69,98.4,5.2,31.5,55.46,0.0,2.9903339999999997e+20,2407.123336,49.06244323308818,8.049680523981605e-12,0.2099369703106654,5.280816345739772,112.74562634071643
NGC0247,10.23,101.0,8.2,33.45,55.35,0.0,3.1569780000000003e+20,2528.16885,50.28089945496202,8.008192803370818e-12,0.20939526819880774,5.293093970719009,115.6798828530467
NGC0247,10.76,103.0,9.4,35.18,54.98,0.0,3.320536e+20,2628.120584,51.26519856588873,7.914748052724016e-12,0.20817000400125657,5.3211010444168,118.25605770689165
NGC0247,11.3,104.0,9.4,36.44,54.45,0.0,3.48718e+20,2691.68275,51.881429722011326,7.71879498620662e-12,0.20557692055900872,5.381478629216378,120.35461435173714
NGC0247,11.84,105.0,8.9,37.01,53.82,0.0,3.653824e+20,2702.172604,51.98242591491859,7.395464598185354e-12,0.201225184585157,5.486314337311762,121.75782643927354
NGC0247,12.38,105.0,8.4,37.01,53.2,0.0,3.820468e+20,2671.6504999999997,51.68801118247828,6.9929927432974165e-12,0.19567310744303193,5.626860009760984,122.60914875533527
NGC0247,12.91,105.0,9.0,36.33,52.54,0.0,3.9840260000000003e+20,2589.676636,50.88886554050896,6.500149938780519e-12,0.18865194647386468,5.81647861289187,122.7305942607619
NGC0247,13.48,106.0,8.4,35.29,51.7,0.0,4.159928e+20,2474.9135,49.74850249002476,5.949414268708496e-12,0.1804831692795466,6.055714950926557,122.42291731616255
NGC0247,14.01,108.0,7.7,34.03,50.9,0.0,4.3234859999999997e+20,2349.8135,48.47487493537245,5.434997360925883e-12,0.17250404055410584,6.311333876196153,121.78036600902894
NGC0247,14.54,107.0,9.2,32.65,50.18,0.0,4.487044e+20,2224.317404,47.16266960213342,4.957199893738506e-12,0.16474711536832795,6.583631730200935,121.01275403449245
DDO064,0.1,6.29,4.62,-1.13,1.96,0.0,3.086e+18,3.0440359999999997,1.744716595897454,9.86401814646792e-13,0.07348971015036981,14.11347076897237,6.554533782482136
DDO064,0.3,13.9,4.62,-2.45,6.31,0.0,9.258e+18,24.317905999999997,4.9313188905200604,2.626691077986606e-12,0.11992344688701137,8.848644141307444,14.669031885430106
DDO064,0.49,15.6,4.62,-0.64,9.67,0.0,1.51214e+19,43.423694,6.589665697135174,2.8716715383496236e-12,0.12539117878227585,8.48548918789114,19.195605901749843
DDO064,0.69,18.4,4.62,2.49,13.92,0.0,2.12934e+19,95.33264400000002,9.763843710342767,4.477098255797572e-12,0.15656616576983504,6.900117854446155,25.647738281882855
DDO064,0.89,22.5,4.62,1.87,15.16,0.0,2.74654e+19,109.216676,10.450678255500932,3.9765186744048885e-12,0.14755404390019902,7.289469574291762,28.215804732583496
DDO064,1.09,26.5,4.62,4.97,16.41,0.0,3.3637400000000004e+19,148.57342599999998,12.18906993990928,4.4169117113688925e-12,0.15551022953086144,6.9433991073909835,32.118601984993376
DDO064,1.29,35.3,4.62,9.29,17.34,0.0,3.98094e+19,224.61487599999998,14.987157035275235,5.6422572558240004e-12,0.1757624286991146,6.2041374097848445,37.330169501166
DDO064,1.48,40.5,4.62,13.62,18.34,0.0,4.56728e+19,340.227976,18.445269745926733,7.449247166803876e-12,0.20195555130075024,5.468402811502161,43.133555621002195
DDO064,1.68,44.2,4.89,16.26,19.12,0.0,5.18448e+19,432.5518240000001,20.797880276605117,8.343205567385736e-12,0.21373029015372677,5.196591315848011,47.41091701552099
DDO064,1.88,46.3,4.62,18.16,19.54,0.0,5.80168e+19,505.418936,22.481524325543408,8.711596227299678e-12,0.21839790713545035,5.09698382992537,50.75541492422345
DDO064,2.08,46.4,4.62,19.64,19.1,0.0,6.41888e+19,553.5422000000001,23.527477552852964,8.623657086594547e-12,0.21729280320408978,5.12017872900236,53.23753373368427
DDO064,2.27,46.3,4.62,20.17,18.77,0.0,7.00522e+19,568.8928340000001,23.851474461760223,8.120984551520154e-12,0.21086473060316746,5.259935822487377,54.7022832861021
DDO064,2.37,46.4,6.73,20.59,18.61,0.0,7.31382e+19,583.260866,24.15079431405932,7.974777421374876e-12,0.20895794498831372,5.303052468100101,55.61531241472533
DDO064,2.98,46.9,8.65,22.17,17.21,0.0,9.19628e+19,627.7535860000002,25.055011195367687,6.826168689948545e-12,0.1933250412207095,5.688736042365396,59.758885953490854
NGC0024,0.21,17.4,6.51,1.51,18.55,0.0,6.4806e+18,160.56725000000003,12.671513327144474,2.477660247507947e-11,0.3683159103053659,3.2456843761966225,22.828723456511035
NGC0024,0.32,31.0,8.86,2.27,25.65,0.0,9.8752e+18,307.79724999999996,17.544151447134738,3.1168710507128955e-11,0.413103639186455,2.9550278353891346,30.158737397414836
NGC0024,0.43,36.1,8.16,3.03,29.58,0.0,1.32698e+19,411.67004399999996,20.28965361951751,3.102307826794677e-11,0.41213741944626076,2.9606231151468596,34.911314041151826
NGC0024,0.54,46.0,8.52,3.84,33.96,0.0,1.6664400000000002e+19,545.255136,23.350698833225525,3.271975804709439e-11,0.4232574830049878,2.8977946371847763,39.7496843886622
NGC0024,0.64,58.0,6.9,4.53,36.83,0.0,1.97504e+19,644.487394,25.386756271725616,3.263161222051199e-11,0.42268697845851005,2.9009363784653135,43.23906713513726
NGC0024,0.74,63.4,9.55,5.28,39.62,0.0,2.28364e+19,749.960824,27.38541261328739,3.284058888441261e-11,0.4240382868678646,2.8935086938828003,46.58345376113185
NGC0024,0.85,71.9,8.52,6.04,43.11,0.0,2.6231e+19,891.3787659999999,29.85596700828831,3.398188273416949e-11,0.43134356326776196,2.854171920825876,50.4395504018188
NGC0024,0.96,76.4,6.82,6.8,46.75,0.0,2.96256e+19,1051.59875,32.428363356789994,3.5496285307301786e-11,0.4408502144966686,2.8049632060600604,54.31110200768119
NGC0024,1.07,78.1,6.65,7.62,50.04,0.0,3.30202e+19,1209.905136,34.78369066099801,3.664136304443948e-11,0.44790448754993,2.769820010241604,57.889718052404525
NGC0024,1.17,80.5,6.14,8.31,52.76,0.0,3.6106199999999996e+19,1349.520196,36.73581625607358,3.737641169660613e-11,0.45237480158199916,2.748126318221401,60.89870251162091
NGC0024,1.28,82.8,5.8,9.07,55.72,0.0,3.95008e+19,1510.435364,38.86431993487085,3.823809553224238e-11,0.45755966163367495,2.7235049250617207,64.13796187002977
NGC0024,1.38,85.6,6.48,9.82,58.31,0.0,4.25868e+19,1660.458206,40.748720298924724,3.8989973559882396e-11,0.46203627468425845,2.7026989517580065,66.9904370249529
NGC0024,1.48,88.0,7.5,10.57,61.08,0.0,4.56728e+19,1827.877444,42.75368339687237,4.002113827048045e-11,0.4681061225716046,2.6751348420303955,69.9272381651518
NGC0024,1.59,92.0,8.52,11.19,63.47,0.0,4.90674e+19,1978.298914,44.47807228286766,4.031798941863641e-11,0.46983897078782977,2.6673987432091044,72.64235704391437
NGC0024,1.7,92.4,8.52,11.92,65.59,0.0,5.2462e+19,2121.0285260000005,46.05462545716772,4.042980683161147e-11,0.47049004247583753,2.664507106081834,75.17642968197731
NGC0024,1.8,95.1,9.2,12.54,66.83,0.0,5.5548e+19,2211.726094,47.02899205809115,3.981648473392382e-11,0.46690772638907796,2.680519143352235,76.99723459202067
NGC0024,1.91,96.5,8.52,13.26,68.03,0.0,5.89426e+19,2304.744814,48.007757852247174,3.910151255628357e-11,0.46269667854694313,2.699664265246187,78.87989106779541
NGC0024,2.02,101.0,8.86,13.88,68.59,0.0,6.23372e+19,2356.7649260000003,48.54652331526945,3.780671775440668e-11,0.4549713931609865,2.735724507584511,80.29607441633617
NGC0024,2.13,99.9,9.55,14.61,69.0,0.0,6.57318e+19,2403.5121,49.02562697202352,3.656543864613474e-11,0.4474401965064593,2.7720984044776413,81.62580509589296
NGC0024,2.23,103.0,8.18,15.23,69.17,0.0,6.88178e+19,2432.8177940000005,49.323602808391854,3.535157755696929e-11,0.4399506894786406,2.809526832926951,82.67446323905075
NGC0024,2.34,104.0,8.52,15.96,69.56,0.0,7.221239999999999e+19,2480.474656,49.8043638248698,3.434970525837668e-11,0.4336717281924817,2.841918147264534,83.96014494220547
NGC0024,2.44,107.0,9.2,16.58,69.75,0.0,7.52984e+19,2512.82515,50.12808743608717,3.337156101590472e-11,0.4274525027570785,2.8749542456739494,84.99563126201711
NGC0024,2.54,107.0,9.55,17.3,69.69,0.0,7.83844e+19,2533.370206,50.33259585993951,3.231982647057323e-11,0.42066280497791514,2.9121531828515157,85.89273606507189
NGC0024,2.65,106.0,11.2,17.92,69.65,0.0,8.1779e+19,2552.6427500000004,50.523685039791,3.1213914941488655e-11,0.41340309575856604,2.9532990972947446,86.82578838853684
NGC0024,2.76,107.0,11.2,18.55,69.52,0.0,8.51736e+19,2567.296484,50.66849597136272,3.0141927592587376e-11,0.4062422737859505,2.9953460483961587,87.69231082832036
NGC0024,7.07,104.0,3.11,26.32,52.21,0.0,2.181802e+20,1946.6490860000004,44.12084638807375,8.922207817207982e-12,0.2210221354149036,5.042837242150323,99.07893069809893
NGC0024,8.49,106.0,2.55,24.76,47.19,0.0,2.620014e+20,1637.429806,40.46516781134115,6.249698688632962e-12,0.18498186043744516,5.921341837366878,98.46716008913495
NGC0024,9.91,109.0,4.95,22.59,43.11,0.0,3.0582260000000003e+20,1365.205266,36.94868422555802,4.4640430955724e-12,0.15633772666639337,6.909431571920028,97.12256363508882
NGC0024,11.27,110.0,2.83,20.52,40.05,0.0,3.477922e+20,1158.91155,34.04278998554613,3.3321953453815235e-12,0.13507184431925418,7.9147199949217155,95.77296287121285
UGC05999,3.48,46.2,5.0,13.28,38.73,0.0,1.073928e+20,866.3643339999999,29.434067574835794,8.067247841568521e-12,0.21016592470571463,5.275646214955706,67.60644732153673
UGC05999,6.94,81.1,5.0,23.37,40.0,0.0,2.141684e+20,1282.1569,35.80721854598595,5.98667637242469e-12,0.18104748409289645,6.038491903987329,87.99030662687505
UGC05999,10.42,91.2,5.0,31.3,39.75,0.0,3.215612e+20,1706.5187500000002,41.31003207454577,5.306979666701081e-12,0.17046032614436513,6.3806658676583465,104.34905816845684
UGC05999,13.89,97.7,5.0,35.52,35.72,0.0,4.286454e+20,1848.5928640000002,42.99526559983087,4.3126389878440315e-12,0.15366365380318123,7.020520052302298,113.92139074930104
UGC05999,16.22,100.0,5.0,46.95,33.5,0.0,5.0054919999999993e+20,2720.5375000000004,52.158772033091424,5.435105080579492e-12,0.17250575002903187,6.311276572428318,131.03459309725315
UGC03205,0.28,107.0,30.2,-1.6,13.69,91.46,8.640800000000001e+18,3936.6399419999993,62.74264850960628,4.555874388945467e-10,1.5793757808708238,1.2596103735942996,70.41755823691179
UGC03205,0.55,121.0,15.6,-2.32,26.0,143.82,1.6973000000000002e+19,9831.070903999998,99.15175693854344,5.792182232958226e-10,1.7808228182507655,1.2026450192267772,108.73494588383666
UGC03205,0.83,134.0,8.69,-3.04,37.95,161.88,2.56138e+19,12726.096574,112.81000210087755,4.96845316743318e-10,1.6493400448499473,1.237894467189739,125.51320463551589
UGC03205,1.39,157.0,12.5,-4.39,60.02,171.18,4.28954e+19,15155.568788,123.10795582739566,3.533145462683644e-10,1.390850215889222,1.3313161707302825,142.04525266294382
UGC03205,1.65,168.0,11.7,-4.98,69.62,173.79,5.0919e+19,16147.758310000001,127.07383015396995,3.171263832753982e-10,1.3176977079470245,1.3656557351351022,148.50009678659137
UGC03205,3.04,207.0,8.04,-7.06,115.86,156.1,9.38144e+19,17433.588416,132.0363147622653,1.8583062318791144e-10,1.0086912299421351,1.5740495158527195,165.65425260397143
UGC03205,3.32,213.0,6.53,-7.33,124.12,149.78,1.024552e+20,17460.047388,132.13647258800273,1.7041641017732628e-10,0.965951474009036,1.6145200283619854,167.89757652829707
UGC03205,3.59,218.0,11.2,-7.54,132.68,144.22,1.107874e+20,17722.411368,133.12554739042392,1.599677523617307e-10,0.9358706437342525,1.6453977395392034,170.76421054802756
UGC03205,3.87,222.0,6.05,-7.69,142.15,138.97,1.194282e+20,18238.006464,135.04816349732417,1.5271105537888034e-10,0.9143971051860577,1.6687753542682995,174.45668716936342
UGC03205,4.15,226.0,5.41,-7.79,153.48,134.27,1.2806900000000002e+20,19189.574018,138.52643797485013,1.4983777508999054e-10,0.9057540008419089,1.6785197440647213,179.4716659236337
UGC03205,4.43,229.0,5.96,-7.83,164.2,129.95,1.3670979999999998e+20,20231.684449999997,142.23812586644974,1.479900083973497e-10,0.9001518960980474,1.6849424173026069,184.63267127809897
UGC03205,4.7,232.0,7.41,-7.81,172.5,126.18,1.45042e+20,21072.711604000004,145.16442954112418,1.4528696242467702e-10,0.8918933486513257,1.6945676490845365,188.9686094636533
UGC03205,4.97,234.0,6.1,-7.72,178.86,122.67,1.533742e+20,21697.459510000004,147.30057538923603,1.4146746656217283e-10,0.8800916311668786,1.708656636913254,192.5448212648632
UGC03205,5.25,235.0,3.89,-7.58,184.4,119.35,1.62015e+20,22251.43635,149.1691534802018,1.3734182853439498e-10,0.8671635523729889,1.724558872941535,195.892603211776
UGC03205,5.52,236.0,9.03,-7.35,190.48,116.43,1.703472e+20,22979.767137999996,151.5907884338623,1.348995882409573e-10,0.8594189296084414,1.7343287292131544,199.63584432175935
UGC03205,5.8,237.0,10.0,-7.05,196.76,113.55,1.78988e+20,23789.428546,154.2382201206951,1.3291074567010077e-10,0.8530601416773094,1.742491111989859,203.59977357728772
UGC03205,6.08,237.0,7.36,-6.7,202.21,110.91,1.876288e+20,24512.249612,156.5638834853045,1.3064225541068327e-10,0.8457488928743875,1.752036963441041,207.23505344732905
UGC03205,6.36,237.0,10.2,-6.27,207.12,108.43,1.962696e+20,25180.962178,158.6851038314561,1.282978218633961e-10,0.8381258678363334,1.762177772904377,210.64978483354167
UGC03205,6.63,236.0,10.4,-5.76,210.37,106.22,2.046018e+20,25580.761238,159.93986756903357,1.2502705859870245e-10,0.8273735066652692,1.7768177346293077,213.19556804257533
UGC03205,6.91,236.0,5.83,-5.16,212.88,104.02,2.132426e+20,25850.130808,160.77975870114994,1.2122404626467695e-10,0.8146930120393966,1.794607956284221,215.38535330663657
UGC03205,7.19,235.0,5.43,-4.56,214.54,101.99,2.218834e+20,25978.304582,161.17786629062937,1.170808838425948e-10,0.800649799718289,1.815004191754375,217.14219237863907
UGC03205,7.27,234.0,8.36,-4.39,214.82,101.43,2.243522e+20,25979.683657999998,161.1821443522824,1.1579865790484783e-10,0.7962535217921949,1.8215451278628372,217.5388843187527
UGC03205,7.46,234.0,7.88,-3.95,215.36,100.13,2.302156e+20,25962.337890000003,161.12832739776084,1.127740165740289e-10,0.7857857115965673,1.8374296082579626,218.41238137679736
UGC03205,8.02,231.0,8.17,1.42,216.46,96.57,2.474972e+20,25845.136790000004,160.76422733307308,1.0442597649589569e-10,0.7561428950631687,1.8849208642903268,220.71709851279877
UGC03205,8.29,229.0,5.82,3.82,216.57,94.99,2.5582939999999997e+20,25740.3983,160.43814477860306,1.0061548164519009e-10,0.7422188989018925,1.908602455143697,221.64879289487828
UGC03205,8.56,228.0,7.21,5.49,216.49,93.48,2.641616e+20,25609.098130000002,160.02842913057668,9.694481760407268e-11,0.728554260361488,1.9327638197336128,222.47772545059814
UGC03205,8.84,226.0,18.2,7.01,215.92,91.98,2.728024e+20,25386.752827999997,159.33220900998015,9.305912568217874e-11,0.7138041805426318,1.9599290435401624,223.06105484546725
UGC03205,9.12,224.0,9.11,8.51,215.26,90.56,2.8144319999999997e+20,25159.891452,158.61869830508633,8.9395982748917e-11,0.6996141822887185,1.9871903016980703,223.60119025888608
UGC03205,9.69,221.0,5.56,11.96,213.03,87.86,2.9903339999999997e+20,24569.575429999997,156.74685141973345,8.216331496749192e-11,0.6707158658295699,2.046422665076134,224.23143408373787
UGC03205,12.11,216.0,3.21,24.01,197.34,78.59,3.737146e+20,21331.433402000002,146.052844552922,5.707947562658778e-11,0.5590357614951209,2.3351397809293584,223.18574936867157
UGC03205,14.58,220.0,1.89,33.03,180.81,71.62,4.499388e+20,18488.953930000003,135.97409286330983,4.1092152821672655e-11,0.47432831489230737,2.6476243011138765,221.2505451456401
UGC03205,14.68,220.0,7.66,33.34,180.14,71.38,4.530248e+20,18382.496639999998,135.58206607070125,4.057724133424925e-11,0.47134712474491886,2.6607129072940476,221.1572880968146
UGC03205,15.2,221.0,9.52,34.96,176.93,70.15,4.69072e+20,17885.815404,133.73786077248283,3.81302132806904e-11,0.45691374253072226,2.7265412132597397,220.8311862753128
UGC03205,15.5,221.0,13.6,35.77,175.4,69.47,4.7833e+20,17651.463714,132.85881120196734,3.6902271891790187e-11,0.4494963353777517,2.7620447355859015,220.80337956344616
UGC03205,15.71,221.0,8.15,36.68,174.35,69.0,4.8481060000000003e+20,17518.526749999997,132.35757156279348,3.613478490363041e-11,0.4447975026024519,2.785158869805561,220.88884119323112
UGC03205,16.02,221.0,4.11,37.49,172.9,68.33,4.943772e+20,17304.663594000005,131.54719150935912,3.500295643488415e-11,0.43777601834675994,2.8206384777848106,220.93030570376354
UGC03205,16.32,221.0,5.37,38.3,171.46,67.7,5.036352e+20,17098.527936000002,130.76133960769903,3.395022416225077e-11,0.4311425899530755,2.855236000255623,220.9532360347856
UGC03205,16.53,221.0,5.06,39.11,170.51,67.27,5.101158e+20,16985.09208,130.3268663016187,3.329654184402835e-11,0.42697177644721024,2.87754851830023,221.077874397229
UGC03205,16.84,221.0,11.4,39.92,169.21,66.64,5.196824e+20,16807.146702000002,129.64238003831926,3.234118896849306e-11,0.4208018051649075,2.911379422111659,221.20574371524498
UGC03205,16.94,221.0,2.56,40.33,168.81,66.45,5.2276840000000007e+20,16766.221456,129.4844448418419,3.207198724329932e-11,0.4190468095527197,2.921187038127959,221.30808569876086
UGC03205,19.4,218.0,1.7,47.22,157.9,62.09,5.98684e+20,15472.014326000002,124.38655203035415,2.5843373676263274e-11,0.3761613815312008,3.1897065571390013,222.1512672657772
UGC03205,21.77,216.0,1.13,52.28,148.59,58.61,6.718222e+20,14469.693692000004,120.29003987030681,2.1537980870533906e-11,0.343401427894885,3.4406045022980543,223.12438966542624
UGC03205,24.23,215.0,1.77,54.82,138.99,55.56,7.477378e+20,13311.593902000002,115.37588093704855,1.780248892325626e-11,0.3122050799888251,3.7289977559096927,222.79789897604323
UGC03205,26.69,212.0,2.47,55.53,130.82,52.94,8.236534e+20,12245.178259999999,110.65793356104206,1.4866906711002466e-11,0.285305347237443,4.028759929608264,222.1100706964865
UGC03205,29.06,208.0,1.44,54.01,124.32,50.73,8.967915999999999e+20,11210.417938,105.87926113266941,1.250058312098374e-11,0.2616162639327289,4.3441688540689105,220.68064810344157
UGC03205,31.52,209.0,2.88,51.78,118.54,48.71,9.727072e+20,10236.390422,101.17504841609912,1.052360918270164e-11,0.2400390829083017,4.685972328272012,219.01470785972492
UGC03205,36.34,220.0,4.09,47.22,109.34,45.37,1.1214524e+21,8676.01775,93.1451434590124,7.736411951144783e-12,0.20581138573801092,5.375956534040155,215.9673454774144
UGC03205,40.04,220.0,6.32,42.76,103.66,43.22,1.2356343999999999e+21,7630.56504,87.35310549717165,6.175422956822828e-12,0.18387934885631207,5.953663254082211,213.14270967249234
NGC3877,0.87,37.8,9.0,0.0,101.87,0.0,2.68482e+19,4773.648574,69.09159553809711,1.7780143823422057e-10,0.9866593550985563,1.5944387824613997,87.24270984000415
NGC3877,1.74,80.1,9.0,0.0,114.98,0.0,5.36964e+19,6081.3841840000005,77.98323014597433,1.1325497024009058e-10,0.7874595210698859,1.8348598408520076,105.63374279090064
NGC3877,2.61,121.0,8.5,0.0,122.0,0.0,8.05446e+19,6846.64,82.74442579412828,8.500433300308152e-11,0.6822132266642084,2.022232316993463,117.6668885915665
NGC3877,3.5,142.0,7.3,8.66,132.74,0.0,1.0801e+20,8180.153096000002,90.44419879682722,7.573514578279792e-11,0.6439443485913868,2.106224018635823,131.26018027914407
NGC3877,4.37,153.0,6.2,14.44,143.94,0.0,1.348582e+20,9739.126456,98.68701260044303,7.221753260832489e-11,0.6288121524619165,2.1423589591057484,144.44620042380976
NGC3877,5.24,160.0,5.3,18.43,159.88,0.0,1.617064e+20,12098.007523999999,109.99094291804211,7.481464879559497e-11,0.6400190841269947,2.115427726767705,159.9764374991327
NGC3877,6.11,162.0,5.3,22.09,181.37,0.0,1.885546e+20,15619.703474,124.97881210029162,8.283915361386038e-11,0.6734687207094776,2.040552631052965,178.52962504900367
NGC3877,6.98,167.0,4.5,25.11,193.57,0.0,2.154028e+20,17866.410754,133.66529375271654,8.294418992696474e-11,0.6738955494442747,2.0396469401248702,190.895704575588
NGC3877,7.85,169.0,5.3,26.73,197.84,0.0,2.42251e+20,18719.199076,136.81812407718505,7.727191663192311e-11,0.6504447991154738,2.091234815295782,197.85408972822333
NGC3877,8.72,171.0,4.9,28.23,200.86,0.0,2.6909920000000003e+20,19355.513116000006,139.12409250737272,7.19270555839631e-11,0.6275462581687874,2.14546349065071,203.78063385216214
NGC3877,9.6,171.0,4.9,29.63,201.7,0.0,2.96256e+20,19592.0663,139.97166248923386,6.613221774411319e-11,0.6017362105515414,2.211702432793896,208.16296668516543
NGC3877,10.47,170.0,5.7,30.28,195.05,0.0,3.2310420000000003e+20,18417.349550000003,135.71053588428572,5.700126940473074e-11,0.5586526547819934,2.336335047615736,207.43456615968057
NGC3877,11.35,169.0,7.0,30.28,189.75,0.0,3.50261e+20,17479.207150000002,132.20895260911797,4.990337819511735e-11,0.5227145345876602,2.4564525606032888,207.21207291307334
ESO563-G021,0.45,18.9,9.78,0.0,65.19,0.0,1.3887e+19,1954.8786060000002,44.21400915999362,1.4077040440699933e-10,0.8779206862838471,1.7112922420048844,57.83916140911038
ESO563-G021,1.34,58.3,10.5,0.0,120.17,0.0,4.13524e+19,6642.781294,81.50325940721635,1.6063834974511757e-10,0.9378302138397294,1.6433214623772965,104.480740188365
ESO563-G021,2.23,74.1,5.69,0.0,137.48,0.0,6.88178e+19,8694.345184,93.24347260800619,1.2633860983640858e-10,0.8317018167272958,1.7708763701221322,124.08307878204329
ESO563-G021,3.12,119.0,4.27,0.0,146.18,0.0,9.62832e+19,9829.552504000001,99.14409969332517,1.0209000639779318e-10,0.7476377446907444,1.8992765125158761,136.63468885824278
ESO563-G021,4.01,141.0,3.76,0.0,157.86,0.0,1.237486e+20,11463.098616000003,107.0658611136155,9.26321478869256e-11,0.7121647446637285,1.9630208658795096,150.0076723732574
ESO563-G021,4.9,195.0,4.54,0.0,175.79,0.0,1.51214e+20,14214.977085999999,119.22657877335908,9.400569448596028e-11,0.7174252939152971,1.9531521408348547,166.6253669986635
ESO563-G021,5.79,227.0,4.2,0.0,199.19,0.0,1.786794e+20,18251.261806000002,135.09723093387223,1.0214530497639909e-10,0.7478402018607118,1.8989308187139082,186.16627923399412
ESO563-G021,6.69,246.0,4.24,0.0,217.87,0.0,2.064534e+20,21834.974974,147.76662334235021,1.0576224452588333e-10,0.7609654389707929,1.876930216835714,202.4419035490237
ESO563-G021,7.58,268.0,5.56,0.0,228.65,0.0,2.339188e+20,24049.178350000002,155.07797506415926,1.0280994238171536e-10,0.7502692741229388,1.8947984186580624,213.46743336538648
ESO563-G021,8.47,283.0,2.96,0.0,241.76,0.0,2.6138420000000003e+20,26886.032896,163.96960967203648,1.0286020691380732e-10,0.7504526577765506,1.8944875780353403,225.6884032114223
ESO563-G021,10.23,291.0,9.81,0.0,260.94,0.0,3.1569780000000003e+20,31321.254456000002,176.97811857967076,9.921277391226673e-11,0.7370270024406537,1.9176723495111516,245.0793822871972
ESO563-G021,12.06,310.0,4.74,0.04,275.04,0.0,3.721716e+20,34797.622336000015,186.54120814447413,9.349886540509814e-11,0.7154886908672679,1.9567675935160567,260.94225360890744
ESO563-G021,13.44,310.0,20.4,0.4,277.98,0.0,4.147584e+20,35545.68498400001,188.53563319436464,8.570214607829524e-11,0.6850076977016193,2.0164800837703636,267.7259155072801
ESO563-G021,15.18,310.0,16.1,3.11,282.25,0.0,4.684548e+20,36655.60085,191.45652469947322,7.824789253947232e-11,0.6545396018351562,2.0819508651294094,276.2519862399107
ESO563-G021,16.83,314.0,13.5,15.18,283.33,0.0,5.193738e+20,37157.341294,192.7623959541902,7.154257934073687e-11,0.6258667794366578,2.1496023305731615,282.6190146530923
ESO563-G021,18.56,317.0,12.7,22.91,276.47,0.0,5.7276159999999993e+20,35685.27211400001,188.90545813713274,6.23038836996056e-11,0.5840595947704268,2.2605511913340894,284.0218026673021
ESO563-G021,20.3,319.0,10.4,33.06,272.19,0.0,6.264580000000001e+20,35173.165806000005,187.54510339115762,5.614608769622226e-11,0.5544461256329538,2.349570583013196,287.47493054042684
ESO563-G021,21.94,318.0,10.8,33.62,273.0,0.0,6.770684e+20,35413.644400000005,188.1851333129161,5.230438224557518e-11,0.5351415124924372,2.41304831643021,292.32658961866287
ESO563-G021,23.68,317.0,9.3,39.67,271.34,0.0,7.307648e+20,35441.390876,188.25884010053818,4.84990394665972e-11,0.5153071541301247,2.4833435815024485,296.6701039057256
ESO563-G021,25.41,317.0,7.23,44.98,261.62,0.0,7.841526e+20,33507.91162400001,183.0516638110673,4.2731365838741085e-11,0.48369655081556034,2.607563629639828,295.59095327145593
ESO563-G021,27.06,312.0,8.39,46.29,252.97,0.0,8.350715999999999e+20,31579.921714,177.70740478100512,3.781702277265806e-11,0.45503339496047834,2.7354301350728125,293.9126903005651
ESO563-G021,28.8,312.0,8.37,43.21,243.84,0.0,8.88768e+20,29217.759076000002,170.93203057355868,3.287444988568445e-11,0.4242568374822193,2.892311906495129,290.70065781938115
ESO563-G021,30.53,311.0,11.5,45.08,233.85,0.0,9.421558e+20,27187.684749999997,164.88688471191392,2.8856888372390202e-11,0.39748830288696574,3.0488344292100007,287.9075360533442
ESO563-G021,32.18,310.0,14.5,52.43,224.75,0.0,9.930747999999999e+20,25984.683650000003,161.1976539841694,2.6165887655189723e-11,0.3785012685786179,3.1734657865466946,287.16111250918755
ESO563-G021,33.91,313.0,15.9,59.7,216.21,0.0,1.0464625999999998e+21,25067.601486,158.3275133575968,2.395460811117378e-11,0.36215471050466463,3.291364637914725,287.23965096824463
ESO563-G021,35.65,320.0,8.83,61.56,208.83,0.0,1.1001589999999999e+21,23850.219294000006,154.43516210371266,2.1678883955864565e-11,0.34452287567727213,3.4312184852007,286.0687213200059
ESO563-G021,37.3,321.0,7.88,63.33,202.65,0.0,1.1510779999999999e+21,22901.51925,151.33247916425609,1.9895714495455565e-11,0.3300497235300406,3.557300838743486,285.4252855591549
ESO563-G021,39.03,320.0,8.0,62.96,196.77,0.0,1.2044658e+21,21774.440734000003,147.5616506210201,1.8078089667635237e-11,0.3146124257739401,3.70468855325753,284.02028332644534
ESO563-G021,40.76,315.0,9.82,62.4,191.39,0.0,1.2578536e+21,20743.620765999996,144.0264585623072,1.6491283855291267e-11,0.3004877949269904,3.8529252353173753,282.7076580518733
ESO563-G021,42.41,312.0,9.07,62.21,186.89,0.0,1.3087725999999998e+21,19936.905265999998,141.19810645330907,1.5233284426950874e-11,0.2887994612585989,3.98664357084341,281.92434304474847
UGC05005,0.78,14.5,8.1,3.09,15.78,0.0,2.40708e+19,124.09196399999999,11.139657265822859,5.155290393339648e-12,0.16800653312924024,6.4661434496141785,28.326603046753743
UGC05005,2.34,32.6,26.8,8.01,29.57,0.0,7.221239999999999e+19,466.377154,21.595767038936128,6.458408168126251e-12,0.1880452413035545,5.833530425469356,52.159613855959556
UGC05005,3.91,48.6,11.3,11.69,39.92,0.0,1.206626e+20,869.715044,29.490931555310354,7.2078261532570986e-12,0.19865603123536274,5.5503703189744416,69.47834602365798
UGC05005,5.47,58.1,6.1,14.84,44.43,0.0,1.688042e+20,1128.2770540000001,33.58983557566187,6.683939463591544e-12,0.19130039075761163,5.743312838315829,80.49874588722089
UGC05005,7.04,65.9,8.71,17.28,44.27,0.0,2.172544e+20,1200.121534,34.642770299154776,5.5240378744918425e-12,0.1739113502626654,6.2645412947419254,86.70761736117552
UGC05005,8.6,72.5,12.2,20.43,44.23,0.0,2.65396e+20,1317.279634,36.29434713560777,4.963449464196898e-12,0.16485093147686825,6.579817799155828,93.09919431584075
UGC05005,10.17,78.6,28.4,23.88,42.94,0.0,3.1384619999999997e+20,1418.4224559999998,37.66194971055003,4.519482651056472e-12,0.15730552084157054,6.870159357881125,98.71569434247589
UGC05005,17.97,97.1,10.0,35.26,33.89,0.0,5.5455419999999997e+20,1771.5923659999999,42.09028826225831,3.194624377563095e-12,0.13225420946075828,8.072213975911202,119.58541991581913
UGC05005,21.07,99.4,10.0,36.58,30.93,0.0,6.502202e+20,1778.1622539999998,42.16826121622754,2.734707802064593e-12,0.12236439521692351,8.682506363277987,124.25339063903138
UGC05005,22.72,100.0,10.0,37.09,29.59,0.0,7.011392e+20,1778.4294260000004,42.17142902487418,2.536485516713372e-12,0.11784625795010029,8.995450439739805,126.48230612286414
UGC05005,28.61,99.1,10.0,39.02,25.82,0.0,8.829046e+20,1829.2297040000003,42.76949501689259,2.071831661087733e-12,0.10650667725580526,9.897956570821558,134.55718549467647
NGC4068,0.21,4.68,3.65,0.92,6.84,0.0,6.4806e+18,22.367776,4.729458319934747,3.45149770083017e-12,0.13746856443946132,7.785842467513565,13.196665498701963
NGC4068,0.64,13.1,3.44,4.01,16.7,0.0,1.97504e+19,144.3695,12.015385969664061,7.309700056707711e-12,0.2000549867879934,5.51528584734652,28.21770827226218
NGC4068,1.06,22.5,2.45,7.7,21.47,0.0,3.27116e+19,271.33201399999996,16.47215875348462,8.294672654348917e-12,0.21310774270744032,5.210207623486776,37.59915062656098
NGC4068,1.48,30.4,1.71,12.5,23.36,0.0,4.56728e+19,407.26721599999996,20.18086261783673,8.917062584295246e-12,0.2209583970226264,5.0441370767209275,45.32451504824415
NGC4068,1.91,36.0,1.7,17.24,23.95,0.0,5.89426e+19,561.07475,23.687016485830377,9.519002385371531e-12,0.22829443287919318,4.8993163346687245,52.42978817089738
NGC4068,2.33,41.9,4.97,19.86,22.61,0.0,7.19038e+19,629.577166,25.091376327336054,8.75582606204401e-12,0.21895162158934867,5.085450378280683,56.58342015989826
